fiscal_year,direction,fund_code,fund_label,kan_code,kan_name,kou_code,kou_name,moku_code,moku_name,name_source,master_kan_code,master_kan_name,master_kou_code,master_kou_name,master_kind,master_basis
2021,expenditure,"",一般会計,01,議会費,01,議会費,01,議会費,source-csv,1,議会費,1,議会費,map,項の名称がマスタと完全一致（款は account_map の対応を介す）
2021,expenditure,"",一般会計,02,総務費,01,総務管理費,01,一般管理費,source-csv,2,総務費,1,総務管理費,map,項の名称がマスタと完全一致（款は account_map の対応を介す）
2021,expenditure,"",一般会計,02,総務費,01,総務管理費,02,人事管理費,source-csv,2,総務費,1,総務管理費,map,項の名称がマスタと完全一致（款は account_map の対応を介す）
2021,expenditure,"",一般会計,02,総務費,01,総務管理費,03,文書広報費,source-csv,2,総務費,1,総務管理費,map,項の名称がマスタと完全一致（款は account_map の対応を介す）
2021,expenditure,"",一般会計,02,総務費,01,総務管理費,04,財政管理費,source-csv,2,総務費,1,総務管理費,map,項の名称がマスタと完全一致（款は account_map の対応を介す）
2021,expenditure,"",一般会計,02,総務費,01,総務管理費,05,会計管理費,source-csv,2,総務費,1,総務管理費,map,項の名称がマスタと完全一致（款は account_map の対応を介す）
2021,expenditure,"",一般会計,02,総務費,01,総務管理費,06,財産管理費,source-csv,2,総務費,1,総務管理費,map,項の名称がマスタと完全一致（款は account_map の対応を介す）
2021,expenditure,"",一般会計,02,総務費,01,総務管理費,07,企画費,source-csv,2,総務費,1,総務管理費,map,項の名称がマスタと完全一致（款は account_map の対応を介す）
2021,expenditure,"",一般会計,02,総務費,01,総務管理費,08,財政調整基金費,source-csv,2,総務費,1,総務管理費,map,項の名称がマスタと完全一致（款は account_map の対応を介す）
2021,expenditure,"",一般会計,02,総務費,01,総務管理費,09,青少年対策費,source-csv,2,総務費,1,総務管理費,map,項の名称がマスタと完全一致（款は account_map の対応を介す）
2021,expenditure,"",一般会計,02,総務費,01,総務管理費,10,交通安全対策費,source-csv,2,総務費,1,総務管理費,map,項の名称がマスタと完全一致（款は account_map の対応を介す）
2021,expenditure,"",一般会計,02,総務費,01,総務管理費,11,複合文化施設費,source-csv,2,総務費,1,総務管理費,map,項の名称がマスタと完全一致（款は account_map の対応を介す）
2021,expenditure,"",一般会計,02,総務費,01,総務管理費,12,文化推進費,source-csv,2,総務費,1,総務管理費,map,項の名称がマスタと完全一致（款は account_map の対応を介す）
2021,expenditure,"",一般会計,02,総務費,01,総務管理費,13,地域振興費,source-csv,2,総務費,1,総務管理費,map,項の名称がマスタと完全一致（款は account_map の対応を介す）
2021,expenditure,"",一般会計,02,総務費,01,総務管理費,15,出張所費,source-csv,2,総務費,1,総務管理費,map,項の名称がマスタと完全一致（款は account_map の対応を介す）
2021,expenditure,"",一般会計,02,総務費,01,総務管理費,16,防犯対策費,source-csv,2,総務費,1,総務管理費,map,項の名称がマスタと完全一致（款は account_map の対応を介す）
2021,expenditure,"",一般会計,02,総務費,01,総務管理費,17,諸費,source-csv,2,総務費,1,総務管理費,map,項の名称がマスタと完全一致（款は account_map の対応を介す）
2021,expenditure,"",一般会計,02,総務費,02,徴税費,01,税務総務費,source-csv,2,総務費,2,徴税費,map,項の名称がマスタと完全一致（款は account_map の対応を介す）
2021,expenditure,"",一般会計,02,総務費,02,徴税費,02,賦課徴収費,source-csv,2,総務費,2,徴税費,map,項の名称がマスタと完全一致（款は account_map の対応を介す）
2021,expenditure,"",一般会計,02,総務費,03,戸籍住民基本台帳費,01,戸籍住民基本台帳費,source-csv,2,総務費,3,戸籍住民基本台帳費,map,項の名称がマスタと完全一致（款は account_map の対応を介す）
2021,expenditure,"",一般会計,02,総務費,04,選挙費,01,選挙管理委員会費,source-csv,2,総務費,4,選挙費,map,項の名称がマスタと完全一致（款は account_map の対応を介す）
2021,expenditure,"",一般会計,02,総務費,04,選挙費,02,選挙常時啓発費,source-csv,2,総務費,4,選挙費,map,項の名称がマスタと完全一致（款は account_map の対応を介す）
2021,expenditure,"",一般会計,02,総務費,04,選挙費,04,市長選挙費,source-csv,2,総務費,4,選挙費,map,項の名称がマスタと完全一致（款は account_map の対応を介す）
2021,expenditure,"",一般会計,02,総務費,04,選挙費,05,都知事選挙費,source-csv,2,総務費,4,選挙費,map,項の名称がマスタと完全一致（款は account_map の対応を介す）
2021,expenditure,"",一般会計,02,総務費,04,選挙費,07,東京都議会議員選挙費,source-csv,2,総務費,4,選挙費,map,項の名称がマスタと完全一致（款は account_map の対応を介す）
2021,expenditure,"",一般会計,02,総務費,04,選挙費,08,衆議院議員選挙費,source-csv,2,総務費,4,選挙費,map,項の名称がマスタと完全一致（款は account_map の対応を介す）
2021,expenditure,"",一般会計,02,総務費,05,統計調査費,01,統計総務費,source-csv,2,総務費,5,統計調査費,map,項の名称がマスタと完全一致（款は account_map の対応を介す）
2021,expenditure,"",一般会計,02,総務費,05,統計調査費,02,基幹統計費,source-csv,2,総務費,5,統計調査費,map,項の名称がマスタと完全一致（款は account_map の対応を介す）
2021,expenditure,"",一般会計,02,総務費,06,監査委員費,01,監査委員費,source-csv,2,総務費,6,監査委員費,map,項の名称がマスタと完全一致（款は account_map の対応を介す）
2021,expenditure,"",一般会計,03,民生費,01,社会福祉費,01,社会福祉総務費,source-csv,3,民生費,1,社会福祉費,map,項の名称がマスタと完全一致（款は account_map の対応を介す）
2021,expenditure,"",一般会計,03,民生費,01,社会福祉費,02,障害者福祉費,source-csv,3,民生費,1,社会福祉費,map,項の名称がマスタと完全一致（款は account_map の対応を介す）
2021,expenditure,"",一般会計,03,民生費,01,社会福祉費,03,老人福祉費,source-csv,3,民生費,1,社会福祉費,map,項の名称がマスタと完全一致（款は account_map の対応を介す）
2021,expenditure,"",一般会計,03,民生費,01,社会福祉費,04,社会福祉施設費,source-csv,3,民生費,1,社会福祉費,map,項の名称がマスタと完全一致（款は account_map の対応を介す）
2021,expenditure,"",一般会計,03,民生費,02,児童福祉費,01,児童福祉総務費,source-csv,3,民生費,2,児童福祉費,map,項の名称がマスタと完全一致（款は account_map の対応を介す）
2021,expenditure,"",一般会計,03,民生費,02,児童福祉費,02,児童措置費,source-csv,3,民生費,2,児童福祉費,map,項の名称がマスタと完全一致（款は account_map の対応を介す）
2021,expenditure,"",一般会計,03,民生費,02,児童福祉費,03,母子福祉費,source-csv,3,民生費,2,児童福祉費,map,項の名称がマスタと完全一致（款は account_map の対応を介す）
2021,expenditure,"",一般会計,03,民生費,02,児童福祉費,04,児童福祉施設費,source-csv,3,民生費,2,児童福祉費,map,項の名称がマスタと完全一致（款は account_map の対応を介す）
2021,expenditure,"",一般会計,03,民生費,03,生活保護費,01,生活保護総務費,source-csv,3,民生費,3,生活保護費,map,項の名称がマスタと完全一致（款は account_map の対応を介す）
2021,expenditure,"",一般会計,03,民生費,03,生活保護費,02,扶助費,source-csv,3,民生費,3,生活保護費,map,項の名称がマスタと完全一致（款は account_map の対応を介す）
2021,expenditure,"",一般会計,03,民生費,04,国民年金費,01,国民年金総務費,source-csv,3,民生費,,,addition,法定の民生費の項に無いが様式の備考1が行政権能の差による項の追加を認めている。国民年金事務は法定受託事務として市町村が担う。⚠️ コードのゼロ埋めが年度で変わる（R3 は01・R4 は1）ため両表記を登録する
2021,expenditure,"",一般会計,03,民生費,05,災害救助費,01,災害救助費,source-csv,3,民生費,4,災害救助費,map,項の名称がマスタと完全一致（款は account_map の対応を介す）
2021,expenditure,"",一般会計,04,衛生費,01,保健衛生費,01,保健衛生総務費,source-csv,4,衛生費,1,保健衛生費,map,項の名称がマスタと完全一致（款は account_map の対応を介す）
2021,expenditure,"",一般会計,04,衛生費,01,保健衛生費,02,予防費,source-csv,4,衛生費,1,保健衛生費,map,項の名称がマスタと完全一致（款は account_map の対応を介す）
2021,expenditure,"",一般会計,04,衛生費,01,保健衛生費,03,環境衛生費,source-csv,4,衛生費,1,保健衛生費,map,項の名称がマスタと完全一致（款は account_map の対応を介す）
2021,expenditure,"",一般会計,04,衛生費,01,保健衛生費,04,環境保全費,source-csv,4,衛生費,1,保健衛生費,map,項の名称がマスタと完全一致（款は account_map の対応を介す）
2021,expenditure,"",一般会計,04,衛生費,01,保健衛生費,05,公害対策費,source-csv,4,衛生費,1,保健衛生費,map,項の名称がマスタと完全一致（款は account_map の対応を介す）
2021,expenditure,"",一般会計,04,衛生費,02,清掃費,01,清掃総務費,source-csv,4,衛生費,2,清掃費,map,項の名称がマスタと完全一致（款は account_map の対応を介す）
2021,expenditure,"",一般会計,04,衛生費,02,清掃費,02,塵芥処理費,source-csv,4,衛生費,2,清掃費,map,項の名称がマスタと完全一致（款は account_map の対応を介す）
2021,expenditure,"",一般会計,04,衛生費,02,清掃費,03,し尿処理費,source-csv,4,衛生費,2,清掃費,map,項の名称がマスタと完全一致（款は account_map の対応を介す）
2021,expenditure,"",一般会計,05,労働費,01,労働諸費,01,労働諸費,source-csv,5,労働費,2,労働諸費,map,項の名称がマスタと完全一致（款は account_map の対応を介す）
2021,expenditure,"",一般会計,06,農林業費,01,農業費,01,農業委員会費,source-csv,6,農林水産業費,1,農業費,map,項の名称がマスタと完全一致（款は account_map の対応を介す）
2021,expenditure,"",一般会計,06,農林業費,01,農業費,02,農業総務費,source-csv,6,農林水産業費,1,農業費,map,項の名称がマスタと完全一致（款は account_map の対応を介す）
2021,expenditure,"",一般会計,06,農林業費,01,農業費,03,農業振興費,source-csv,6,農林水産業費,1,農業費,map,項の名称がマスタと完全一致（款は account_map の対応を介す）
2021,expenditure,"",一般会計,07,商工費,01,商工費,01,商工総務費,source-csv,7,商工費,1,商工費,map,項の名称がマスタと完全一致（款は account_map の対応を介す）
2021,expenditure,"",一般会計,07,商工費,01,商工費,02,商工振興費,source-csv,7,商工費,1,商工費,map,項の名称がマスタと完全一致（款は account_map の対応を介す）
2021,expenditure,"",一般会計,07,商工費,01,商工費,03,消費者対策費,source-csv,7,商工費,1,商工費,map,項の名称がマスタと完全一致（款は account_map の対応を介す）
2021,expenditure,"",一般会計,08,土木費,01,土木管理費,01,土木総務費,source-csv,8,土木費,1,土木管理費,map,項の名称がマスタと完全一致（款は account_map の対応を介す）
2021,expenditure,"",一般会計,08,土木費,02,道路橋りょう費,01,道路橋りょう総務費,source-csv,8,土木費,2,道路橋りよう費,map,マスタの表記は「道路橋りよう費」（拗音を大書きする様式の記法）。同じ項。⚠️ コードのゼロ埋めが年度で変わる（R3 は01・R4 は1）ため両表記を登録する
2021,expenditure,"",一般会計,08,土木費,02,道路橋りょう費,02,道路維持費,source-csv,8,土木費,2,道路橋りよう費,map,マスタの表記は「道路橋りよう費」（拗音を大書きする様式の記法）。同じ項。⚠️ コードのゼロ埋めが年度で変わる（R3 は01・R4 は1）ため両表記を登録する
2021,expenditure,"",一般会計,08,土木費,02,道路橋りょう費,03,道路新設改良費,source-csv,8,土木費,2,道路橋りよう費,map,マスタの表記は「道路橋りよう費」（拗音を大書きする様式の記法）。同じ項。⚠️ コードのゼロ埋めが年度で変わる（R3 は01・R4 は1）ため両表記を登録する
2021,expenditure,"",一般会計,08,土木費,02,道路橋りょう費,04,交通安全施設費,source-csv,8,土木費,2,道路橋りよう費,map,マスタの表記は「道路橋りよう費」（拗音を大書きする様式の記法）。同じ項。⚠️ コードのゼロ埋めが年度で変わる（R3 は01・R4 は1）ため両表記を登録する
2021,expenditure,"",一般会計,08,土木費,02,道路橋りょう費,05,橋りょう維持費,source-csv,8,土木費,2,道路橋りよう費,map,マスタの表記は「道路橋りよう費」（拗音を大書きする様式の記法）。同じ項。⚠️ コードのゼロ埋めが年度で変わる（R3 は01・R4 は1）ため両表記を登録する
2021,expenditure,"",一般会計,08,土木費,03,都市計画費,01,都市計画総務費,source-csv,8,土木費,5,都市計画費,map,項の名称がマスタと完全一致（款は account_map の対応を介す）
2021,expenditure,"",一般会計,08,土木費,03,都市計画費,04,公園費,source-csv,8,土木費,5,都市計画費,map,項の名称がマスタと完全一致（款は account_map の対応を介す）
2021,expenditure,"",一般会計,08,土木費,03,都市計画費,05,緑化推進対策費,source-csv,8,土木費,5,都市計画費,map,項の名称がマスタと完全一致（款は account_map の対応を介す）
2021,expenditure,"",一般会計,08,土木費,04,住宅費,01,住宅管理費,source-csv,8,土木費,6,住宅費,map,項の名称がマスタと完全一致（款は account_map の対応を介す）
2021,expenditure,"",一般会計,09,消防費,01,消防費,01,常備消防費,source-csv,9,消防費,1,消防費,map,項の名称がマスタと完全一致（款は account_map の対応を介す）
2021,expenditure,"",一般会計,09,消防費,01,消防費,02,非常備消防費,source-csv,9,消防費,1,消防費,map,項の名称がマスタと完全一致（款は account_map の対応を介す）
2021,expenditure,"",一般会計,09,消防費,01,消防費,03,消防施設費,source-csv,9,消防費,1,消防費,map,項の名称がマスタと完全一致（款は account_map の対応を介す）
2021,expenditure,"",一般会計,09,消防費,01,消防費,04,水防費,source-csv,9,消防費,1,消防費,map,項の名称がマスタと完全一致（款は account_map の対応を介す）
2021,expenditure,"",一般会計,09,消防費,01,消防費,05,災害対策費,source-csv,9,消防費,1,消防費,map,項の名称がマスタと完全一致（款は account_map の対応を介す）
2021,expenditure,"",一般会計,10,教育費,01,教育総務費,01,教育委員会費,source-csv,10,教育費,1,教育総務費,map,項の名称がマスタと完全一致（款は account_map の対応を介す）
2021,expenditure,"",一般会計,10,教育費,01,教育総務費,02,事務局費,source-csv,10,教育費,1,教育総務費,map,項の名称がマスタと完全一致（款は account_map の対応を介す）
2021,expenditure,"",一般会計,10,教育費,01,教育総務費,03,教育指導費,source-csv,10,教育費,1,教育総務費,map,項の名称がマスタと完全一致（款は account_map の対応を介す）
2021,expenditure,"",一般会計,10,教育費,02,小学校費,01,学校管理費,source-csv,10,教育費,2,小学校費,map,項の名称がマスタと完全一致（款は account_map の対応を介す）
2021,expenditure,"",一般会計,10,教育費,02,小学校費,02,教育振興費,source-csv,10,教育費,2,小学校費,map,項の名称がマスタと完全一致（款は account_map の対応を介す）
2021,expenditure,"",一般会計,10,教育費,02,小学校費,03,学校保健衛生費,source-csv,10,教育費,2,小学校費,map,項の名称がマスタと完全一致（款は account_map の対応を介す）
2021,expenditure,"",一般会計,10,教育費,02,小学校費,04,学校建設費,source-csv,10,教育費,2,小学校費,map,項の名称がマスタと完全一致（款は account_map の対応を介す）
2021,expenditure,"",一般会計,10,教育費,03,中学校費,01,学校管理費,source-csv,10,教育費,3,中学校費,map,項の名称がマスタと完全一致（款は account_map の対応を介す）
2021,expenditure,"",一般会計,10,教育費,03,中学校費,02,教育振興費,source-csv,10,教育費,3,中学校費,map,項の名称がマスタと完全一致（款は account_map の対応を介す）
2021,expenditure,"",一般会計,10,教育費,03,中学校費,03,学校保健衛生費,source-csv,10,教育費,3,中学校費,map,項の名称がマスタと完全一致（款は account_map の対応を介す）
2021,expenditure,"",一般会計,10,教育費,03,中学校費,04,学校建設費,source-csv,10,教育費,3,中学校費,map,項の名称がマスタと完全一致（款は account_map の対応を介す）
2021,expenditure,"",一般会計,10,教育費,04,幼稚園費,01,幼稚園費,source-csv,10,教育費,5,幼稚園費,map,項の名称がマスタと完全一致（款は account_map の対応を介す）
2021,expenditure,"",一般会計,10,教育費,05,社会教育費,01,社会教育総務費,source-csv,10,教育費,6,社会教育費,map,項の名称がマスタと完全一致（款は account_map の対応を介す）
2021,expenditure,"",一般会計,10,教育費,05,社会教育費,02,公民館費,source-csv,10,教育費,6,社会教育費,map,項の名称がマスタと完全一致（款は account_map の対応を介す）
2021,expenditure,"",一般会計,10,教育費,05,社会教育費,03,図書館費,source-csv,10,教育費,6,社会教育費,map,項の名称がマスタと完全一致（款は account_map の対応を介す）
2021,expenditure,"",一般会計,10,教育費,05,社会教育費,04,社会教育施設費,source-csv,10,教育費,6,社会教育費,map,項の名称がマスタと完全一致（款は account_map の対応を介す）
2021,expenditure,"",一般会計,10,教育費,06,保健体育費,01,保健体育総務費,source-csv,10,教育費,7,保健体育費,map,項の名称がマスタと完全一致（款は account_map の対応を介す）
2021,expenditure,"",一般会計,10,教育費,06,保健体育費,02,体育施設費,source-csv,10,教育費,7,保健体育費,map,項の名称がマスタと完全一致（款は account_map の対応を介す）
2021,expenditure,"",一般会計,10,教育費,06,保健体育費,03,学校給食費,source-csv,10,教育費,7,保健体育費,map,項の名称がマスタと完全一致（款は account_map の対応を介す）
2021,expenditure,"",一般会計,11,災害復旧費,01,公共土木施設災害復旧費,01,道路橋りょう災害復旧費,source-csv,11,災害復旧費,2,何施設災害復旧費,map,マスタの「何施設災害復旧費」の「何」に施設の種類を入れた形。様式の「何税」「何寄附金」と同じ記法。⚠️ コードのゼロ埋めが年度で変わる（R3 は01・R4 は1）ため両表記を登録する
2021,expenditure,"",一般会計,11,災害復旧費,02,公園施設災害復旧費,01,公園施設災害復旧費,source-csv,11,災害復旧費,2,何施設災害復旧費,map,マスタの「何施設災害復旧費」の「何」に施設の種類を入れた形。⚠️ コードのゼロ埋めが年度で変わる（R3 は01・R4 は1）ため両表記を登録する
2021,expenditure,"",一般会計,11,災害復旧費,03,文教施設災害復旧費,01,教育施設災害復旧費,source-csv,11,災害復旧費,2,何施設災害復旧費,map,マスタの「何施設災害復旧費」の「何」に施設の種類を入れた形。⚠️ コードのゼロ埋めが年度で変わる（R3 は01・R4 は1）ため両表記を登録する
2021,expenditure,"",一般会計,11,災害復旧費,03,文教施設災害復旧費,02,社会教育施設災害復旧費,source-csv,11,災害復旧費,2,何施設災害復旧費,map,マスタの「何施設災害復旧費」の「何」に施設の種類を入れた形。⚠️ コードのゼロ埋めが年度で変わる（R3 は01・R4 は1）ため両表記を登録する
2021,expenditure,"",一般会計,11,災害復旧費,04,その他公共、公用施設災害復旧費,01,その他公共施設、公用施設災害復旧費,source-csv,11,災害復旧費,2,何施設災害復旧費,map,マスタの「何施設災害復旧費」の「何」に施設の種類を入れた形。⚠️ コードのゼロ埋めが年度で変わる（R3 は01・R4 は1）ため両表記を登録する
2021,expenditure,"",一般会計,12,公債費,01,公債費,01,元金,source-csv,12,公債費,1,公債費,map,項の名称がマスタと完全一致（款は account_map の対応を介す）
2021,expenditure,"",一般会計,12,公債費,01,公債費,02,利子,source-csv,12,公債費,1,公債費,map,項の名称がマスタと完全一致（款は account_map の対応を介す）
2021,expenditure,"",一般会計,13,諸支出金,01,小切手支払未済償還金,01,小切手支払未済償還金,source-csv,13,諸支出金,,,addition,法定の諸支出金の項に無いが様式の備考1が行政権能の差による項の追加を認めている。歳計現金の戻入にあたる。⚠️ コードのゼロ埋めが年度で変わる（R3 は01・R4 は1）ため両表記を登録する
2021,expenditure,"",一般会計,14,予備費,01,予備費,01,予備費,source-csv,14,予備費,1,予備費,map,項の名称がマスタと完全一致（款は account_map の対応を介す）
2021,revenue,"",一般会計,01,市税,01,市民税,01,個人,source-csv,1,市(町村)税,1,市町村民税,map,マスタの表記は「市町村民税」。マスタの「市(町村)」「都(道府県)」は市か町村か（都か道府県か）で読み替える様式の記法。市の読みで同じ項。⚠️ コードのゼロ埋めが年度で変わる（R3 は01・R4 は1）ため両表記を登録する
2021,revenue,"",一般会計,01,市税,01,市民税,02,法人,source-csv,1,市(町村)税,1,市町村民税,map,マスタの表記は「市町村民税」。マスタの「市(町村)」「都(道府県)」は市か町村か（都か道府県か）で読み替える様式の記法。市の読みで同じ項。⚠️ コードのゼロ埋めが年度で変わる（R3 は01・R4 は1）ため両表記を登録する
2021,revenue,"",一般会計,01,市税,02,固定資産税,01,固定資産税,source-csv,1,市(町村)税,2,固定資産税,map,項の名称がマスタと完全一致（款は account_map の対応を介す）
2021,revenue,"",一般会計,01,市税,02,固定資産税,02,国有資産等所在市町村交付金,source-csv,1,市(町村)税,2,固定資産税,map,項の名称がマスタと完全一致（款は account_map の対応を介す）
2021,revenue,"",一般会計,01,市税,03,軽自動車税,01,種別割,source-csv,1,市(町村)税,3,軽自動車税,map,項の名称がマスタと完全一致（款は account_map の対応を介す）
2021,revenue,"",一般会計,01,市税,03,軽自動車税,02,環境性能割,source-csv,1,市(町村)税,3,軽自動車税,map,項の名称がマスタと完全一致（款は account_map の対応を介す）
2021,revenue,"",一般会計,01,市税,04,市たばこ税,01,市たばこ税,source-csv,1,市(町村)税,4,市町村たばこ税,map,マスタの表記は「市町村たばこ税」。市の読みで同じ項。⚠️ コードのゼロ埋めが年度で変わる（R3 は01・R4 は1）ため両表記を登録する
2021,revenue,"",一般会計,01,市税,05,都市計画税,01,都市計画税,source-csv,1,市(町村)税,9,都市計画税,map,項の名称がマスタと完全一致（款は account_map の対応を介す）
2021,revenue,"",一般会計,02,地方譲与税,01,地方揮発油譲与税,01,地方揮発油譲与税,source-csv,2,地方譲与税,1,地方揮発油譲与税,map,項の名称がマスタと完全一致（款は account_map の対応を介す）
2021,revenue,"",一般会計,02,地方譲与税,02,自動車重量譲与税,01,自動車重量譲与税,source-csv,2,地方譲与税,2,自動車重量譲与税,map,項の名称がマスタと完全一致（款は account_map の対応を介す）
2021,revenue,"",一般会計,02,地方譲与税,03,地方道路譲与税,01,地方道路譲与税,source-csv,2,地方譲与税,3,地方道路譲与税,map,項の名称がマスタと完全一致（款は account_map の対応を介す）
2021,revenue,"",一般会計,02,地方譲与税,04,森林環境譲与税,01,森林環境譲与税,source-csv,2,地方譲与税,4,森林環境譲与税,map,項の名称がマスタと完全一致（款は account_map の対応を介す）
2021,revenue,"",一般会計,03,利子割交付金,01,利子割交付金,01,利子割交付金,source-csv,3,利子割交付金,1,利子割交付金,map,項の名称がマスタと完全一致（款は account_map の対応を介す）
2021,revenue,"",一般会計,04,配当割交付金,01,配当割交付金,01,配当割交付金,source-csv,4,配当割交付金,1,配当割交付金,map,項の名称がマスタと完全一致（款は account_map の対応を介す）
2021,revenue,"",一般会計,05,株式等譲渡所得割交付金,01,株式等譲渡所得割交付金,01,株式等譲渡所得割交付金,source-csv,5,株式等譲渡所得割交付金,1,株式等譲渡所得割交付金,map,項の名称がマスタと完全一致（款は account_map の対応を介す）
2021,revenue,"",一般会計,06,法人事業税交付金,01,法人事業税交付金,01,法人事業税交付金,source-csv,6,法人事業税交付金,1,法人事業税交付金,map,項の名称がマスタと完全一致（款は account_map の対応を介す）
2021,revenue,"",一般会計,07,地方消費税交付金,01,地方消費税交付金,01,地方消費税交付金,source-csv,7,地方消費税交付金,1,地方消費税交付金,map,項の名称がマスタと完全一致（款は account_map の対応を介す）
2021,revenue,"",一般会計,08,ゴルフ場利用税交付金,01,ゴルフ場利用税交付金,01,ゴルフ場利用税交付金,source-csv,,,,,addition,款そのものが様式の歳入の備考2による条件付きの挿入なので対応先のマスタが無い。⚠️ コードのゼロ埋めが年度で変わる（R3 は01・R4 は1）ため両表記を登録する
2021,revenue,"",一般会計,09,環境性能割交付金,01,環境性能割交付金,01,環境性能割交付金,source-csv,8,環境性能割交付金,1,環境性能割交付金,map,項の名称がマスタと完全一致（款は account_map の対応を介す）
2021,revenue,"",一般会計,09,環境性能割交付金,01,環境性能割交付金,02,旧法による自動車取得税交付金,source-csv,8,環境性能割交付金,1,環境性能割交付金,map,項の名称がマスタと完全一致（款は account_map の対応を介す）
2021,revenue,"",一般会計,10,国有提供施設等所在市町村助成交付金,01,国有提供施設等所在市町村助成交付金,01,国有提供施設等所在市町村助成交付金,source-csv,,,,,addition,款そのものが様式の歳入の備考2による条件付きの挿入なので対応先のマスタが無い。⚠️ コードのゼロ埋めが年度で変わる（R3 は01・R4 は1）ため両表記を登録する
2021,revenue,"",一般会計,10,国有提供施設等所在市町村助成交付金,01,国有提供施設等所在市町村助成交付金,02,施設等所在市町村調整交付金,source-csv,,,,,addition,款そのものが様式の歳入の備考2による条件付きの挿入なので対応先のマスタが無い。⚠️ コードのゼロ埋めが年度で変わる（R3 は01・R4 は1）ため両表記を登録する
2021,revenue,"",一般会計,11,地方特例交付金,01,地方特例交付金,01,地方特例交付金,source-csv,9,地方特例交付金,1,地方特例交付金,map,項の名称がマスタと完全一致（款は account_map の対応を介す）
2021,revenue,"",一般会計,11,地方特例交付金,02,新型コロナウイルス感染症対策地方税減収補てん特別交付金,01,新型コロナウイルス感染症対策地方税減収補てん特別交付金,source-csv,9,地方特例交付金,,,addition,現行の法定様式に無い時限の交付金（令和2年度の税制対応）。地方特例交付金の款の下に市が計上した区分。⚠️ コードのゼロ埋めが年度で変わる（R3 は01・R4 は1）ため両表記を登録する。⚠️ 三鷹市は「補填」で多摩市は「補てん」と原典の表記が違う
2021,revenue,"",一般会計,12,地方交付税,01,地方交付税,01,地方交付税,source-csv,10,地方交付税,1,地方交付税,map,項の名称がマスタと完全一致（款は account_map の対応を介す）
2021,revenue,"",一般会計,13,交通安全対策特別交付金,01,交通安全対策特別交付金,01,交通安全対策特別交付金,source-csv,11,交通安全対策特別交付金,1,交通安全対策特別交付金,map,項の名称がマスタと完全一致（款は account_map の対応を介す）
2021,revenue,"",一般会計,14,分担金及び負担金,01,負担金,01,民生費負担金,source-csv,12,分担金及び負担金,2,負担金,map,項の名称がマスタと完全一致（款は account_map の対応を介す）
2021,revenue,"",一般会計,14,分担金及び負担金,01,負担金,02,衛生費負担金,source-csv,12,分担金及び負担金,2,負担金,map,項の名称がマスタと完全一致（款は account_map の対応を介す）
2021,revenue,"",一般会計,14,分担金及び負担金,01,負担金,03,土木費負担金,source-csv,12,分担金及び負担金,2,負担金,map,項の名称がマスタと完全一致（款は account_map の対応を介す）
2021,revenue,"",一般会計,15,使用料及び手数料,01,使用料,01,総務使用料,source-csv,13,使用料及び手数料,1,使用料,map,項の名称がマスタと完全一致（款は account_map の対応を介す）
2021,revenue,"",一般会計,15,使用料及び手数料,01,使用料,02,民生使用料,source-csv,13,使用料及び手数料,1,使用料,map,項の名称がマスタと完全一致（款は account_map の対応を介す）
2021,revenue,"",一般会計,15,使用料及び手数料,01,使用料,03,衛生使用料,source-csv,13,使用料及び手数料,1,使用料,map,項の名称がマスタと完全一致（款は account_map の対応を介す）
2021,revenue,"",一般会計,15,使用料及び手数料,01,使用料,04,商工使用料,source-csv,13,使用料及び手数料,1,使用料,map,項の名称がマスタと完全一致（款は account_map の対応を介す）
2021,revenue,"",一般会計,15,使用料及び手数料,01,使用料,05,土木使用料,source-csv,13,使用料及び手数料,1,使用料,map,項の名称がマスタと完全一致（款は account_map の対応を介す）
2021,revenue,"",一般会計,15,使用料及び手数料,01,使用料,06,教育使用料,source-csv,13,使用料及び手数料,1,使用料,map,項の名称がマスタと完全一致（款は account_map の対応を介す）
2021,revenue,"",一般会計,15,使用料及び手数料,02,手数料,01,総務手数料,source-csv,13,使用料及び手数料,2,手数料,map,項の名称がマスタと完全一致（款は account_map の対応を介す）
2021,revenue,"",一般会計,15,使用料及び手数料,02,手数料,02,衛生手数料,source-csv,13,使用料及び手数料,2,手数料,map,項の名称がマスタと完全一致（款は account_map の対応を介す）
2021,revenue,"",一般会計,15,使用料及び手数料,02,手数料,03,土木手数料,source-csv,13,使用料及び手数料,2,手数料,map,項の名称がマスタと完全一致（款は account_map の対応を介す）
2021,revenue,"",一般会計,15,使用料及び手数料,02,手数料,04,民生手数料,source-csv,13,使用料及び手数料,2,手数料,map,項の名称がマスタと完全一致（款は account_map の対応を介す）
2021,revenue,"",一般会計,16,国庫支出金,01,国庫負担金,01,民生費国庫負担金,source-csv,14,国庫支出金,1,国庫負担金,map,項の名称がマスタと完全一致（款は account_map の対応を介す）
2021,revenue,"",一般会計,16,国庫支出金,01,国庫負担金,02,衛生費国庫負担金,source-csv,14,国庫支出金,1,国庫負担金,map,項の名称がマスタと完全一致（款は account_map の対応を介す）
2021,revenue,"",一般会計,16,国庫支出金,01,国庫負担金,03,教育費国庫負担金,source-csv,14,国庫支出金,1,国庫負担金,map,項の名称がマスタと完全一致（款は account_map の対応を介す）
2021,revenue,"",一般会計,16,国庫支出金,02,国庫補助金,01,民生費国庫補助金,source-csv,14,国庫支出金,2,国庫補助金,map,項の名称がマスタと完全一致（款は account_map の対応を介す）
2021,revenue,"",一般会計,16,国庫支出金,02,国庫補助金,02,衛生費国庫補助金,source-csv,14,国庫支出金,2,国庫補助金,map,項の名称がマスタと完全一致（款は account_map の対応を介す）
2021,revenue,"",一般会計,16,国庫支出金,02,国庫補助金,03,土木費国庫補助金,source-csv,14,国庫支出金,2,国庫補助金,map,項の名称がマスタと完全一致（款は account_map の対応を介す）
2021,revenue,"",一般会計,16,国庫支出金,02,国庫補助金,04,教育費国庫補助金,source-csv,14,国庫支出金,2,国庫補助金,map,項の名称がマスタと完全一致（款は account_map の対応を介す）
2021,revenue,"",一般会計,16,国庫支出金,02,国庫補助金,05,総務費国庫補助金,source-csv,14,国庫支出金,2,国庫補助金,map,項の名称がマスタと完全一致（款は account_map の対応を介す）
2021,revenue,"",一般会計,16,国庫支出金,03,委託金,01,民生費委託金,source-csv,14,国庫支出金,3,委託金,map,項の名称がマスタと完全一致（款は account_map の対応を介す）
2021,revenue,"",一般会計,16,国庫支出金,03,委託金,02,総務費委託金,source-csv,14,国庫支出金,3,委託金,map,項の名称がマスタと完全一致（款は account_map の対応を介す）
2021,revenue,"",一般会計,17,都支出金,01,都負担金,01,民生費都負担金,source-csv,15,都(道府県)支出金,1,都(道府県)負担金,map,マスタの表記は「都(道府県)負担金」。都の読みで同じ項。⚠️ コードのゼロ埋めが年度で変わる（R3 は01・R4 は1）ため両表記を登録する
2021,revenue,"",一般会計,17,都支出金,01,都負担金,02,衛生費都負担金,source-csv,15,都(道府県)支出金,1,都(道府県)負担金,map,マスタの表記は「都(道府県)負担金」。都の読みで同じ項。⚠️ コードのゼロ埋めが年度で変わる（R3 は01・R4 は1）ため両表記を登録する
2021,revenue,"",一般会計,17,都支出金,01,都負担金,03,土木費都負担金,source-csv,15,都(道府県)支出金,1,都(道府県)負担金,map,マスタの表記は「都(道府県)負担金」。都の読みで同じ項。⚠️ コードのゼロ埋めが年度で変わる（R3 は01・R4 は1）ため両表記を登録する
2021,revenue,"",一般会計,17,都支出金,01,都負担金,04,教育費都負担金,source-csv,15,都(道府県)支出金,1,都(道府県)負担金,map,マスタの表記は「都(道府県)負担金」。都の読みで同じ項。⚠️ コードのゼロ埋めが年度で変わる（R3 は01・R4 は1）ため両表記を登録する
2021,revenue,"",一般会計,17,都支出金,02,都補助金,01,総務費都補助金,source-csv,15,都(道府県)支出金,2,都(道府県)補助金,map,マスタの表記は「都(道府県)補助金」。都の読みで同じ項。⚠️ コードのゼロ埋めが年度で変わる（R3 は01・R4 は1）ため両表記を登録する
2021,revenue,"",一般会計,17,都支出金,02,都補助金,02,民生費都補助金,source-csv,15,都(道府県)支出金,2,都(道府県)補助金,map,マスタの表記は「都(道府県)補助金」。都の読みで同じ項。⚠️ コードのゼロ埋めが年度で変わる（R3 は01・R4 は1）ため両表記を登録する
2021,revenue,"",一般会計,17,都支出金,02,都補助金,03,衛生費都補助金,source-csv,15,都(道府県)支出金,2,都(道府県)補助金,map,マスタの表記は「都(道府県)補助金」。都の読みで同じ項。⚠️ コードのゼロ埋めが年度で変わる（R3 は01・R4 は1）ため両表記を登録する
2021,revenue,"",一般会計,17,都支出金,02,都補助金,04,農林業費都補助金,source-csv,15,都(道府県)支出金,2,都(道府県)補助金,map,マスタの表記は「都(道府県)補助金」。都の読みで同じ項。⚠️ コードのゼロ埋めが年度で変わる（R3 は01・R4 は1）ため両表記を登録する
2021,revenue,"",一般会計,17,都支出金,02,都補助金,05,商工費都補助金,source-csv,15,都(道府県)支出金,2,都(道府県)補助金,map,マスタの表記は「都(道府県)補助金」。都の読みで同じ項。⚠️ コードのゼロ埋めが年度で変わる（R3 は01・R4 は1）ため両表記を登録する
2021,revenue,"",一般会計,17,都支出金,02,都補助金,06,土木費都補助金,source-csv,15,都(道府県)支出金,2,都(道府県)補助金,map,マスタの表記は「都(道府県)補助金」。都の読みで同じ項。⚠️ コードのゼロ埋めが年度で変わる（R3 は01・R4 は1）ため両表記を登録する
2021,revenue,"",一般会計,17,都支出金,02,都補助金,07,消防費都補助金,source-csv,15,都(道府県)支出金,2,都(道府県)補助金,map,マスタの表記は「都(道府県)補助金」。都の読みで同じ項。⚠️ コードのゼロ埋めが年度で変わる（R3 は01・R4 は1）ため両表記を登録する
2021,revenue,"",一般会計,17,都支出金,02,都補助金,08,教育費都補助金,source-csv,15,都(道府県)支出金,2,都(道府県)補助金,map,マスタの表記は「都(道府県)補助金」。都の読みで同じ項。⚠️ コードのゼロ埋めが年度で変わる（R3 は01・R4 は1）ため両表記を登録する
2021,revenue,"",一般会計,17,都支出金,02,都補助金,09,公債費都補助金,source-csv,15,都(道府県)支出金,2,都(道府県)補助金,map,マスタの表記は「都(道府県)補助金」。都の読みで同じ項。⚠️ コードのゼロ埋めが年度で変わる（R3 は01・R4 は1）ため両表記を登録する
2021,revenue,"",一般会計,17,都支出金,03,委託金,01,総務費委託金,source-csv,15,都(道府県)支出金,3,委託金,map,項の名称がマスタと完全一致（款は account_map の対応を介す）
2021,revenue,"",一般会計,17,都支出金,03,委託金,02,民生費委託金,source-csv,15,都(道府県)支出金,3,委託金,map,項の名称がマスタと完全一致（款は account_map の対応を介す）
2021,revenue,"",一般会計,17,都支出金,03,委託金,03,衛生費委託金,source-csv,15,都(道府県)支出金,3,委託金,map,項の名称がマスタと完全一致（款は account_map の対応を介す）
2021,revenue,"",一般会計,17,都支出金,03,委託金,05,土木費委託金,source-csv,15,都(道府県)支出金,3,委託金,map,項の名称がマスタと完全一致（款は account_map の対応を介す）
2021,revenue,"",一般会計,17,都支出金,03,委託金,06,教育費委託金,source-csv,15,都(道府県)支出金,3,委託金,map,項の名称がマスタと完全一致（款は account_map の対応を介す）
2021,revenue,"",一般会計,18,財産収入,01,財産運用収入,01,財産貸付収入,source-csv,16,財産収入,1,財産運用収入,map,項の名称がマスタと完全一致（款は account_map の対応を介す）
2021,revenue,"",一般会計,18,財産収入,01,財産運用収入,02,利子及び配当金,source-csv,16,財産収入,1,財産運用収入,map,項の名称がマスタと完全一致（款は account_map の対応を介す）
2021,revenue,"",一般会計,18,財産収入,02,財産売払収入,01,不動産売払収入,source-csv,16,財産収入,2,財産売払収入,map,項の名称がマスタと完全一致（款は account_map の対応を介す）
2021,revenue,"",一般会計,18,財産収入,02,財産売払収入,02,物品売払収入,source-csv,16,財産収入,2,財産売払収入,map,項の名称がマスタと完全一致（款は account_map の対応を介す）
2021,revenue,"",一般会計,19,寄附金,01,寄附金,01,一般寄附金,source-csv,17,寄附金,1,寄附金,map,項の名称がマスタと完全一致（款は account_map の対応を介す）
2021,revenue,"",一般会計,19,寄附金,01,寄附金,04,民生費寄附金,source-csv,17,寄附金,1,寄附金,map,項の名称がマスタと完全一致（款は account_map の対応を介す）
2021,revenue,"",一般会計,19,寄附金,01,寄附金,05,衛生費寄附金,source-csv,17,寄附金,1,寄附金,map,項の名称がマスタと完全一致（款は account_map の対応を介す）
2021,revenue,"",一般会計,19,寄附金,01,寄附金,08,商工費寄附金,source-csv,17,寄附金,1,寄附金,map,項の名称がマスタと完全一致（款は account_map の対応を介す）
2021,revenue,"",一般会計,19,寄附金,01,寄附金,09,土木費寄附金,source-csv,17,寄附金,1,寄附金,map,項の名称がマスタと完全一致（款は account_map の対応を介す）
2021,revenue,"",一般会計,19,寄附金,01,寄附金,10,消防費寄附金,source-csv,17,寄附金,1,寄附金,map,項の名称がマスタと完全一致（款は account_map の対応を介す）
2021,revenue,"",一般会計,19,寄附金,01,寄附金,11,教育費寄附金,source-csv,17,寄附金,1,寄附金,map,項の名称がマスタと完全一致（款は account_map の対応を介す）
2021,revenue,"",一般会計,20,繰入金,01,基金繰入金,01,財政調整基金繰入金,source-csv,18,繰入金,2,基金繰入金,map,項の名称がマスタと完全一致（款は account_map の対応を介す）
2021,revenue,"",一般会計,20,繰入金,01,基金繰入金,02,公共建築物等整備保全基金繰入金,source-csv,18,繰入金,2,基金繰入金,map,項の名称がマスタと完全一致（款は account_map の対応を介す）
2021,revenue,"",一般会計,20,繰入金,01,基金繰入金,03,福祉基金繰入金,source-csv,18,繰入金,2,基金繰入金,map,項の名称がマスタと完全一致（款は account_map の対応を介す）
2021,revenue,"",一般会計,20,繰入金,01,基金繰入金,04,いきいきＴＡＭＡ基金繰入金,source-csv,18,繰入金,2,基金繰入金,map,項の名称がマスタと完全一致（款は account_map の対応を介す）
2021,revenue,"",一般会計,20,繰入金,01,基金繰入金,05,みどりの基金繰入金,source-csv,18,繰入金,2,基金繰入金,map,項の名称がマスタと完全一致（款は account_map の対応を介す）
2021,revenue,"",一般会計,20,繰入金,01,基金繰入金,09,都市計画基金繰入金,source-csv,18,繰入金,2,基金繰入金,map,項の名称がマスタと完全一致（款は account_map の対応を介す）
2021,revenue,"",一般会計,20,繰入金,02,特別会計繰入金,02,介護保険特別会計繰入金,source-csv,18,繰入金,1,特別会計繰入金,map,項の名称がマスタと完全一致（款は account_map の対応を介す）
2021,revenue,"",一般会計,20,繰入金,02,特別会計繰入金,04,後期高齢者医療特別会計繰入金,source-csv,18,繰入金,1,特別会計繰入金,map,項の名称がマスタと完全一致（款は account_map の対応を介す）
2021,revenue,"",一般会計,21,繰越金,01,繰越金,01,繰越金,source-csv,19,繰越金,1,繰越金,map,項の名称がマスタと完全一致（款は account_map の対応を介す）
2021,revenue,"",一般会計,22,諸収入,01,延滞金・加算金及び過料,01,延滞金,source-csv,20,諸収入,1,延滞金、加算金及び過料,map,マスタの表記は「延滞金、加算金及び過料」。並列の区切りが読点か中黒かの表記差。⚠️ コードのゼロ埋めが年度で変わる（R3 は01・R4 は1）ため両表記を登録する
2021,revenue,"",一般会計,22,諸収入,01,延滞金・加算金及び過料,02,加算金,source-csv,20,諸収入,1,延滞金、加算金及び過料,map,マスタの表記は「延滞金、加算金及び過料」。並列の区切りが読点か中黒かの表記差。⚠️ コードのゼロ埋めが年度で変わる（R3 は01・R4 は1）ため両表記を登録する
2021,revenue,"",一般会計,22,諸収入,01,延滞金・加算金及び過料,03,過料,source-csv,20,諸収入,1,延滞金、加算金及び過料,map,マスタの表記は「延滞金、加算金及び過料」。並列の区切りが読点か中黒かの表記差。⚠️ コードのゼロ埋めが年度で変わる（R3 は01・R4 は1）ため両表記を登録する
2021,revenue,"",一般会計,22,諸収入,02,市預金利子,01,市預金利子,source-csv,20,諸収入,2,市(町村)預金利子,map,マスタの表記は「市(町村)預金利子」。市の読みで同じ項。⚠️ コードのゼロ埋めが年度で変わる（R3 は01・R4 は1）ため両表記を登録する
2021,revenue,"",一般会計,22,諸収入,03,貸付金元利収入,01,総務費貸付金元利収入,source-csv,20,諸収入,4,貸付金元利収入,map,項の名称がマスタと完全一致（款は account_map の対応を介す）
2021,revenue,"",一般会計,22,諸収入,04,収益事業収入,01,競艇事業収入,source-csv,20,諸収入,6,収益事業収入,map,項の名称がマスタと完全一致（款は account_map の対応を介す）
2021,revenue,"",一般会計,22,諸収入,05,雑入,01,小切手未払資金組入れ,source-csv,20,諸収入,7,雑入,map,項の名称がマスタと完全一致（款は account_map の対応を介す）
2021,revenue,"",一般会計,22,諸収入,05,雑入,02,過年度収入,source-csv,20,諸収入,7,雑入,map,項の名称がマスタと完全一致（款は account_map の対応を介す）
2021,revenue,"",一般会計,22,諸収入,05,雑入,03,弁償金,source-csv,20,諸収入,7,雑入,map,項の名称がマスタと完全一致（款は account_map の対応を介す）
2021,revenue,"",一般会計,22,諸収入,05,雑入,05,雑入,source-csv,20,諸収入,7,雑入,map,項の名称がマスタと完全一致（款は account_map の対応を介す）
2021,revenue,"",一般会計,23,市債,01,市債,01,総務債,source-csv,21,市(町村)債,1,市(町村)債,map,マスタの表記は「市(町村)債」。市の読みで同じ項。⚠️ コードのゼロ埋めが年度で変わる（R3 は01・R4 は1）ため両表記を登録する
2021,revenue,"",一般会計,23,市債,01,市債,02,衛生債,source-csv,21,市(町村)債,1,市(町村)債,map,マスタの表記は「市(町村)債」。市の読みで同じ項。⚠️ コードのゼロ埋めが年度で変わる（R3 は01・R4 は1）ため両表記を登録する
2021,revenue,"",一般会計,23,市債,01,市債,04,消防債,source-csv,21,市(町村)債,1,市(町村)債,map,マスタの表記は「市(町村)債」。市の読みで同じ項。⚠️ コードのゼロ埋めが年度で変わる（R3 は01・R4 は1）ため両表記を登録する
2021,revenue,"",一般会計,23,市債,01,市債,05,教育債,source-csv,21,市(町村)債,1,市(町村)債,map,マスタの表記は「市(町村)債」。市の読みで同じ項。⚠️ コードのゼロ埋めが年度で変わる（R3 は01・R4 は1）ため両表記を登録する
2021,revenue,"",一般会計,23,市債,01,市債,08,民生債,source-csv,21,市(町村)債,1,市(町村)債,map,マスタの表記は「市(町村)債」。市の読みで同じ項。⚠️ コードのゼロ埋めが年度で変わる（R3 は01・R4 は1）ため両表記を登録する
2021,revenue,"",一般会計,23,市債,01,市債,09,土木債,source-csv,21,市(町村)債,1,市(町村)債,map,マスタの表記は「市(町村)債」。市の読みで同じ項。⚠️ コードのゼロ埋めが年度で変わる（R3 は01・R4 は1）ため両表記を登録する
2022,expenditure,"",一般会計,1,議会費,1,議会費,1,議会費,source-csv,1,議会費,1,議会費,map,項の名称がマスタと完全一致（款は account_map の対応を介す）
2022,expenditure,"",一般会計,2,総務費,1,総務管理費,1,一般管理費,source-csv,2,総務費,1,総務管理費,map,項の名称がマスタと完全一致（款は account_map の対応を介す）
2022,expenditure,"",一般会計,2,総務費,1,総務管理費,2,人事管理費,source-csv,2,総務費,1,総務管理費,map,項の名称がマスタと完全一致（款は account_map の対応を介す）
2022,expenditure,"",一般会計,2,総務費,1,総務管理費,3,文書広報費,source-csv,2,総務費,1,総務管理費,map,項の名称がマスタと完全一致（款は account_map の対応を介す）
2022,expenditure,"",一般会計,2,総務費,1,総務管理費,4,財政管理費,source-csv,2,総務費,1,総務管理費,map,項の名称がマスタと完全一致（款は account_map の対応を介す）
2022,expenditure,"",一般会計,2,総務費,1,総務管理費,5,会計管理費,source-csv,2,総務費,1,総務管理費,map,項の名称がマスタと完全一致（款は account_map の対応を介す）
2022,expenditure,"",一般会計,2,総務費,1,総務管理費,6,財産管理費,source-csv,2,総務費,1,総務管理費,map,項の名称がマスタと完全一致（款は account_map の対応を介す）
2022,expenditure,"",一般会計,2,総務費,1,総務管理費,7,企画費,source-csv,2,総務費,1,総務管理費,map,項の名称がマスタと完全一致（款は account_map の対応を介す）
2022,expenditure,"",一般会計,2,総務費,1,総務管理費,8,財政調整基金費,source-csv,2,総務費,1,総務管理費,map,項の名称がマスタと完全一致（款は account_map の対応を介す）
2022,expenditure,"",一般会計,2,総務費,1,総務管理費,9,青少年対策費,source-csv,2,総務費,1,総務管理費,map,項の名称がマスタと完全一致（款は account_map の対応を介す）
2022,expenditure,"",一般会計,2,総務費,1,総務管理費,10,交通安全対策費,source-csv,2,総務費,1,総務管理費,map,項の名称がマスタと完全一致（款は account_map の対応を介す）
2022,expenditure,"",一般会計,2,総務費,1,総務管理費,11,複合文化施設費,source-csv,2,総務費,1,総務管理費,map,項の名称がマスタと完全一致（款は account_map の対応を介す）
2022,expenditure,"",一般会計,2,総務費,1,総務管理費,12,文化推進費,source-csv,2,総務費,1,総務管理費,map,項の名称がマスタと完全一致（款は account_map の対応を介す）
2022,expenditure,"",一般会計,2,総務費,1,総務管理費,13,地域振興費,source-csv,2,総務費,1,総務管理費,map,項の名称がマスタと完全一致（款は account_map の対応を介す）
2022,expenditure,"",一般会計,2,総務費,1,総務管理費,15,出張所費,source-csv,2,総務費,1,総務管理費,map,項の名称がマスタと完全一致（款は account_map の対応を介す）
2022,expenditure,"",一般会計,2,総務費,1,総務管理費,16,防犯対策費,source-csv,2,総務費,1,総務管理費,map,項の名称がマスタと完全一致（款は account_map の対応を介す）
2022,expenditure,"",一般会計,2,総務費,1,総務管理費,17,諸費,source-csv,2,総務費,1,総務管理費,map,項の名称がマスタと完全一致（款は account_map の対応を介す）
2022,expenditure,"",一般会計,2,総務費,2,徴税費,1,税務総務費,source-csv,2,総務費,2,徴税費,map,項の名称がマスタと完全一致（款は account_map の対応を介す）
2022,expenditure,"",一般会計,2,総務費,2,徴税費,2,賦課徴収費,source-csv,2,総務費,2,徴税費,map,項の名称がマスタと完全一致（款は account_map の対応を介す）
2022,expenditure,"",一般会計,2,総務費,3,戸籍住民基本台帳費,1,戸籍住民基本台帳費,source-csv,2,総務費,3,戸籍住民基本台帳費,map,項の名称がマスタと完全一致（款は account_map の対応を介す）
2022,expenditure,"",一般会計,2,総務費,4,選挙費,1,選挙管理委員会費,source-csv,2,総務費,4,選挙費,map,項の名称がマスタと完全一致（款は account_map の対応を介す）
2022,expenditure,"",一般会計,2,総務費,4,選挙費,2,選挙常時啓発費,source-csv,2,総務費,4,選挙費,map,項の名称がマスタと完全一致（款は account_map の対応を介す）
2022,expenditure,"",一般会計,2,総務費,4,選挙費,3,市議会議員選挙費,source-csv,2,総務費,4,選挙費,map,項の名称がマスタと完全一致（款は account_map の対応を介す）
2022,expenditure,"",一般会計,2,総務費,4,選挙費,4,市長選挙費,source-csv,2,総務費,4,選挙費,map,項の名称がマスタと完全一致（款は account_map の対応を介す）
2022,expenditure,"",一般会計,2,総務費,4,選挙費,6,参議院議員選挙費,source-csv,2,総務費,4,選挙費,map,項の名称がマスタと完全一致（款は account_map の対応を介す）
2022,expenditure,"",一般会計,2,総務費,5,統計調査費,1,統計総務費,source-csv,2,総務費,5,統計調査費,map,項の名称がマスタと完全一致（款は account_map の対応を介す）
2022,expenditure,"",一般会計,2,総務費,5,統計調査費,2,基幹統計費,source-csv,2,総務費,5,統計調査費,map,項の名称がマスタと完全一致（款は account_map の対応を介す）
2022,expenditure,"",一般会計,2,総務費,6,監査委員費,1,監査委員費,source-csv,2,総務費,6,監査委員費,map,項の名称がマスタと完全一致（款は account_map の対応を介す）
2022,expenditure,"",一般会計,3,民生費,1,社会福祉費,1,社会福祉総務費,source-csv,3,民生費,1,社会福祉費,map,項の名称がマスタと完全一致（款は account_map の対応を介す）
2022,expenditure,"",一般会計,3,民生費,1,社会福祉費,2,障害者福祉費,source-csv,3,民生費,1,社会福祉費,map,項の名称がマスタと完全一致（款は account_map の対応を介す）
2022,expenditure,"",一般会計,3,民生費,1,社会福祉費,3,老人福祉費,source-csv,3,民生費,1,社会福祉費,map,項の名称がマスタと完全一致（款は account_map の対応を介す）
2022,expenditure,"",一般会計,3,民生費,1,社会福祉費,4,社会福祉施設費,source-csv,3,民生費,1,社会福祉費,map,項の名称がマスタと完全一致（款は account_map の対応を介す）
2022,expenditure,"",一般会計,3,民生費,2,児童福祉費,1,児童福祉総務費,source-csv,3,民生費,2,児童福祉費,map,項の名称がマスタと完全一致（款は account_map の対応を介す）
2022,expenditure,"",一般会計,3,民生費,2,児童福祉費,2,児童措置費,source-csv,3,民生費,2,児童福祉費,map,項の名称がマスタと完全一致（款は account_map の対応を介す）
2022,expenditure,"",一般会計,3,民生費,2,児童福祉費,3,母子福祉費,source-csv,3,民生費,2,児童福祉費,map,項の名称がマスタと完全一致（款は account_map の対応を介す）
2022,expenditure,"",一般会計,3,民生費,2,児童福祉費,4,児童福祉施設費,source-csv,3,民生費,2,児童福祉費,map,項の名称がマスタと完全一致（款は account_map の対応を介す）
2022,expenditure,"",一般会計,3,民生費,3,生活保護費,1,生活保護総務費,source-csv,3,民生費,3,生活保護費,map,項の名称がマスタと完全一致（款は account_map の対応を介す）
2022,expenditure,"",一般会計,3,民生費,3,生活保護費,2,扶助費,source-csv,3,民生費,3,生活保護費,map,項の名称がマスタと完全一致（款は account_map の対応を介す）
2022,expenditure,"",一般会計,3,民生費,4,国民年金費,1,国民年金総務費,source-csv,3,民生費,,,addition,法定の民生費の項に無いが様式の備考1が行政権能の差による項の追加を認めている。国民年金事務は法定受託事務として市町村が担う。⚠️ コードのゼロ埋めが年度で変わる（R3 は01・R4 は1）ため両表記を登録する
2022,expenditure,"",一般会計,3,民生費,5,災害救助費,1,災害救助費,source-csv,3,民生費,4,災害救助費,map,項の名称がマスタと完全一致（款は account_map の対応を介す）
2022,expenditure,"",一般会計,4,衛生費,1,保健衛生費,1,保健衛生総務費,source-csv,4,衛生費,1,保健衛生費,map,項の名称がマスタと完全一致（款は account_map の対応を介す）
2022,expenditure,"",一般会計,4,衛生費,1,保健衛生費,2,予防費,source-csv,4,衛生費,1,保健衛生費,map,項の名称がマスタと完全一致（款は account_map の対応を介す）
2022,expenditure,"",一般会計,4,衛生費,1,保健衛生費,3,環境衛生費,source-csv,4,衛生費,1,保健衛生費,map,項の名称がマスタと完全一致（款は account_map の対応を介す）
2022,expenditure,"",一般会計,4,衛生費,1,保健衛生費,4,環境保全費,source-csv,4,衛生費,1,保健衛生費,map,項の名称がマスタと完全一致（款は account_map の対応を介す）
2022,expenditure,"",一般会計,4,衛生費,1,保健衛生費,5,公害対策費,source-csv,4,衛生費,1,保健衛生費,map,項の名称がマスタと完全一致（款は account_map の対応を介す）
2022,expenditure,"",一般会計,4,衛生費,2,清掃費,1,清掃総務費,source-csv,4,衛生費,2,清掃費,map,項の名称がマスタと完全一致（款は account_map の対応を介す）
2022,expenditure,"",一般会計,4,衛生費,2,清掃費,2,塵芥処理費,source-csv,4,衛生費,2,清掃費,map,項の名称がマスタと完全一致（款は account_map の対応を介す）
2022,expenditure,"",一般会計,4,衛生費,2,清掃費,3,し尿処理費,source-csv,4,衛生費,2,清掃費,map,項の名称がマスタと完全一致（款は account_map の対応を介す）
2022,expenditure,"",一般会計,5,労働費,1,労働諸費,1,労働諸費,source-csv,5,労働費,2,労働諸費,map,項の名称がマスタと完全一致（款は account_map の対応を介す）
2022,expenditure,"",一般会計,6,農林業費,1,農業費,1,農業委員会費,source-csv,6,農林水産業費,1,農業費,map,項の名称がマスタと完全一致（款は account_map の対応を介す）
2022,expenditure,"",一般会計,6,農林業費,1,農業費,2,農業総務費,source-csv,6,農林水産業費,1,農業費,map,項の名称がマスタと完全一致（款は account_map の対応を介す）
2022,expenditure,"",一般会計,6,農林業費,1,農業費,3,農業振興費,source-csv,6,農林水産業費,1,農業費,map,項の名称がマスタと完全一致（款は account_map の対応を介す）
2022,expenditure,"",一般会計,7,商工費,1,商工費,1,商工総務費,source-csv,7,商工費,1,商工費,map,項の名称がマスタと完全一致（款は account_map の対応を介す）
2022,expenditure,"",一般会計,7,商工費,1,商工費,2,商工振興費,source-csv,7,商工費,1,商工費,map,項の名称がマスタと完全一致（款は account_map の対応を介す）
2022,expenditure,"",一般会計,7,商工費,1,商工費,3,消費者対策費,source-csv,7,商工費,1,商工費,map,項の名称がマスタと完全一致（款は account_map の対応を介す）
2022,expenditure,"",一般会計,8,土木費,1,土木管理費,1,土木総務費,source-csv,8,土木費,1,土木管理費,map,項の名称がマスタと完全一致（款は account_map の対応を介す）
2022,expenditure,"",一般会計,8,土木費,2,道路橋りょう費,1,道路橋りょう総務費,source-csv,8,土木費,2,道路橋りよう費,map,マスタの表記は「道路橋りよう費」（拗音を大書きする様式の記法）。同じ項。⚠️ コードのゼロ埋めが年度で変わる（R3 は01・R4 は1）ため両表記を登録する
2022,expenditure,"",一般会計,8,土木費,2,道路橋りょう費,2,道路維持費,source-csv,8,土木費,2,道路橋りよう費,map,マスタの表記は「道路橋りよう費」（拗音を大書きする様式の記法）。同じ項。⚠️ コードのゼロ埋めが年度で変わる（R3 は01・R4 は1）ため両表記を登録する
2022,expenditure,"",一般会計,8,土木費,2,道路橋りょう費,3,道路新設改良費,source-csv,8,土木費,2,道路橋りよう費,map,マスタの表記は「道路橋りよう費」（拗音を大書きする様式の記法）。同じ項。⚠️ コードのゼロ埋めが年度で変わる（R3 は01・R4 は1）ため両表記を登録する
2022,expenditure,"",一般会計,8,土木費,2,道路橋りょう費,4,交通安全施設費,source-csv,8,土木費,2,道路橋りよう費,map,マスタの表記は「道路橋りよう費」（拗音を大書きする様式の記法）。同じ項。⚠️ コードのゼロ埋めが年度で変わる（R3 は01・R4 は1）ため両表記を登録する
2022,expenditure,"",一般会計,8,土木費,2,道路橋りょう費,5,橋りょう維持費,source-csv,8,土木費,2,道路橋りよう費,map,マスタの表記は「道路橋りよう費」（拗音を大書きする様式の記法）。同じ項。⚠️ コードのゼロ埋めが年度で変わる（R3 は01・R4 は1）ため両表記を登録する
2022,expenditure,"",一般会計,8,土木費,3,都市計画費,1,都市計画総務費,source-csv,8,土木費,5,都市計画費,map,項の名称がマスタと完全一致（款は account_map の対応を介す）
2022,expenditure,"",一般会計,8,土木費,3,都市計画費,4,公園費,source-csv,8,土木費,5,都市計画費,map,項の名称がマスタと完全一致（款は account_map の対応を介す）
2022,expenditure,"",一般会計,8,土木費,3,都市計画費,5,緑化推進対策費,source-csv,8,土木費,5,都市計画費,map,項の名称がマスタと完全一致（款は account_map の対応を介す）
2022,expenditure,"",一般会計,8,土木費,4,住宅費,1,住宅管理費,source-csv,8,土木費,6,住宅費,map,項の名称がマスタと完全一致（款は account_map の対応を介す）
2022,expenditure,"",一般会計,9,消防費,1,消防費,1,常備消防費,source-csv,9,消防費,1,消防費,map,項の名称がマスタと完全一致（款は account_map の対応を介す）
2022,expenditure,"",一般会計,9,消防費,1,消防費,2,非常備消防費,source-csv,9,消防費,1,消防費,map,項の名称がマスタと完全一致（款は account_map の対応を介す）
2022,expenditure,"",一般会計,9,消防費,1,消防費,3,消防施設費,source-csv,9,消防費,1,消防費,map,項の名称がマスタと完全一致（款は account_map の対応を介す）
2022,expenditure,"",一般会計,9,消防費,1,消防費,4,水防費,source-csv,9,消防費,1,消防費,map,項の名称がマスタと完全一致（款は account_map の対応を介す）
2022,expenditure,"",一般会計,9,消防費,1,消防費,5,災害対策費,source-csv,9,消防費,1,消防費,map,項の名称がマスタと完全一致（款は account_map の対応を介す）
2022,expenditure,"",一般会計,10,教育費,1,教育総務費,1,教育委員会費,source-csv,10,教育費,1,教育総務費,map,項の名称がマスタと完全一致（款は account_map の対応を介す）
2022,expenditure,"",一般会計,10,教育費,1,教育総務費,2,事務局費,source-csv,10,教育費,1,教育総務費,map,項の名称がマスタと完全一致（款は account_map の対応を介す）
2022,expenditure,"",一般会計,10,教育費,1,教育総務費,3,教育指導費,source-csv,10,教育費,1,教育総務費,map,項の名称がマスタと完全一致（款は account_map の対応を介す）
2022,expenditure,"",一般会計,10,教育費,2,小学校費,1,学校管理費,source-csv,10,教育費,2,小学校費,map,項の名称がマスタと完全一致（款は account_map の対応を介す）
2022,expenditure,"",一般会計,10,教育費,2,小学校費,2,教育振興費,source-csv,10,教育費,2,小学校費,map,項の名称がマスタと完全一致（款は account_map の対応を介す）
2022,expenditure,"",一般会計,10,教育費,2,小学校費,3,学校保健衛生費,source-csv,10,教育費,2,小学校費,map,項の名称がマスタと完全一致（款は account_map の対応を介す）
2022,expenditure,"",一般会計,10,教育費,2,小学校費,4,学校建設費,source-csv,10,教育費,2,小学校費,map,項の名称がマスタと完全一致（款は account_map の対応を介す）
2022,expenditure,"",一般会計,10,教育費,3,中学校費,1,学校管理費,source-csv,10,教育費,3,中学校費,map,項の名称がマスタと完全一致（款は account_map の対応を介す）
2022,expenditure,"",一般会計,10,教育費,3,中学校費,2,教育振興費,source-csv,10,教育費,3,中学校費,map,項の名称がマスタと完全一致（款は account_map の対応を介す）
2022,expenditure,"",一般会計,10,教育費,3,中学校費,3,学校保健衛生費,source-csv,10,教育費,3,中学校費,map,項の名称がマスタと完全一致（款は account_map の対応を介す）
2022,expenditure,"",一般会計,10,教育費,3,中学校費,4,学校建設費,source-csv,10,教育費,3,中学校費,map,項の名称がマスタと完全一致（款は account_map の対応を介す）
2022,expenditure,"",一般会計,10,教育費,4,幼稚園費,1,幼稚園費,source-csv,10,教育費,5,幼稚園費,map,項の名称がマスタと完全一致（款は account_map の対応を介す）
2022,expenditure,"",一般会計,10,教育費,5,社会教育費,1,社会教育総務費,source-csv,10,教育費,6,社会教育費,map,項の名称がマスタと完全一致（款は account_map の対応を介す）
2022,expenditure,"",一般会計,10,教育費,5,社会教育費,2,公民館費,source-csv,10,教育費,6,社会教育費,map,項の名称がマスタと完全一致（款は account_map の対応を介す）
2022,expenditure,"",一般会計,10,教育費,5,社会教育費,3,図書館費,source-csv,10,教育費,6,社会教育費,map,項の名称がマスタと完全一致（款は account_map の対応を介す）
2022,expenditure,"",一般会計,10,教育費,5,社会教育費,4,社会教育施設費,source-csv,10,教育費,6,社会教育費,map,項の名称がマスタと完全一致（款は account_map の対応を介す）
2022,expenditure,"",一般会計,10,教育費,6,保健体育費,1,保健体育総務費,source-csv,10,教育費,7,保健体育費,map,項の名称がマスタと完全一致（款は account_map の対応を介す）
2022,expenditure,"",一般会計,10,教育費,6,保健体育費,2,体育施設費,source-csv,10,教育費,7,保健体育費,map,項の名称がマスタと完全一致（款は account_map の対応を介す）
2022,expenditure,"",一般会計,10,教育費,6,保健体育費,3,学校給食費,source-csv,10,教育費,7,保健体育費,map,項の名称がマスタと完全一致（款は account_map の対応を介す）
2022,expenditure,"",一般会計,11,災害復旧費,1,公共土木施設災害復旧費,1,道路橋りょう災害復旧費,source-csv,11,災害復旧費,2,何施設災害復旧費,map,マスタの「何施設災害復旧費」の「何」に施設の種類を入れた形。様式の「何税」「何寄附金」と同じ記法。⚠️ コードのゼロ埋めが年度で変わる（R3 は01・R4 は1）ため両表記を登録する
2022,expenditure,"",一般会計,11,災害復旧費,2,公園施設災害復旧費,1,公園施設災害復旧費,source-csv,11,災害復旧費,2,何施設災害復旧費,map,マスタの「何施設災害復旧費」の「何」に施設の種類を入れた形。⚠️ コードのゼロ埋めが年度で変わる（R3 は01・R4 は1）ため両表記を登録する
2022,expenditure,"",一般会計,11,災害復旧費,3,文教施設災害復旧費,1,教育施設災害復旧費,source-csv,11,災害復旧費,2,何施設災害復旧費,map,マスタの「何施設災害復旧費」の「何」に施設の種類を入れた形。⚠️ コードのゼロ埋めが年度で変わる（R3 は01・R4 は1）ため両表記を登録する
2022,expenditure,"",一般会計,11,災害復旧費,4,その他公共、公用施設災害復旧費,1,その他公共施設、公用施設災害復旧費,source-csv,11,災害復旧費,2,何施設災害復旧費,map,マスタの「何施設災害復旧費」の「何」に施設の種類を入れた形。⚠️ コードのゼロ埋めが年度で変わる（R3 は01・R4 は1）ため両表記を登録する
2022,expenditure,"",一般会計,12,公債費,1,公債費,1,元金,source-csv,12,公債費,1,公債費,map,項の名称がマスタと完全一致（款は account_map の対応を介す）
2022,expenditure,"",一般会計,12,公債費,1,公債費,2,利子,source-csv,12,公債費,1,公債費,map,項の名称がマスタと完全一致（款は account_map の対応を介す）
2022,expenditure,"",一般会計,13,諸支出金,1,小切手支払未済償還金,1,小切手支払未済償還金,source-csv,13,諸支出金,,,addition,法定の諸支出金の項に無いが様式の備考1が行政権能の差による項の追加を認めている。歳計現金の戻入にあたる。⚠️ コードのゼロ埋めが年度で変わる（R3 は01・R4 は1）ため両表記を登録する
2022,expenditure,"",一般会計,14,予備費,1,予備費,1,予備費,source-csv,14,予備費,1,予備費,map,項の名称がマスタと完全一致（款は account_map の対応を介す）
2022,revenue,"",一般会計,1,市税,1,市民税,1,個人,source-csv,1,市(町村)税,1,市町村民税,map,マスタの表記は「市町村民税」。マスタの「市(町村)」「都(道府県)」は市か町村か（都か道府県か）で読み替える様式の記法。市の読みで同じ項。⚠️ コードのゼロ埋めが年度で変わる（R3 は01・R4 は1）ため両表記を登録する
2022,revenue,"",一般会計,1,市税,1,市民税,2,法人,source-csv,1,市(町村)税,1,市町村民税,map,マスタの表記は「市町村民税」。マスタの「市(町村)」「都(道府県)」は市か町村か（都か道府県か）で読み替える様式の記法。市の読みで同じ項。⚠️ コードのゼロ埋めが年度で変わる（R3 は01・R4 は1）ため両表記を登録する
2022,revenue,"",一般会計,1,市税,2,固定資産税,1,固定資産税,source-csv,1,市(町村)税,2,固定資産税,map,項の名称がマスタと完全一致（款は account_map の対応を介す）
2022,revenue,"",一般会計,1,市税,2,固定資産税,2,国有資産等所在市町村交付金,source-csv,1,市(町村)税,2,固定資産税,map,項の名称がマスタと完全一致（款は account_map の対応を介す）
2022,revenue,"",一般会計,1,市税,3,軽自動車税,1,種別割,source-csv,1,市(町村)税,3,軽自動車税,map,項の名称がマスタと完全一致（款は account_map の対応を介す）
2022,revenue,"",一般会計,1,市税,3,軽自動車税,2,環境性能割,source-csv,1,市(町村)税,3,軽自動車税,map,項の名称がマスタと完全一致（款は account_map の対応を介す）
2022,revenue,"",一般会計,1,市税,4,市たばこ税,1,市たばこ税,source-csv,1,市(町村)税,4,市町村たばこ税,map,マスタの表記は「市町村たばこ税」。市の読みで同じ項。⚠️ コードのゼロ埋めが年度で変わる（R3 は01・R4 は1）ため両表記を登録する
2022,revenue,"",一般会計,1,市税,5,都市計画税,1,都市計画税,source-csv,1,市(町村)税,9,都市計画税,map,項の名称がマスタと完全一致（款は account_map の対応を介す）
2022,revenue,"",一般会計,2,地方譲与税,1,地方揮発油譲与税,1,地方揮発油譲与税,source-csv,2,地方譲与税,1,地方揮発油譲与税,map,項の名称がマスタと完全一致（款は account_map の対応を介す）
2022,revenue,"",一般会計,2,地方譲与税,2,自動車重量譲与税,1,自動車重量譲与税,source-csv,2,地方譲与税,2,自動車重量譲与税,map,項の名称がマスタと完全一致（款は account_map の対応を介す）
2022,revenue,"",一般会計,2,地方譲与税,3,地方道路譲与税,1,地方道路譲与税,source-csv,2,地方譲与税,3,地方道路譲与税,map,項の名称がマスタと完全一致（款は account_map の対応を介す）
2022,revenue,"",一般会計,2,地方譲与税,4,森林環境譲与税,1,森林環境譲与税,source-csv,2,地方譲与税,4,森林環境譲与税,map,項の名称がマスタと完全一致（款は account_map の対応を介す）
2022,revenue,"",一般会計,3,利子割交付金,1,利子割交付金,1,利子割交付金,source-csv,3,利子割交付金,1,利子割交付金,map,項の名称がマスタと完全一致（款は account_map の対応を介す）
2022,revenue,"",一般会計,4,配当割交付金,1,配当割交付金,1,配当割交付金,source-csv,4,配当割交付金,1,配当割交付金,map,項の名称がマスタと完全一致（款は account_map の対応を介す）
2022,revenue,"",一般会計,5,株式等譲渡所得割交付金,1,株式等譲渡所得割交付金,1,株式等譲渡所得割交付金,source-csv,5,株式等譲渡所得割交付金,1,株式等譲渡所得割交付金,map,項の名称がマスタと完全一致（款は account_map の対応を介す）
2022,revenue,"",一般会計,6,法人事業税交付金,1,法人事業税交付金,1,法人事業税交付金,source-csv,6,法人事業税交付金,1,法人事業税交付金,map,項の名称がマスタと完全一致（款は account_map の対応を介す）
2022,revenue,"",一般会計,7,地方消費税交付金,1,地方消費税交付金,1,地方消費税交付金,source-csv,7,地方消費税交付金,1,地方消費税交付金,map,項の名称がマスタと完全一致（款は account_map の対応を介す）
2022,revenue,"",一般会計,8,ゴルフ場利用税交付金,1,ゴルフ場利用税交付金,1,ゴルフ場利用税交付金,source-csv,,,,,addition,款そのものが様式の歳入の備考2による条件付きの挿入なので対応先のマスタが無い。⚠️ コードのゼロ埋めが年度で変わる（R3 は01・R4 は1）ため両表記を登録する
2022,revenue,"",一般会計,9,環境性能割交付金,1,環境性能割交付金,1,環境性能割交付金,source-csv,8,環境性能割交付金,1,環境性能割交付金,map,項の名称がマスタと完全一致（款は account_map の対応を介す）
2022,revenue,"",一般会計,9,環境性能割交付金,1,環境性能割交付金,2,旧法による自動車取得税交付金,source-csv,8,環境性能割交付金,1,環境性能割交付金,map,項の名称がマスタと完全一致（款は account_map の対応を介す）
2022,revenue,"",一般会計,10,国有提供施設等所在市町村助成交付金,1,国有提供施設等所在市町村助成交付金,1,国有提供施設等所在市町村助成交付金,source-csv,,,,,addition,款そのものが様式の歳入の備考2による条件付きの挿入なので対応先のマスタが無い。⚠️ コードのゼロ埋めが年度で変わる（R3 は01・R4 は1）ため両表記を登録する
2022,revenue,"",一般会計,10,国有提供施設等所在市町村助成交付金,1,国有提供施設等所在市町村助成交付金,2,施設等所在市町村調整交付金,source-csv,,,,,addition,款そのものが様式の歳入の備考2による条件付きの挿入なので対応先のマスタが無い。⚠️ コードのゼロ埋めが年度で変わる（R3 は01・R4 は1）ため両表記を登録する
2022,revenue,"",一般会計,11,地方特例交付金,1,地方特例交付金,1,地方特例交付金,source-csv,9,地方特例交付金,1,地方特例交付金,map,項の名称がマスタと完全一致（款は account_map の対応を介す）
2022,revenue,"",一般会計,12,地方交付税,1,地方交付税,1,地方交付税,source-csv,10,地方交付税,1,地方交付税,map,項の名称がマスタと完全一致（款は account_map の対応を介す）
2022,revenue,"",一般会計,13,交通安全対策特別交付金,1,交通安全対策特別交付金,1,交通安全対策特別交付金,source-csv,11,交通安全対策特別交付金,1,交通安全対策特別交付金,map,項の名称がマスタと完全一致（款は account_map の対応を介す）
2022,revenue,"",一般会計,14,分担金及び負担金,1,負担金,1,民生費負担金,source-csv,12,分担金及び負担金,2,負担金,map,項の名称がマスタと完全一致（款は account_map の対応を介す）
2022,revenue,"",一般会計,14,分担金及び負担金,1,負担金,2,衛生費負担金,source-csv,12,分担金及び負担金,2,負担金,map,項の名称がマスタと完全一致（款は account_map の対応を介す）
2022,revenue,"",一般会計,14,分担金及び負担金,1,負担金,3,土木費負担金,source-csv,12,分担金及び負担金,2,負担金,map,項の名称がマスタと完全一致（款は account_map の対応を介す）
2022,revenue,"",一般会計,15,使用料及び手数料,1,使用料,1,総務使用料,source-csv,13,使用料及び手数料,1,使用料,map,項の名称がマスタと完全一致（款は account_map の対応を介す）
2022,revenue,"",一般会計,15,使用料及び手数料,1,使用料,2,民生使用料,source-csv,13,使用料及び手数料,1,使用料,map,項の名称がマスタと完全一致（款は account_map の対応を介す）
2022,revenue,"",一般会計,15,使用料及び手数料,1,使用料,3,衛生使用料,source-csv,13,使用料及び手数料,1,使用料,map,項の名称がマスタと完全一致（款は account_map の対応を介す）
2022,revenue,"",一般会計,15,使用料及び手数料,1,使用料,4,商工使用料,source-csv,13,使用料及び手数料,1,使用料,map,項の名称がマスタと完全一致（款は account_map の対応を介す）
2022,revenue,"",一般会計,15,使用料及び手数料,1,使用料,5,土木使用料,source-csv,13,使用料及び手数料,1,使用料,map,項の名称がマスタと完全一致（款は account_map の対応を介す）
2022,revenue,"",一般会計,15,使用料及び手数料,1,使用料,6,教育使用料,source-csv,13,使用料及び手数料,1,使用料,map,項の名称がマスタと完全一致（款は account_map の対応を介す）
2022,revenue,"",一般会計,15,使用料及び手数料,2,手数料,1,総務手数料,source-csv,13,使用料及び手数料,2,手数料,map,項の名称がマスタと完全一致（款は account_map の対応を介す）
2022,revenue,"",一般会計,15,使用料及び手数料,2,手数料,2,衛生手数料,source-csv,13,使用料及び手数料,2,手数料,map,項の名称がマスタと完全一致（款は account_map の対応を介す）
2022,revenue,"",一般会計,15,使用料及び手数料,2,手数料,3,土木手数料,source-csv,13,使用料及び手数料,2,手数料,map,項の名称がマスタと完全一致（款は account_map の対応を介す）
2022,revenue,"",一般会計,15,使用料及び手数料,2,手数料,4,民生手数料,source-csv,13,使用料及び手数料,2,手数料,map,項の名称がマスタと完全一致（款は account_map の対応を介す）
2022,revenue,"",一般会計,16,国庫支出金,1,国庫負担金,1,民生費国庫負担金,source-csv,14,国庫支出金,1,国庫負担金,map,項の名称がマスタと完全一致（款は account_map の対応を介す）
2022,revenue,"",一般会計,16,国庫支出金,1,国庫負担金,2,衛生費国庫負担金,source-csv,14,国庫支出金,1,国庫負担金,map,項の名称がマスタと完全一致（款は account_map の対応を介す）
2022,revenue,"",一般会計,16,国庫支出金,1,国庫負担金,3,教育費国庫負担金,source-csv,14,国庫支出金,1,国庫負担金,map,項の名称がマスタと完全一致（款は account_map の対応を介す）
2022,revenue,"",一般会計,16,国庫支出金,2,国庫補助金,1,民生費国庫補助金,source-csv,14,国庫支出金,2,国庫補助金,map,項の名称がマスタと完全一致（款は account_map の対応を介す）
2022,revenue,"",一般会計,16,国庫支出金,2,国庫補助金,2,衛生費国庫補助金,source-csv,14,国庫支出金,2,国庫補助金,map,項の名称がマスタと完全一致（款は account_map の対応を介す）
2022,revenue,"",一般会計,16,国庫支出金,2,国庫補助金,3,土木費国庫補助金,source-csv,14,国庫支出金,2,国庫補助金,map,項の名称がマスタと完全一致（款は account_map の対応を介す）
2022,revenue,"",一般会計,16,国庫支出金,2,国庫補助金,4,教育費国庫補助金,source-csv,14,国庫支出金,2,国庫補助金,map,項の名称がマスタと完全一致（款は account_map の対応を介す）
2022,revenue,"",一般会計,16,国庫支出金,2,国庫補助金,5,総務費国庫補助金,source-csv,14,国庫支出金,2,国庫補助金,map,項の名称がマスタと完全一致（款は account_map の対応を介す）
2022,revenue,"",一般会計,16,国庫支出金,2,国庫補助金,6,消防費国庫補助金,source-csv,14,国庫支出金,2,国庫補助金,map,項の名称がマスタと完全一致（款は account_map の対応を介す）
2022,revenue,"",一般会計,16,国庫支出金,3,委託金,1,民生費委託金,source-csv,14,国庫支出金,3,委託金,map,項の名称がマスタと完全一致（款は account_map の対応を介す）
2022,revenue,"",一般会計,16,国庫支出金,3,委託金,2,総務費委託金,source-csv,14,国庫支出金,3,委託金,map,項の名称がマスタと完全一致（款は account_map の対応を介す）
2022,revenue,"",一般会計,17,都支出金,1,都負担金,1,民生費都負担金,source-csv,15,都(道府県)支出金,1,都(道府県)負担金,map,マスタの表記は「都(道府県)負担金」。都の読みで同じ項。⚠️ コードのゼロ埋めが年度で変わる（R3 は01・R4 は1）ため両表記を登録する
2022,revenue,"",一般会計,17,都支出金,1,都負担金,2,衛生費都負担金,source-csv,15,都(道府県)支出金,1,都(道府県)負担金,map,マスタの表記は「都(道府県)負担金」。都の読みで同じ項。⚠️ コードのゼロ埋めが年度で変わる（R3 は01・R4 は1）ため両表記を登録する
2022,revenue,"",一般会計,17,都支出金,1,都負担金,3,土木費都負担金,source-csv,15,都(道府県)支出金,1,都(道府県)負担金,map,マスタの表記は「都(道府県)負担金」。都の読みで同じ項。⚠️ コードのゼロ埋めが年度で変わる（R3 は01・R4 は1）ため両表記を登録する
2022,revenue,"",一般会計,17,都支出金,1,都負担金,4,教育費都負担金,source-csv,15,都(道府県)支出金,1,都(道府県)負担金,map,マスタの表記は「都(道府県)負担金」。都の読みで同じ項。⚠️ コードのゼロ埋めが年度で変わる（R3 は01・R4 は1）ため両表記を登録する
2022,revenue,"",一般会計,17,都支出金,2,都補助金,1,総務費都補助金,source-csv,15,都(道府県)支出金,2,都(道府県)補助金,map,マスタの表記は「都(道府県)補助金」。都の読みで同じ項。⚠️ コードのゼロ埋めが年度で変わる（R3 は01・R4 は1）ため両表記を登録する
2022,revenue,"",一般会計,17,都支出金,2,都補助金,2,民生費都補助金,source-csv,15,都(道府県)支出金,2,都(道府県)補助金,map,マスタの表記は「都(道府県)補助金」。都の読みで同じ項。⚠️ コードのゼロ埋めが年度で変わる（R3 は01・R4 は1）ため両表記を登録する
2022,revenue,"",一般会計,17,都支出金,2,都補助金,3,衛生費都補助金,source-csv,15,都(道府県)支出金,2,都(道府県)補助金,map,マスタの表記は「都(道府県)補助金」。都の読みで同じ項。⚠️ コードのゼロ埋めが年度で変わる（R3 は01・R4 は1）ため両表記を登録する
2022,revenue,"",一般会計,17,都支出金,2,都補助金,4,農林業費都補助金,source-csv,15,都(道府県)支出金,2,都(道府県)補助金,map,マスタの表記は「都(道府県)補助金」。都の読みで同じ項。⚠️ コードのゼロ埋めが年度で変わる（R3 は01・R4 は1）ため両表記を登録する
2022,revenue,"",一般会計,17,都支出金,2,都補助金,5,商工費都補助金,source-csv,15,都(道府県)支出金,2,都(道府県)補助金,map,マスタの表記は「都(道府県)補助金」。都の読みで同じ項。⚠️ コードのゼロ埋めが年度で変わる（R3 は01・R4 は1）ため両表記を登録する
2022,revenue,"",一般会計,17,都支出金,2,都補助金,6,土木費都補助金,source-csv,15,都(道府県)支出金,2,都(道府県)補助金,map,マスタの表記は「都(道府県)補助金」。都の読みで同じ項。⚠️ コードのゼロ埋めが年度で変わる（R3 は01・R4 は1）ため両表記を登録する
2022,revenue,"",一般会計,17,都支出金,2,都補助金,7,消防費都補助金,source-csv,15,都(道府県)支出金,2,都(道府県)補助金,map,マスタの表記は「都(道府県)補助金」。都の読みで同じ項。⚠️ コードのゼロ埋めが年度で変わる（R3 は01・R4 は1）ため両表記を登録する
2022,revenue,"",一般会計,17,都支出金,2,都補助金,8,教育費都補助金,source-csv,15,都(道府県)支出金,2,都(道府県)補助金,map,マスタの表記は「都(道府県)補助金」。都の読みで同じ項。⚠️ コードのゼロ埋めが年度で変わる（R3 は01・R4 は1）ため両表記を登録する
2022,revenue,"",一般会計,17,都支出金,2,都補助金,9,公債費都補助金,source-csv,15,都(道府県)支出金,2,都(道府県)補助金,map,マスタの表記は「都(道府県)補助金」。都の読みで同じ項。⚠️ コードのゼロ埋めが年度で変わる（R3 は01・R4 は1）ため両表記を登録する
2022,revenue,"",一般会計,17,都支出金,3,委託金,1,総務費委託金,source-csv,15,都(道府県)支出金,3,委託金,map,項の名称がマスタと完全一致（款は account_map の対応を介す）
2022,revenue,"",一般会計,17,都支出金,3,委託金,2,民生費委託金,source-csv,15,都(道府県)支出金,3,委託金,map,項の名称がマスタと完全一致（款は account_map の対応を介す）
2022,revenue,"",一般会計,17,都支出金,3,委託金,3,衛生費委託金,source-csv,15,都(道府県)支出金,3,委託金,map,項の名称がマスタと完全一致（款は account_map の対応を介す）
2022,revenue,"",一般会計,17,都支出金,3,委託金,5,土木費委託金,source-csv,15,都(道府県)支出金,3,委託金,map,項の名称がマスタと完全一致（款は account_map の対応を介す）
2022,revenue,"",一般会計,17,都支出金,3,委託金,6,教育費委託金,source-csv,15,都(道府県)支出金,3,委託金,map,項の名称がマスタと完全一致（款は account_map の対応を介す）
2022,revenue,"",一般会計,18,財産収入,1,財産運用収入,1,財産貸付収入,source-csv,16,財産収入,1,財産運用収入,map,項の名称がマスタと完全一致（款は account_map の対応を介す）
2022,revenue,"",一般会計,18,財産収入,1,財産運用収入,2,利子及び配当金,source-csv,16,財産収入,1,財産運用収入,map,項の名称がマスタと完全一致（款は account_map の対応を介す）
2022,revenue,"",一般会計,18,財産収入,2,財産売払収入,1,不動産売払収入,source-csv,16,財産収入,2,財産売払収入,map,項の名称がマスタと完全一致（款は account_map の対応を介す）
2022,revenue,"",一般会計,18,財産収入,2,財産売払収入,2,物品売払収入,source-csv,16,財産収入,2,財産売払収入,map,項の名称がマスタと完全一致（款は account_map の対応を介す）
2022,revenue,"",一般会計,19,寄附金,1,寄附金,1,一般寄附金,source-csv,17,寄附金,1,寄附金,map,項の名称がマスタと完全一致（款は account_map の対応を介す）
2022,revenue,"",一般会計,19,寄附金,1,寄附金,4,民生費寄附金,source-csv,17,寄附金,1,寄附金,map,項の名称がマスタと完全一致（款は account_map の対応を介す）
2022,revenue,"",一般会計,19,寄附金,1,寄附金,5,衛生費寄附金,source-csv,17,寄附金,1,寄附金,map,項の名称がマスタと完全一致（款は account_map の対応を介す）
2022,revenue,"",一般会計,19,寄附金,1,寄附金,8,商工費寄附金,source-csv,17,寄附金,1,寄附金,map,項の名称がマスタと完全一致（款は account_map の対応を介す）
2022,revenue,"",一般会計,19,寄附金,1,寄附金,9,土木費寄附金,source-csv,17,寄附金,1,寄附金,map,項の名称がマスタと完全一致（款は account_map の対応を介す）
2022,revenue,"",一般会計,19,寄附金,1,寄附金,10,消防費寄附金,source-csv,17,寄附金,1,寄附金,map,項の名称がマスタと完全一致（款は account_map の対応を介す）
2022,revenue,"",一般会計,19,寄附金,1,寄附金,11,教育費寄附金,source-csv,17,寄附金,1,寄附金,map,項の名称がマスタと完全一致（款は account_map の対応を介す）
2022,revenue,"",一般会計,20,繰入金,1,基金繰入金,1,財政調整基金繰入金,source-csv,18,繰入金,2,基金繰入金,map,項の名称がマスタと完全一致（款は account_map の対応を介す）
2022,revenue,"",一般会計,20,繰入金,1,基金繰入金,2,公共建築物等整備保全基金繰入金,source-csv,18,繰入金,2,基金繰入金,map,項の名称がマスタと完全一致（款は account_map の対応を介す）
2022,revenue,"",一般会計,20,繰入金,1,基金繰入金,3,福祉基金繰入金,source-csv,18,繰入金,2,基金繰入金,map,項の名称がマスタと完全一致（款は account_map の対応を介す）
2022,revenue,"",一般会計,20,繰入金,1,基金繰入金,4,いきいきＴＡＭＡ基金繰入金,source-csv,18,繰入金,2,基金繰入金,map,項の名称がマスタと完全一致（款は account_map の対応を介す）
2022,revenue,"",一般会計,20,繰入金,1,基金繰入金,5,みどりの基金繰入金,source-csv,18,繰入金,2,基金繰入金,map,項の名称がマスタと完全一致（款は account_map の対応を介す）
2022,revenue,"",一般会計,20,繰入金,1,基金繰入金,9,都市計画基金繰入金,source-csv,18,繰入金,2,基金繰入金,map,項の名称がマスタと完全一致（款は account_map の対応を介す）
2022,revenue,"",一般会計,20,繰入金,1,基金繰入金,10,新型コロナウイルス感染症対策基金繰入金,source-csv,18,繰入金,2,基金繰入金,map,項の名称がマスタと完全一致（款は account_map の対応を介す）
2022,revenue,"",一般会計,20,繰入金,2,特別会計繰入金,2,介護保険特別会計繰入金,source-csv,18,繰入金,1,特別会計繰入金,map,項の名称がマスタと完全一致（款は account_map の対応を介す）
2022,revenue,"",一般会計,20,繰入金,2,特別会計繰入金,4,後期高齢者医療特別会計繰入金,source-csv,18,繰入金,1,特別会計繰入金,map,項の名称がマスタと完全一致（款は account_map の対応を介す）
2022,revenue,"",一般会計,21,繰越金,1,繰越金,1,繰越金,source-csv,19,繰越金,1,繰越金,map,項の名称がマスタと完全一致（款は account_map の対応を介す）
2022,revenue,"",一般会計,22,諸収入,1,延滞金・加算金及び過料,1,延滞金,source-csv,20,諸収入,1,延滞金、加算金及び過料,map,マスタの表記は「延滞金、加算金及び過料」。並列の区切りが読点か中黒かの表記差。⚠️ コードのゼロ埋めが年度で変わる（R3 は01・R4 は1）ため両表記を登録する
2022,revenue,"",一般会計,22,諸収入,1,延滞金・加算金及び過料,2,加算金,source-csv,20,諸収入,1,延滞金、加算金及び過料,map,マスタの表記は「延滞金、加算金及び過料」。並列の区切りが読点か中黒かの表記差。⚠️ コードのゼロ埋めが年度で変わる（R3 は01・R4 は1）ため両表記を登録する
2022,revenue,"",一般会計,22,諸収入,1,延滞金・加算金及び過料,3,過料,source-csv,20,諸収入,1,延滞金、加算金及び過料,map,マスタの表記は「延滞金、加算金及び過料」。並列の区切りが読点か中黒かの表記差。⚠️ コードのゼロ埋めが年度で変わる（R3 は01・R4 は1）ため両表記を登録する
2022,revenue,"",一般会計,22,諸収入,2,市預金利子,1,市預金利子,source-csv,20,諸収入,2,市(町村)預金利子,map,マスタの表記は「市(町村)預金利子」。市の読みで同じ項。⚠️ コードのゼロ埋めが年度で変わる（R3 は01・R4 は1）ため両表記を登録する
2022,revenue,"",一般会計,22,諸収入,3,貸付金元利収入,1,総務費貸付金元利収入,source-csv,20,諸収入,4,貸付金元利収入,map,項の名称がマスタと完全一致（款は account_map の対応を介す）
2022,revenue,"",一般会計,22,諸収入,4,収益事業収入,1,競艇事業収入,source-csv,20,諸収入,6,収益事業収入,map,項の名称がマスタと完全一致（款は account_map の対応を介す）
2022,revenue,"",一般会計,22,諸収入,5,雑入,1,小切手未払資金組入れ,source-csv,20,諸収入,7,雑入,map,項の名称がマスタと完全一致（款は account_map の対応を介す）
2022,revenue,"",一般会計,22,諸収入,5,雑入,2,過年度収入,source-csv,20,諸収入,7,雑入,map,項の名称がマスタと完全一致（款は account_map の対応を介す）
2022,revenue,"",一般会計,22,諸収入,5,雑入,3,弁償金,source-csv,20,諸収入,7,雑入,map,項の名称がマスタと完全一致（款は account_map の対応を介す）
2022,revenue,"",一般会計,22,諸収入,5,雑入,5,雑入,source-csv,20,諸収入,7,雑入,map,項の名称がマスタと完全一致（款は account_map の対応を介す）
2022,revenue,"",一般会計,23,市債,1,市債,1,総務債,source-csv,21,市(町村)債,1,市(町村)債,map,マスタの表記は「市(町村)債」。市の読みで同じ項。⚠️ コードのゼロ埋めが年度で変わる（R3 は01・R4 は1）ため両表記を登録する
2022,revenue,"",一般会計,23,市債,1,市債,2,衛生債,source-csv,21,市(町村)債,1,市(町村)債,map,マスタの表記は「市(町村)債」。市の読みで同じ項。⚠️ コードのゼロ埋めが年度で変わる（R3 は01・R4 は1）ため両表記を登録する
2022,revenue,"",一般会計,23,市債,1,市債,5,教育債,source-csv,21,市(町村)債,1,市(町村)債,map,マスタの表記は「市(町村)債」。市の読みで同じ項。⚠️ コードのゼロ埋めが年度で変わる（R3 は01・R4 は1）ため両表記を登録する
2022,revenue,"",一般会計,23,市債,1,市債,9,土木債,source-csv,21,市(町村)債,1,市(町村)債,map,マスタの表記は「市(町村)債」。市の読みで同じ項。⚠️ コードのゼロ埋めが年度で変わる（R3 は01・R4 は1）ため両表記を登録する
2023,expenditure,"",一般会計,1,議会費,1,議会費,1,議会費,source-csv,1,議会費,1,議会費,map,項の名称がマスタと完全一致（款は account_map の対応を介す）
2023,expenditure,"",一般会計,2,総務費,1,総務管理費,1,一般管理費,source-csv,2,総務費,1,総務管理費,map,項の名称がマスタと完全一致（款は account_map の対応を介す）
2023,expenditure,"",一般会計,2,総務費,1,総務管理費,2,人事管理費,source-csv,2,総務費,1,総務管理費,map,項の名称がマスタと完全一致（款は account_map の対応を介す）
2023,expenditure,"",一般会計,2,総務費,1,総務管理費,3,文書広報費,source-csv,2,総務費,1,総務管理費,map,項の名称がマスタと完全一致（款は account_map の対応を介す）
2023,expenditure,"",一般会計,2,総務費,1,総務管理費,4,財政管理費,source-csv,2,総務費,1,総務管理費,map,項の名称がマスタと完全一致（款は account_map の対応を介す）
2023,expenditure,"",一般会計,2,総務費,1,総務管理費,5,会計管理費,source-csv,2,総務費,1,総務管理費,map,項の名称がマスタと完全一致（款は account_map の対応を介す）
2023,expenditure,"",一般会計,2,総務費,1,総務管理費,6,財産管理費,source-csv,2,総務費,1,総務管理費,map,項の名称がマスタと完全一致（款は account_map の対応を介す）
2023,expenditure,"",一般会計,2,総務費,1,総務管理費,7,企画費,source-csv,2,総務費,1,総務管理費,map,項の名称がマスタと完全一致（款は account_map の対応を介す）
2023,expenditure,"",一般会計,2,総務費,1,総務管理費,8,財政調整基金費,source-csv,2,総務費,1,総務管理費,map,項の名称がマスタと完全一致（款は account_map の対応を介す）
2023,expenditure,"",一般会計,2,総務費,1,総務管理費,9,青少年対策費,source-csv,2,総務費,1,総務管理費,map,項の名称がマスタと完全一致（款は account_map の対応を介す）
2023,expenditure,"",一般会計,2,総務費,1,総務管理費,10,交通安全対策費,source-csv,2,総務費,1,総務管理費,map,項の名称がマスタと完全一致（款は account_map の対応を介す）
2023,expenditure,"",一般会計,2,総務費,1,総務管理費,11,複合文化施設費,source-csv,2,総務費,1,総務管理費,map,項の名称がマスタと完全一致（款は account_map の対応を介す）
2023,expenditure,"",一般会計,2,総務費,1,総務管理費,12,文化推進費,source-csv,2,総務費,1,総務管理費,map,項の名称がマスタと完全一致（款は account_map の対応を介す）
2023,expenditure,"",一般会計,2,総務費,1,総務管理費,13,地域振興費,source-csv,2,総務費,1,総務管理費,map,項の名称がマスタと完全一致（款は account_map の対応を介す）
2023,expenditure,"",一般会計,2,総務費,1,総務管理費,15,出張所費,source-csv,2,総務費,1,総務管理費,map,項の名称がマスタと完全一致（款は account_map の対応を介す）
2023,expenditure,"",一般会計,2,総務費,1,総務管理費,16,防犯対策費,source-csv,2,総務費,1,総務管理費,map,項の名称がマスタと完全一致（款は account_map の対応を介す）
2023,expenditure,"",一般会計,2,総務費,1,総務管理費,17,諸費,source-csv,2,総務費,1,総務管理費,map,項の名称がマスタと完全一致（款は account_map の対応を介す）
2023,expenditure,"",一般会計,2,総務費,2,徴税費,1,税務総務費,source-csv,2,総務費,2,徴税費,map,項の名称がマスタと完全一致（款は account_map の対応を介す）
2023,expenditure,"",一般会計,2,総務費,2,徴税費,2,賦課徴収費,source-csv,2,総務費,2,徴税費,map,項の名称がマスタと完全一致（款は account_map の対応を介す）
2023,expenditure,"",一般会計,2,総務費,3,戸籍住民基本台帳費,1,戸籍住民基本台帳費,source-csv,2,総務費,3,戸籍住民基本台帳費,map,項の名称がマスタと完全一致（款は account_map の対応を介す）
2023,expenditure,"",一般会計,2,総務費,4,選挙費,1,選挙管理委員会費,source-csv,2,総務費,4,選挙費,map,項の名称がマスタと完全一致（款は account_map の対応を介す）
2023,expenditure,"",一般会計,2,総務費,4,選挙費,2,選挙常時啓発費,source-csv,2,総務費,4,選挙費,map,項の名称がマスタと完全一致（款は account_map の対応を介す）
2023,expenditure,"",一般会計,2,総務費,4,選挙費,3,市議会議員選挙費,source-csv,2,総務費,4,選挙費,map,項の名称がマスタと完全一致（款は account_map の対応を介す）
2023,expenditure,"",一般会計,2,総務費,5,統計調査費,1,統計総務費,source-csv,2,総務費,5,統計調査費,map,項の名称がマスタと完全一致（款は account_map の対応を介す）
2023,expenditure,"",一般会計,2,総務費,5,統計調査費,2,基幹統計費,source-csv,2,総務費,5,統計調査費,map,項の名称がマスタと完全一致（款は account_map の対応を介す）
2023,expenditure,"",一般会計,2,総務費,6,監査委員費,1,監査委員費,source-csv,2,総務費,6,監査委員費,map,項の名称がマスタと完全一致（款は account_map の対応を介す）
2023,expenditure,"",一般会計,3,民生費,1,社会福祉費,1,社会福祉総務費,source-csv,3,民生費,1,社会福祉費,map,項の名称がマスタと完全一致（款は account_map の対応を介す）
2023,expenditure,"",一般会計,3,民生費,1,社会福祉費,2,障害者福祉費,source-csv,3,民生費,1,社会福祉費,map,項の名称がマスタと完全一致（款は account_map の対応を介す）
2023,expenditure,"",一般会計,3,民生費,1,社会福祉費,3,老人福祉費,source-csv,3,民生費,1,社会福祉費,map,項の名称がマスタと完全一致（款は account_map の対応を介す）
2023,expenditure,"",一般会計,3,民生費,1,社会福祉費,4,社会福祉施設費,source-csv,3,民生費,1,社会福祉費,map,項の名称がマスタと完全一致（款は account_map の対応を介す）
2023,expenditure,"",一般会計,3,民生費,2,児童福祉費,1,児童福祉総務費,source-csv,3,民生費,2,児童福祉費,map,項の名称がマスタと完全一致（款は account_map の対応を介す）
2023,expenditure,"",一般会計,3,民生費,2,児童福祉費,2,児童措置費,source-csv,3,民生費,2,児童福祉費,map,項の名称がマスタと完全一致（款は account_map の対応を介す）
2023,expenditure,"",一般会計,3,民生費,2,児童福祉費,3,母子福祉費,source-csv,3,民生費,2,児童福祉費,map,項の名称がマスタと完全一致（款は account_map の対応を介す）
2023,expenditure,"",一般会計,3,民生費,2,児童福祉費,4,児童福祉施設費,source-csv,3,民生費,2,児童福祉費,map,項の名称がマスタと完全一致（款は account_map の対応を介す）
2023,expenditure,"",一般会計,3,民生費,3,生活保護費,1,生活保護総務費,source-csv,3,民生費,3,生活保護費,map,項の名称がマスタと完全一致（款は account_map の対応を介す）
2023,expenditure,"",一般会計,3,民生費,3,生活保護費,2,扶助費,source-csv,3,民生費,3,生活保護費,map,項の名称がマスタと完全一致（款は account_map の対応を介す）
2023,expenditure,"",一般会計,3,民生費,4,国民年金費,1,国民年金総務費,source-csv,3,民生費,,,addition,法定の民生費の項に無いが様式の備考1が行政権能の差による項の追加を認めている。国民年金事務は法定受託事務として市町村が担う。⚠️ コードのゼロ埋めが年度で変わる（R3 は01・R4 は1）ため両表記を登録する
2023,expenditure,"",一般会計,3,民生費,5,災害救助費,1,災害救助費,source-csv,3,民生費,4,災害救助費,map,項の名称がマスタと完全一致（款は account_map の対応を介す）
2023,expenditure,"",一般会計,4,衛生費,1,保健衛生費,1,保健衛生総務費,source-csv,4,衛生費,1,保健衛生費,map,項の名称がマスタと完全一致（款は account_map の対応を介す）
2023,expenditure,"",一般会計,4,衛生費,1,保健衛生費,2,予防費,source-csv,4,衛生費,1,保健衛生費,map,項の名称がマスタと完全一致（款は account_map の対応を介す）
2023,expenditure,"",一般会計,4,衛生費,1,保健衛生費,3,環境衛生費,source-csv,4,衛生費,1,保健衛生費,map,項の名称がマスタと完全一致（款は account_map の対応を介す）
2023,expenditure,"",一般会計,4,衛生費,1,保健衛生費,4,環境保全費,source-csv,4,衛生費,1,保健衛生費,map,項の名称がマスタと完全一致（款は account_map の対応を介す）
2023,expenditure,"",一般会計,4,衛生費,1,保健衛生費,5,公害対策費,source-csv,4,衛生費,1,保健衛生費,map,項の名称がマスタと完全一致（款は account_map の対応を介す）
2023,expenditure,"",一般会計,4,衛生費,2,清掃費,1,清掃総務費,source-csv,4,衛生費,2,清掃費,map,項の名称がマスタと完全一致（款は account_map の対応を介す）
2023,expenditure,"",一般会計,4,衛生費,2,清掃費,2,塵芥処理費,source-csv,4,衛生費,2,清掃費,map,項の名称がマスタと完全一致（款は account_map の対応を介す）
2023,expenditure,"",一般会計,4,衛生費,2,清掃費,3,し尿処理費,source-csv,4,衛生費,2,清掃費,map,項の名称がマスタと完全一致（款は account_map の対応を介す）
2023,expenditure,"",一般会計,5,労働費,1,労働諸費,1,労働諸費,source-csv,5,労働費,2,労働諸費,map,項の名称がマスタと完全一致（款は account_map の対応を介す）
2023,expenditure,"",一般会計,6,農林業費,1,農業費,1,農業委員会費,source-csv,6,農林水産業費,1,農業費,map,項の名称がマスタと完全一致（款は account_map の対応を介す）
2023,expenditure,"",一般会計,6,農林業費,1,農業費,2,農業総務費,source-csv,6,農林水産業費,1,農業費,map,項の名称がマスタと完全一致（款は account_map の対応を介す）
2023,expenditure,"",一般会計,6,農林業費,1,農業費,3,農業振興費,source-csv,6,農林水産業費,1,農業費,map,項の名称がマスタと完全一致（款は account_map の対応を介す）
2023,expenditure,"",一般会計,7,商工費,1,商工費,1,商工総務費,source-csv,7,商工費,1,商工費,map,項の名称がマスタと完全一致（款は account_map の対応を介す）
2023,expenditure,"",一般会計,7,商工費,1,商工費,2,商工振興費,source-csv,7,商工費,1,商工費,map,項の名称がマスタと完全一致（款は account_map の対応を介す）
2023,expenditure,"",一般会計,7,商工費,1,商工費,3,消費者対策費,source-csv,7,商工費,1,商工費,map,項の名称がマスタと完全一致（款は account_map の対応を介す）
2023,expenditure,"",一般会計,8,土木費,1,土木管理費,1,土木総務費,source-csv,8,土木費,1,土木管理費,map,項の名称がマスタと完全一致（款は account_map の対応を介す）
2023,expenditure,"",一般会計,8,土木費,2,道路橋りょう費,1,道路橋りょう総務費,source-csv,8,土木費,2,道路橋りよう費,map,マスタの表記は「道路橋りよう費」（拗音を大書きする様式の記法）。同じ項。⚠️ コードのゼロ埋めが年度で変わる（R3 は01・R4 は1）ため両表記を登録する
2023,expenditure,"",一般会計,8,土木費,2,道路橋りょう費,2,道路維持費,source-csv,8,土木費,2,道路橋りよう費,map,マスタの表記は「道路橋りよう費」（拗音を大書きする様式の記法）。同じ項。⚠️ コードのゼロ埋めが年度で変わる（R3 は01・R4 は1）ため両表記を登録する
2023,expenditure,"",一般会計,8,土木費,2,道路橋りょう費,3,道路新設改良費,source-csv,8,土木費,2,道路橋りよう費,map,マスタの表記は「道路橋りよう費」（拗音を大書きする様式の記法）。同じ項。⚠️ コードのゼロ埋めが年度で変わる（R3 は01・R4 は1）ため両表記を登録する
2023,expenditure,"",一般会計,8,土木費,2,道路橋りょう費,4,交通安全施設費,source-csv,8,土木費,2,道路橋りよう費,map,マスタの表記は「道路橋りよう費」（拗音を大書きする様式の記法）。同じ項。⚠️ コードのゼロ埋めが年度で変わる（R3 は01・R4 は1）ため両表記を登録する
2023,expenditure,"",一般会計,8,土木費,2,道路橋りょう費,5,橋りょう維持費,source-csv,8,土木費,2,道路橋りよう費,map,マスタの表記は「道路橋りよう費」（拗音を大書きする様式の記法）。同じ項。⚠️ コードのゼロ埋めが年度で変わる（R3 は01・R4 は1）ため両表記を登録する
2023,expenditure,"",一般会計,8,土木費,3,都市計画費,1,都市計画総務費,source-csv,8,土木費,5,都市計画費,map,項の名称がマスタと完全一致（款は account_map の対応を介す）
2023,expenditure,"",一般会計,8,土木費,3,都市計画費,4,公園費,source-csv,8,土木費,5,都市計画費,map,項の名称がマスタと完全一致（款は account_map の対応を介す）
2023,expenditure,"",一般会計,8,土木費,3,都市計画費,5,緑化推進対策費,source-csv,8,土木費,5,都市計画費,map,項の名称がマスタと完全一致（款は account_map の対応を介す）
2023,expenditure,"",一般会計,8,土木費,4,住宅費,1,住宅管理費,source-csv,8,土木費,6,住宅費,map,項の名称がマスタと完全一致（款は account_map の対応を介す）
2023,expenditure,"",一般会計,9,消防費,1,消防費,1,常備消防費,source-csv,9,消防費,1,消防費,map,項の名称がマスタと完全一致（款は account_map の対応を介す）
2023,expenditure,"",一般会計,9,消防費,1,消防費,2,非常備消防費,source-csv,9,消防費,1,消防費,map,項の名称がマスタと完全一致（款は account_map の対応を介す）
2023,expenditure,"",一般会計,9,消防費,1,消防費,3,消防施設費,source-csv,9,消防費,1,消防費,map,項の名称がマスタと完全一致（款は account_map の対応を介す）
2023,expenditure,"",一般会計,9,消防費,1,消防費,4,水防費,source-csv,9,消防費,1,消防費,map,項の名称がマスタと完全一致（款は account_map の対応を介す）
2023,expenditure,"",一般会計,9,消防費,1,消防費,5,災害対策費,source-csv,9,消防費,1,消防費,map,項の名称がマスタと完全一致（款は account_map の対応を介す）
2023,expenditure,"",一般会計,10,教育費,1,教育総務費,1,教育委員会費,source-csv,10,教育費,1,教育総務費,map,項の名称がマスタと完全一致（款は account_map の対応を介す）
2023,expenditure,"",一般会計,10,教育費,1,教育総務費,2,事務局費,source-csv,10,教育費,1,教育総務費,map,項の名称がマスタと完全一致（款は account_map の対応を介す）
2023,expenditure,"",一般会計,10,教育費,1,教育総務費,3,教育指導費,source-csv,10,教育費,1,教育総務費,map,項の名称がマスタと完全一致（款は account_map の対応を介す）
2023,expenditure,"",一般会計,10,教育費,2,小学校費,1,学校管理費,source-csv,10,教育費,2,小学校費,map,項の名称がマスタと完全一致（款は account_map の対応を介す）
2023,expenditure,"",一般会計,10,教育費,2,小学校費,2,教育振興費,source-csv,10,教育費,2,小学校費,map,項の名称がマスタと完全一致（款は account_map の対応を介す）
2023,expenditure,"",一般会計,10,教育費,2,小学校費,3,学校保健衛生費,source-csv,10,教育費,2,小学校費,map,項の名称がマスタと完全一致（款は account_map の対応を介す）
2023,expenditure,"",一般会計,10,教育費,2,小学校費,4,学校建設費,source-csv,10,教育費,2,小学校費,map,項の名称がマスタと完全一致（款は account_map の対応を介す）
2023,expenditure,"",一般会計,10,教育費,3,中学校費,1,学校管理費,source-csv,10,教育費,3,中学校費,map,項の名称がマスタと完全一致（款は account_map の対応を介す）
2023,expenditure,"",一般会計,10,教育費,3,中学校費,2,教育振興費,source-csv,10,教育費,3,中学校費,map,項の名称がマスタと完全一致（款は account_map の対応を介す）
2023,expenditure,"",一般会計,10,教育費,3,中学校費,3,学校保健衛生費,source-csv,10,教育費,3,中学校費,map,項の名称がマスタと完全一致（款は account_map の対応を介す）
2023,expenditure,"",一般会計,10,教育費,3,中学校費,4,学校建設費,source-csv,10,教育費,3,中学校費,map,項の名称がマスタと完全一致（款は account_map の対応を介す）
2023,expenditure,"",一般会計,10,教育費,4,幼稚園費,1,幼稚園費,source-csv,10,教育費,5,幼稚園費,map,項の名称がマスタと完全一致（款は account_map の対応を介す）
2023,expenditure,"",一般会計,10,教育費,5,社会教育費,1,社会教育総務費,source-csv,10,教育費,6,社会教育費,map,項の名称がマスタと完全一致（款は account_map の対応を介す）
2023,expenditure,"",一般会計,10,教育費,5,社会教育費,2,公民館費,source-csv,10,教育費,6,社会教育費,map,項の名称がマスタと完全一致（款は account_map の対応を介す）
2023,expenditure,"",一般会計,10,教育費,5,社会教育費,3,図書館費,source-csv,10,教育費,6,社会教育費,map,項の名称がマスタと完全一致（款は account_map の対応を介す）
2023,expenditure,"",一般会計,10,教育費,5,社会教育費,4,社会教育施設費,source-csv,10,教育費,6,社会教育費,map,項の名称がマスタと完全一致（款は account_map の対応を介す）
2023,expenditure,"",一般会計,10,教育費,6,保健体育費,1,保健体育総務費,source-csv,10,教育費,7,保健体育費,map,項の名称がマスタと完全一致（款は account_map の対応を介す）
2023,expenditure,"",一般会計,10,教育費,6,保健体育費,2,体育施設費,source-csv,10,教育費,7,保健体育費,map,項の名称がマスタと完全一致（款は account_map の対応を介す）
2023,expenditure,"",一般会計,10,教育費,6,保健体育費,3,学校給食費,source-csv,10,教育費,7,保健体育費,map,項の名称がマスタと完全一致（款は account_map の対応を介す）
2023,expenditure,"",一般会計,11,災害復旧費,1,公共土木施設災害復旧費,1,道路橋りょう災害復旧費,source-csv,11,災害復旧費,2,何施設災害復旧費,map,マスタの「何施設災害復旧費」の「何」に施設の種類を入れた形。様式の「何税」「何寄附金」と同じ記法。⚠️ コードのゼロ埋めが年度で変わる（R3 は01・R4 は1）ため両表記を登録する
2023,expenditure,"",一般会計,11,災害復旧費,2,公園施設災害復旧費,1,公園施設災害復旧費,source-csv,11,災害復旧費,2,何施設災害復旧費,map,マスタの「何施設災害復旧費」の「何」に施設の種類を入れた形。⚠️ コードのゼロ埋めが年度で変わる（R3 は01・R4 は1）ため両表記を登録する
2023,expenditure,"",一般会計,11,災害復旧費,3,文教施設災害復旧費,1,教育施設災害復旧費,source-csv,11,災害復旧費,2,何施設災害復旧費,map,マスタの「何施設災害復旧費」の「何」に施設の種類を入れた形。⚠️ コードのゼロ埋めが年度で変わる（R3 は01・R4 は1）ため両表記を登録する
2023,expenditure,"",一般会計,11,災害復旧費,4,その他公共、公用施設災害復旧費,1,その他公共施設、公用施設災害復旧費,source-csv,11,災害復旧費,2,何施設災害復旧費,map,マスタの「何施設災害復旧費」の「何」に施設の種類を入れた形。⚠️ コードのゼロ埋めが年度で変わる（R3 は01・R4 は1）ため両表記を登録する
2023,expenditure,"",一般会計,12,公債費,1,公債費,1,元金,source-csv,12,公債費,1,公債費,map,項の名称がマスタと完全一致（款は account_map の対応を介す）
2023,expenditure,"",一般会計,12,公債費,1,公債費,2,利子,source-csv,12,公債費,1,公債費,map,項の名称がマスタと完全一致（款は account_map の対応を介す）
2023,expenditure,"",一般会計,13,諸支出金,1,小切手支払未済償還金,1,小切手支払未済償還金,source-csv,13,諸支出金,,,addition,法定の諸支出金の項に無いが様式の備考1が行政権能の差による項の追加を認めている。歳計現金の戻入にあたる。⚠️ コードのゼロ埋めが年度で変わる（R3 は01・R4 は1）ため両表記を登録する
2023,expenditure,"",一般会計,14,予備費,1,予備費,1,予備費,source-csv,14,予備費,1,予備費,map,項の名称がマスタと完全一致（款は account_map の対応を介す）
2023,revenue,"",一般会計,1,市税,1,市民税,1,個人,source-csv,1,市(町村)税,1,市町村民税,map,マスタの表記は「市町村民税」。マスタの「市(町村)」「都(道府県)」は市か町村か（都か道府県か）で読み替える様式の記法。市の読みで同じ項。⚠️ コードのゼロ埋めが年度で変わる（R3 は01・R4 は1）ため両表記を登録する
2023,revenue,"",一般会計,1,市税,1,市民税,2,法人,source-csv,1,市(町村)税,1,市町村民税,map,マスタの表記は「市町村民税」。マスタの「市(町村)」「都(道府県)」は市か町村か（都か道府県か）で読み替える様式の記法。市の読みで同じ項。⚠️ コードのゼロ埋めが年度で変わる（R3 は01・R4 は1）ため両表記を登録する
2023,revenue,"",一般会計,1,市税,2,固定資産税,1,固定資産税,source-csv,1,市(町村)税,2,固定資産税,map,項の名称がマスタと完全一致（款は account_map の対応を介す）
2023,revenue,"",一般会計,1,市税,2,固定資産税,2,国有資産等所在市町村交付金,source-csv,1,市(町村)税,2,固定資産税,map,項の名称がマスタと完全一致（款は account_map の対応を介す）
2023,revenue,"",一般会計,1,市税,3,軽自動車税,1,種別割,source-csv,1,市(町村)税,3,軽自動車税,map,項の名称がマスタと完全一致（款は account_map の対応を介す）
2023,revenue,"",一般会計,1,市税,3,軽自動車税,2,環境性能割,source-csv,1,市(町村)税,3,軽自動車税,map,項の名称がマスタと完全一致（款は account_map の対応を介す）
2023,revenue,"",一般会計,1,市税,4,市たばこ税,1,市たばこ税,source-csv,1,市(町村)税,4,市町村たばこ税,map,マスタの表記は「市町村たばこ税」。市の読みで同じ項。⚠️ コードのゼロ埋めが年度で変わる（R3 は01・R4 は1）ため両表記を登録する
2023,revenue,"",一般会計,1,市税,5,都市計画税,1,都市計画税,source-csv,1,市(町村)税,9,都市計画税,map,項の名称がマスタと完全一致（款は account_map の対応を介す）
2023,revenue,"",一般会計,2,地方譲与税,1,地方揮発油譲与税,1,地方揮発油譲与税,source-csv,2,地方譲与税,1,地方揮発油譲与税,map,項の名称がマスタと完全一致（款は account_map の対応を介す）
2023,revenue,"",一般会計,2,地方譲与税,2,自動車重量譲与税,1,自動車重量譲与税,source-csv,2,地方譲与税,2,自動車重量譲与税,map,項の名称がマスタと完全一致（款は account_map の対応を介す）
2023,revenue,"",一般会計,2,地方譲与税,3,地方道路譲与税,1,地方道路譲与税,source-csv,2,地方譲与税,3,地方道路譲与税,map,項の名称がマスタと完全一致（款は account_map の対応を介す）
2023,revenue,"",一般会計,2,地方譲与税,4,森林環境譲与税,1,森林環境譲与税,source-csv,2,地方譲与税,4,森林環境譲与税,map,項の名称がマスタと完全一致（款は account_map の対応を介す）
2023,revenue,"",一般会計,3,利子割交付金,1,利子割交付金,1,利子割交付金,source-csv,3,利子割交付金,1,利子割交付金,map,項の名称がマスタと完全一致（款は account_map の対応を介す）
2023,revenue,"",一般会計,4,配当割交付金,1,配当割交付金,1,配当割交付金,source-csv,4,配当割交付金,1,配当割交付金,map,項の名称がマスタと完全一致（款は account_map の対応を介す）
2023,revenue,"",一般会計,5,株式等譲渡所得割交付金,1,株式等譲渡所得割交付金,1,株式等譲渡所得割交付金,source-csv,5,株式等譲渡所得割交付金,1,株式等譲渡所得割交付金,map,項の名称がマスタと完全一致（款は account_map の対応を介す）
2023,revenue,"",一般会計,6,法人事業税交付金,1,法人事業税交付金,1,法人事業税交付金,source-csv,6,法人事業税交付金,1,法人事業税交付金,map,項の名称がマスタと完全一致（款は account_map の対応を介す）
2023,revenue,"",一般会計,7,地方消費税交付金,1,地方消費税交付金,1,地方消費税交付金,source-csv,7,地方消費税交付金,1,地方消費税交付金,map,項の名称がマスタと完全一致（款は account_map の対応を介す）
2023,revenue,"",一般会計,8,ゴルフ場利用税交付金,1,ゴルフ場利用税交付金,1,ゴルフ場利用税交付金,source-csv,,,,,addition,款そのものが様式の歳入の備考2による条件付きの挿入なので対応先のマスタが無い。⚠️ コードのゼロ埋めが年度で変わる（R3 は01・R4 は1）ため両表記を登録する
2023,revenue,"",一般会計,9,環境性能割交付金,1,環境性能割交付金,1,環境性能割交付金,source-csv,8,環境性能割交付金,1,環境性能割交付金,map,項の名称がマスタと完全一致（款は account_map の対応を介す）
2023,revenue,"",一般会計,9,環境性能割交付金,1,環境性能割交付金,2,旧法による自動車取得税交付金,source-csv,8,環境性能割交付金,1,環境性能割交付金,map,項の名称がマスタと完全一致（款は account_map の対応を介す）
2023,revenue,"",一般会計,10,国有提供施設等所在市町村助成交付金,1,国有提供施設等所在市町村助成交付金,1,国有提供施設等所在市町村助成交付金,source-csv,,,,,addition,款そのものが様式の歳入の備考2による条件付きの挿入なので対応先のマスタが無い。⚠️ コードのゼロ埋めが年度で変わる（R3 は01・R4 は1）ため両表記を登録する
2023,revenue,"",一般会計,10,国有提供施設等所在市町村助成交付金,1,国有提供施設等所在市町村助成交付金,2,施設等所在市町村調整交付金,source-csv,,,,,addition,款そのものが様式の歳入の備考2による条件付きの挿入なので対応先のマスタが無い。⚠️ コードのゼロ埋めが年度で変わる（R3 は01・R4 は1）ため両表記を登録する
2023,revenue,"",一般会計,11,地方特例交付金,1,地方特例交付金,1,地方特例交付金,source-csv,9,地方特例交付金,1,地方特例交付金,map,項の名称がマスタと完全一致（款は account_map の対応を介す）
2023,revenue,"",一般会計,11,地方特例交付金,2,新型コロナウイルス感染症対策地方税減収補てん特別交付金,1,新型コロナウイルス感染症対策地方税減収補てん特別交付金,source-csv,9,地方特例交付金,,,addition,現行の法定様式に無い時限の交付金（令和2年度の税制対応）。地方特例交付金の款の下に市が計上した区分。⚠️ コードのゼロ埋めが年度で変わる（R3 は01・R4 は1）ため両表記を登録する。⚠️ 三鷹市は「補填」で多摩市は「補てん」と原典の表記が違う
2023,revenue,"",一般会計,12,地方交付税,1,地方交付税,1,地方交付税,source-csv,10,地方交付税,1,地方交付税,map,項の名称がマスタと完全一致（款は account_map の対応を介す）
2023,revenue,"",一般会計,13,交通安全対策特別交付金,1,交通安全対策特別交付金,1,交通安全対策特別交付金,source-csv,11,交通安全対策特別交付金,1,交通安全対策特別交付金,map,項の名称がマスタと完全一致（款は account_map の対応を介す）
2023,revenue,"",一般会計,14,分担金及び負担金,1,負担金,1,民生費負担金,source-csv,12,分担金及び負担金,2,負担金,map,項の名称がマスタと完全一致（款は account_map の対応を介す）
2023,revenue,"",一般会計,14,分担金及び負担金,1,負担金,2,衛生費負担金,source-csv,12,分担金及び負担金,2,負担金,map,項の名称がマスタと完全一致（款は account_map の対応を介す）
2023,revenue,"",一般会計,14,分担金及び負担金,1,負担金,3,土木費負担金,source-csv,12,分担金及び負担金,2,負担金,map,項の名称がマスタと完全一致（款は account_map の対応を介す）
2023,revenue,"",一般会計,15,使用料及び手数料,1,使用料,1,総務使用料,source-csv,13,使用料及び手数料,1,使用料,map,項の名称がマスタと完全一致（款は account_map の対応を介す）
2023,revenue,"",一般会計,15,使用料及び手数料,1,使用料,2,民生使用料,source-csv,13,使用料及び手数料,1,使用料,map,項の名称がマスタと完全一致（款は account_map の対応を介す）
2023,revenue,"",一般会計,15,使用料及び手数料,1,使用料,3,衛生使用料,source-csv,13,使用料及び手数料,1,使用料,map,項の名称がマスタと完全一致（款は account_map の対応を介す）
2023,revenue,"",一般会計,15,使用料及び手数料,1,使用料,4,商工使用料,source-csv,13,使用料及び手数料,1,使用料,map,項の名称がマスタと完全一致（款は account_map の対応を介す）
2023,revenue,"",一般会計,15,使用料及び手数料,1,使用料,5,土木使用料,source-csv,13,使用料及び手数料,1,使用料,map,項の名称がマスタと完全一致（款は account_map の対応を介す）
2023,revenue,"",一般会計,15,使用料及び手数料,1,使用料,6,教育使用料,source-csv,13,使用料及び手数料,1,使用料,map,項の名称がマスタと完全一致（款は account_map の対応を介す）
2023,revenue,"",一般会計,15,使用料及び手数料,2,手数料,1,総務手数料,source-csv,13,使用料及び手数料,2,手数料,map,項の名称がマスタと完全一致（款は account_map の対応を介す）
2023,revenue,"",一般会計,15,使用料及び手数料,2,手数料,2,衛生手数料,source-csv,13,使用料及び手数料,2,手数料,map,項の名称がマスタと完全一致（款は account_map の対応を介す）
2023,revenue,"",一般会計,15,使用料及び手数料,2,手数料,3,土木手数料,source-csv,13,使用料及び手数料,2,手数料,map,項の名称がマスタと完全一致（款は account_map の対応を介す）
2023,revenue,"",一般会計,15,使用料及び手数料,2,手数料,4,民生手数料,source-csv,13,使用料及び手数料,2,手数料,map,項の名称がマスタと完全一致（款は account_map の対応を介す）
2023,revenue,"",一般会計,16,国庫支出金,1,国庫負担金,1,民生費国庫負担金,source-csv,14,国庫支出金,1,国庫負担金,map,項の名称がマスタと完全一致（款は account_map の対応を介す）
2023,revenue,"",一般会計,16,国庫支出金,1,国庫負担金,2,衛生費国庫負担金,source-csv,14,国庫支出金,1,国庫負担金,map,項の名称がマスタと完全一致（款は account_map の対応を介す）
2023,revenue,"",一般会計,16,国庫支出金,1,国庫負担金,3,教育費国庫負担金,source-csv,14,国庫支出金,1,国庫負担金,map,項の名称がマスタと完全一致（款は account_map の対応を介す）
2023,revenue,"",一般会計,16,国庫支出金,2,国庫補助金,1,民生費国庫補助金,source-csv,14,国庫支出金,2,国庫補助金,map,項の名称がマスタと完全一致（款は account_map の対応を介す）
2023,revenue,"",一般会計,16,国庫支出金,2,国庫補助金,2,衛生費国庫補助金,source-csv,14,国庫支出金,2,国庫補助金,map,項の名称がマスタと完全一致（款は account_map の対応を介す）
2023,revenue,"",一般会計,16,国庫支出金,2,国庫補助金,3,土木費国庫補助金,source-csv,14,国庫支出金,2,国庫補助金,map,項の名称がマスタと完全一致（款は account_map の対応を介す）
2023,revenue,"",一般会計,16,国庫支出金,2,国庫補助金,4,教育費国庫補助金,source-csv,14,国庫支出金,2,国庫補助金,map,項の名称がマスタと完全一致（款は account_map の対応を介す）
2023,revenue,"",一般会計,16,国庫支出金,2,国庫補助金,5,総務費国庫補助金,source-csv,14,国庫支出金,2,国庫補助金,map,項の名称がマスタと完全一致（款は account_map の対応を介す）
2023,revenue,"",一般会計,16,国庫支出金,3,委託金,1,民生費委託金,source-csv,14,国庫支出金,3,委託金,map,項の名称がマスタと完全一致（款は account_map の対応を介す）
2023,revenue,"",一般会計,16,国庫支出金,3,委託金,2,総務費委託金,source-csv,14,国庫支出金,3,委託金,map,項の名称がマスタと完全一致（款は account_map の対応を介す）
2023,revenue,"",一般会計,17,都支出金,1,都負担金,1,民生費都負担金,source-csv,15,都(道府県)支出金,1,都(道府県)負担金,map,マスタの表記は「都(道府県)負担金」。都の読みで同じ項。⚠️ コードのゼロ埋めが年度で変わる（R3 は01・R4 は1）ため両表記を登録する
2023,revenue,"",一般会計,17,都支出金,1,都負担金,2,衛生費都負担金,source-csv,15,都(道府県)支出金,1,都(道府県)負担金,map,マスタの表記は「都(道府県)負担金」。都の読みで同じ項。⚠️ コードのゼロ埋めが年度で変わる（R3 は01・R4 は1）ため両表記を登録する
2023,revenue,"",一般会計,17,都支出金,1,都負担金,3,土木費都負担金,source-csv,15,都(道府県)支出金,1,都(道府県)負担金,map,マスタの表記は「都(道府県)負担金」。都の読みで同じ項。⚠️ コードのゼロ埋めが年度で変わる（R3 は01・R4 は1）ため両表記を登録する
2023,revenue,"",一般会計,17,都支出金,1,都負担金,4,教育費都負担金,source-csv,15,都(道府県)支出金,1,都(道府県)負担金,map,マスタの表記は「都(道府県)負担金」。都の読みで同じ項。⚠️ コードのゼロ埋めが年度で変わる（R3 は01・R4 は1）ため両表記を登録する
2023,revenue,"",一般会計,17,都支出金,2,都補助金,1,総務費都補助金,source-csv,15,都(道府県)支出金,2,都(道府県)補助金,map,マスタの表記は「都(道府県)補助金」。都の読みで同じ項。⚠️ コードのゼロ埋めが年度で変わる（R3 は01・R4 は1）ため両表記を登録する
2023,revenue,"",一般会計,17,都支出金,2,都補助金,2,民生費都補助金,source-csv,15,都(道府県)支出金,2,都(道府県)補助金,map,マスタの表記は「都(道府県)補助金」。都の読みで同じ項。⚠️ コードのゼロ埋めが年度で変わる（R3 は01・R4 は1）ため両表記を登録する
2023,revenue,"",一般会計,17,都支出金,2,都補助金,3,衛生費都補助金,source-csv,15,都(道府県)支出金,2,都(道府県)補助金,map,マスタの表記は「都(道府県)補助金」。都の読みで同じ項。⚠️ コードのゼロ埋めが年度で変わる（R3 は01・R4 は1）ため両表記を登録する
2023,revenue,"",一般会計,17,都支出金,2,都補助金,4,農林業費都補助金,source-csv,15,都(道府県)支出金,2,都(道府県)補助金,map,マスタの表記は「都(道府県)補助金」。都の読みで同じ項。⚠️ コードのゼロ埋めが年度で変わる（R3 は01・R4 は1）ため両表記を登録する
2023,revenue,"",一般会計,17,都支出金,2,都補助金,5,商工費都補助金,source-csv,15,都(道府県)支出金,2,都(道府県)補助金,map,マスタの表記は「都(道府県)補助金」。都の読みで同じ項。⚠️ コードのゼロ埋めが年度で変わる（R3 は01・R4 は1）ため両表記を登録する
2023,revenue,"",一般会計,17,都支出金,2,都補助金,6,土木費都補助金,source-csv,15,都(道府県)支出金,2,都(道府県)補助金,map,マスタの表記は「都(道府県)補助金」。都の読みで同じ項。⚠️ コードのゼロ埋めが年度で変わる（R3 は01・R4 は1）ため両表記を登録する
2023,revenue,"",一般会計,17,都支出金,2,都補助金,8,教育費都補助金,source-csv,15,都(道府県)支出金,2,都(道府県)補助金,map,マスタの表記は「都(道府県)補助金」。都の読みで同じ項。⚠️ コードのゼロ埋めが年度で変わる（R3 は01・R4 は1）ため両表記を登録する
2023,revenue,"",一般会計,17,都支出金,2,都補助金,9,公債費都補助金,source-csv,15,都(道府県)支出金,2,都(道府県)補助金,map,マスタの表記は「都(道府県)補助金」。都の読みで同じ項。⚠️ コードのゼロ埋めが年度で変わる（R3 は01・R4 は1）ため両表記を登録する
2023,revenue,"",一般会計,17,都支出金,3,委託金,1,総務費委託金,source-csv,15,都(道府県)支出金,3,委託金,map,項の名称がマスタと完全一致（款は account_map の対応を介す）
2023,revenue,"",一般会計,17,都支出金,3,委託金,2,民生費委託金,source-csv,15,都(道府県)支出金,3,委託金,map,項の名称がマスタと完全一致（款は account_map の対応を介す）
2023,revenue,"",一般会計,17,都支出金,3,委託金,3,衛生費委託金,source-csv,15,都(道府県)支出金,3,委託金,map,項の名称がマスタと完全一致（款は account_map の対応を介す）
2023,revenue,"",一般会計,17,都支出金,3,委託金,5,土木費委託金,source-csv,15,都(道府県)支出金,3,委託金,map,項の名称がマスタと完全一致（款は account_map の対応を介す）
2023,revenue,"",一般会計,17,都支出金,3,委託金,6,教育費委託金,source-csv,15,都(道府県)支出金,3,委託金,map,項の名称がマスタと完全一致（款は account_map の対応を介す）
2023,revenue,"",一般会計,18,財産収入,1,財産運用収入,1,財産貸付収入,source-csv,16,財産収入,1,財産運用収入,map,項の名称がマスタと完全一致（款は account_map の対応を介す）
2023,revenue,"",一般会計,18,財産収入,1,財産運用収入,2,利子及び配当金,source-csv,16,財産収入,1,財産運用収入,map,項の名称がマスタと完全一致（款は account_map の対応を介す）
2023,revenue,"",一般会計,18,財産収入,2,財産売払収入,1,不動産売払収入,source-csv,16,財産収入,2,財産売払収入,map,項の名称がマスタと完全一致（款は account_map の対応を介す）
2023,revenue,"",一般会計,18,財産収入,2,財産売払収入,2,物品売払収入,source-csv,16,財産収入,2,財産売払収入,map,項の名称がマスタと完全一致（款は account_map の対応を介す）
2023,revenue,"",一般会計,19,寄附金,1,寄附金,1,一般寄附金,source-csv,17,寄附金,1,寄附金,map,項の名称がマスタと完全一致（款は account_map の対応を介す）
2023,revenue,"",一般会計,19,寄附金,1,寄附金,2,指定寄附金,source-csv,17,寄附金,1,寄附金,map,項の名称がマスタと完全一致（款は account_map の対応を介す）
2023,revenue,"",一般会計,19,寄附金,1,寄附金,4,民生費寄附金,source-csv,17,寄附金,1,寄附金,map,項の名称がマスタと完全一致（款は account_map の対応を介す）
2023,revenue,"",一般会計,20,繰入金,1,基金繰入金,1,財政調整基金繰入金,source-csv,18,繰入金,2,基金繰入金,map,項の名称がマスタと完全一致（款は account_map の対応を介す）
2023,revenue,"",一般会計,20,繰入金,1,基金繰入金,3,福祉基金繰入金,source-csv,18,繰入金,2,基金繰入金,map,項の名称がマスタと完全一致（款は account_map の対応を介す）
2023,revenue,"",一般会計,20,繰入金,1,基金繰入金,4,いきいきＴＡＭＡ基金繰入金,source-csv,18,繰入金,2,基金繰入金,map,項の名称がマスタと完全一致（款は account_map の対応を介す）
2023,revenue,"",一般会計,20,繰入金,1,基金繰入金,5,みどりと地球温暖化等対策基金繰入金,source-csv,18,繰入金,2,基金繰入金,map,項の名称がマスタと完全一致（款は account_map の対応を介す）
2023,revenue,"",一般会計,20,繰入金,1,基金繰入金,9,都市計画基金繰入金,source-csv,18,繰入金,2,基金繰入金,map,項の名称がマスタと完全一致（款は account_map の対応を介す）
2023,revenue,"",一般会計,20,繰入金,2,特別会計繰入金,2,介護保険特別会計繰入金,source-csv,18,繰入金,1,特別会計繰入金,map,項の名称がマスタと完全一致（款は account_map の対応を介す）
2023,revenue,"",一般会計,20,繰入金,2,特別会計繰入金,4,後期高齢者医療特別会計繰入金,source-csv,18,繰入金,1,特別会計繰入金,map,項の名称がマスタと完全一致（款は account_map の対応を介す）
2023,revenue,"",一般会計,21,繰越金,1,繰越金,1,繰越金,source-csv,19,繰越金,1,繰越金,map,項の名称がマスタと完全一致（款は account_map の対応を介す）
2023,revenue,"",一般会計,22,諸収入,1,延滞金・加算金及び過料,1,延滞金,source-csv,20,諸収入,1,延滞金、加算金及び過料,map,マスタの表記は「延滞金、加算金及び過料」。並列の区切りが読点か中黒かの表記差。⚠️ コードのゼロ埋めが年度で変わる（R3 は01・R4 は1）ため両表記を登録する
2023,revenue,"",一般会計,22,諸収入,1,延滞金・加算金及び過料,2,加算金,source-csv,20,諸収入,1,延滞金、加算金及び過料,map,マスタの表記は「延滞金、加算金及び過料」。並列の区切りが読点か中黒かの表記差。⚠️ コードのゼロ埋めが年度で変わる（R3 は01・R4 は1）ため両表記を登録する
2023,revenue,"",一般会計,22,諸収入,1,延滞金・加算金及び過料,3,過料,source-csv,20,諸収入,1,延滞金、加算金及び過料,map,マスタの表記は「延滞金、加算金及び過料」。並列の区切りが読点か中黒かの表記差。⚠️ コードのゼロ埋めが年度で変わる（R3 は01・R4 は1）ため両表記を登録する
2023,revenue,"",一般会計,22,諸収入,2,市預金利子,1,市預金利子,source-csv,20,諸収入,2,市(町村)預金利子,map,マスタの表記は「市(町村)預金利子」。市の読みで同じ項。⚠️ コードのゼロ埋めが年度で変わる（R3 は01・R4 は1）ため両表記を登録する
2023,revenue,"",一般会計,22,諸収入,3,貸付金元利収入,1,総務費貸付金元利収入,source-csv,20,諸収入,4,貸付金元利収入,map,項の名称がマスタと完全一致（款は account_map の対応を介す）
2023,revenue,"",一般会計,22,諸収入,4,収益事業収入,1,競艇事業収入,source-csv,20,諸収入,6,収益事業収入,map,項の名称がマスタと完全一致（款は account_map の対応を介す）
2023,revenue,"",一般会計,22,諸収入,5,雑入,1,小切手未払資金組入れ,source-csv,20,諸収入,7,雑入,map,項の名称がマスタと完全一致（款は account_map の対応を介す）
2023,revenue,"",一般会計,22,諸収入,5,雑入,2,過年度収入,source-csv,20,諸収入,7,雑入,map,項の名称がマスタと完全一致（款は account_map の対応を介す）
2023,revenue,"",一般会計,22,諸収入,5,雑入,3,弁償金,source-csv,20,諸収入,7,雑入,map,項の名称がマスタと完全一致（款は account_map の対応を介す）
2023,revenue,"",一般会計,22,諸収入,5,雑入,4,違約金及び延滞利息,source-csv,20,諸収入,7,雑入,map,項の名称がマスタと完全一致（款は account_map の対応を介す）
2023,revenue,"",一般会計,22,諸収入,5,雑入,5,雑入,source-csv,20,諸収入,7,雑入,map,項の名称がマスタと完全一致（款は account_map の対応を介す）
2023,revenue,"",一般会計,23,市債,1,市債,1,総務債,source-csv,21,市(町村)債,1,市(町村)債,map,マスタの表記は「市(町村)債」。市の読みで同じ項。⚠️ コードのゼロ埋めが年度で変わる（R3 は01・R4 は1）ため両表記を登録する
2023,revenue,"",一般会計,23,市債,1,市債,5,教育債,source-csv,21,市(町村)債,1,市(町村)債,map,マスタの表記は「市(町村)債」。市の読みで同じ項。⚠️ コードのゼロ埋めが年度で変わる（R3 は01・R4 は1）ため両表記を登録する
2023,revenue,"",一般会計,23,市債,1,市債,9,土木債,source-csv,21,市(町村)債,1,市(町村)債,map,マスタの表記は「市(町村)債」。市の読みで同じ項。⚠️ コードのゼロ埋めが年度で変わる（R3 は01・R4 は1）ため両表記を登録する
2024,expenditure,"",一般会計,1,議会費,1,議会費,1,議会費,source-csv,1,議会費,1,議会費,map,項の名称がマスタと完全一致（款は account_map の対応を介す）
2024,expenditure,"",一般会計,2,総務費,1,総務管理費,1,一般管理費,source-csv,2,総務費,1,総務管理費,map,項の名称がマスタと完全一致（款は account_map の対応を介す）
2024,expenditure,"",一般会計,2,総務費,1,総務管理費,2,人事管理費,source-csv,2,総務費,1,総務管理費,map,項の名称がマスタと完全一致（款は account_map の対応を介す）
2024,expenditure,"",一般会計,2,総務費,1,総務管理費,3,文書広報費,source-csv,2,総務費,1,総務管理費,map,項の名称がマスタと完全一致（款は account_map の対応を介す）
2024,expenditure,"",一般会計,2,総務費,1,総務管理費,4,財政管理費,source-csv,2,総務費,1,総務管理費,map,項の名称がマスタと完全一致（款は account_map の対応を介す）
2024,expenditure,"",一般会計,2,総務費,1,総務管理費,5,会計管理費,source-csv,2,総務費,1,総務管理費,map,項の名称がマスタと完全一致（款は account_map の対応を介す）
2024,expenditure,"",一般会計,2,総務費,1,総務管理費,6,財産管理費,source-csv,2,総務費,1,総務管理費,map,項の名称がマスタと完全一致（款は account_map の対応を介す）
2024,expenditure,"",一般会計,2,総務費,1,総務管理費,7,企画費,source-csv,2,総務費,1,総務管理費,map,項の名称がマスタと完全一致（款は account_map の対応を介す）
2024,expenditure,"",一般会計,2,総務費,1,総務管理費,8,財政調整基金費,source-csv,2,総務費,1,総務管理費,map,項の名称がマスタと完全一致（款は account_map の対応を介す）
2024,expenditure,"",一般会計,2,総務費,1,総務管理費,9,青少年対策費,source-csv,2,総務費,1,総務管理費,map,項の名称がマスタと完全一致（款は account_map の対応を介す）
2024,expenditure,"",一般会計,2,総務費,1,総務管理費,10,交通安全対策費,source-csv,2,総務費,1,総務管理費,map,項の名称がマスタと完全一致（款は account_map の対応を介す）
2024,expenditure,"",一般会計,2,総務費,1,総務管理費,11,複合文化施設費,source-csv,2,総務費,1,総務管理費,map,項の名称がマスタと完全一致（款は account_map の対応を介す）
2024,expenditure,"",一般会計,2,総務費,1,総務管理費,12,文化推進費,source-csv,2,総務費,1,総務管理費,map,項の名称がマスタと完全一致（款は account_map の対応を介す）
2024,expenditure,"",一般会計,2,総務費,1,総務管理費,13,地域振興費,source-csv,2,総務費,1,総務管理費,map,項の名称がマスタと完全一致（款は account_map の対応を介す）
2024,expenditure,"",一般会計,2,総務費,1,総務管理費,15,出張所費,source-csv,2,総務費,1,総務管理費,map,項の名称がマスタと完全一致（款は account_map の対応を介す）
2024,expenditure,"",一般会計,2,総務費,1,総務管理費,16,防犯対策費,source-csv,2,総務費,1,総務管理費,map,項の名称がマスタと完全一致（款は account_map の対応を介す）
2024,expenditure,"",一般会計,2,総務費,1,総務管理費,17,諸費,source-csv,2,総務費,1,総務管理費,map,項の名称がマスタと完全一致（款は account_map の対応を介す）
2024,expenditure,"",一般会計,2,総務費,2,徴税費,1,税務総務費,source-csv,2,総務費,2,徴税費,map,項の名称がマスタと完全一致（款は account_map の対応を介す）
2024,expenditure,"",一般会計,2,総務費,2,徴税費,2,賦課徴収費,source-csv,2,総務費,2,徴税費,map,項の名称がマスタと完全一致（款は account_map の対応を介す）
2024,expenditure,"",一般会計,2,総務費,3,戸籍住民基本台帳費,1,戸籍住民基本台帳費,source-csv,2,総務費,3,戸籍住民基本台帳費,map,項の名称がマスタと完全一致（款は account_map の対応を介す）
2024,expenditure,"",一般会計,2,総務費,4,選挙費,1,選挙管理委員会費,source-csv,2,総務費,4,選挙費,map,項の名称がマスタと完全一致（款は account_map の対応を介す）
2024,expenditure,"",一般会計,2,総務費,4,選挙費,2,選挙常時啓発費,source-csv,2,総務費,4,選挙費,map,項の名称がマスタと完全一致（款は account_map の対応を介す）
2024,expenditure,"",一般会計,2,総務費,4,選挙費,3,市議会議員選挙費,source-csv,2,総務費,4,選挙費,map,項の名称がマスタと完全一致（款は account_map の対応を介す）
2024,expenditure,"",一般会計,2,総務費,4,選挙費,5,都知事選挙費,source-csv,2,総務費,4,選挙費,map,項の名称がマスタと完全一致（款は account_map の対応を介す）
2024,expenditure,"",一般会計,2,総務費,5,統計調査費,1,統計総務費,source-csv,2,総務費,5,統計調査費,map,項の名称がマスタと完全一致（款は account_map の対応を介す）
2024,expenditure,"",一般会計,2,総務費,5,統計調査費,2,基幹統計費,source-csv,2,総務費,5,統計調査費,map,項の名称がマスタと完全一致（款は account_map の対応を介す）
2024,expenditure,"",一般会計,2,総務費,6,監査委員費,1,監査委員費,source-csv,2,総務費,6,監査委員費,map,項の名称がマスタと完全一致（款は account_map の対応を介す）
2024,expenditure,"",一般会計,3,民生費,1,社会福祉費,1,社会福祉総務費,source-csv,3,民生費,1,社会福祉費,map,項の名称がマスタと完全一致（款は account_map の対応を介す）
2024,expenditure,"",一般会計,3,民生費,1,社会福祉費,2,障害者福祉費,source-csv,3,民生費,1,社会福祉費,map,項の名称がマスタと完全一致（款は account_map の対応を介す）
2024,expenditure,"",一般会計,3,民生費,1,社会福祉費,3,老人福祉費,source-csv,3,民生費,1,社会福祉費,map,項の名称がマスタと完全一致（款は account_map の対応を介す）
2024,expenditure,"",一般会計,3,民生費,1,社会福祉費,4,社会福祉施設費,source-csv,3,民生費,1,社会福祉費,map,項の名称がマスタと完全一致（款は account_map の対応を介す）
2024,expenditure,"",一般会計,3,民生費,2,児童福祉費,1,児童福祉総務費,source-csv,3,民生費,2,児童福祉費,map,項の名称がマスタと完全一致（款は account_map の対応を介す）
2024,expenditure,"",一般会計,3,民生費,2,児童福祉費,2,児童措置費,source-csv,3,民生費,2,児童福祉費,map,項の名称がマスタと完全一致（款は account_map の対応を介す）
2024,expenditure,"",一般会計,3,民生費,2,児童福祉費,3,母子福祉費,source-csv,3,民生費,2,児童福祉費,map,項の名称がマスタと完全一致（款は account_map の対応を介す）
2024,expenditure,"",一般会計,3,民生費,2,児童福祉費,4,児童福祉施設費,source-csv,3,民生費,2,児童福祉費,map,項の名称がマスタと完全一致（款は account_map の対応を介す）
2024,expenditure,"",一般会計,3,民生費,3,生活保護費,1,生活保護総務費,source-csv,3,民生費,3,生活保護費,map,項の名称がマスタと完全一致（款は account_map の対応を介す）
2024,expenditure,"",一般会計,3,民生費,3,生活保護費,2,扶助費,source-csv,3,民生費,3,生活保護費,map,項の名称がマスタと完全一致（款は account_map の対応を介す）
2024,expenditure,"",一般会計,3,民生費,4,国民年金費,1,国民年金総務費,source-csv,3,民生費,,,addition,法定の民生費の項に無いが様式の備考1が行政権能の差による項の追加を認めている。国民年金事務は法定受託事務として市町村が担う。⚠️ コードのゼロ埋めが年度で変わる（R3 は01・R4 は1）ため両表記を登録する
2024,expenditure,"",一般会計,3,民生費,5,災害救助費,1,災害救助費,source-csv,3,民生費,4,災害救助費,map,項の名称がマスタと完全一致（款は account_map の対応を介す）
2024,expenditure,"",一般会計,4,衛生費,1,保健衛生費,1,保健衛生総務費,source-csv,4,衛生費,1,保健衛生費,map,項の名称がマスタと完全一致（款は account_map の対応を介す）
2024,expenditure,"",一般会計,4,衛生費,1,保健衛生費,2,予防費,source-csv,4,衛生費,1,保健衛生費,map,項の名称がマスタと完全一致（款は account_map の対応を介す）
2024,expenditure,"",一般会計,4,衛生費,1,保健衛生費,3,環境衛生費,source-csv,4,衛生費,1,保健衛生費,map,項の名称がマスタと完全一致（款は account_map の対応を介す）
2024,expenditure,"",一般会計,4,衛生費,1,保健衛生費,4,環境保全費,source-csv,4,衛生費,1,保健衛生費,map,項の名称がマスタと完全一致（款は account_map の対応を介す）
2024,expenditure,"",一般会計,4,衛生費,1,保健衛生費,5,公害対策費,source-csv,4,衛生費,1,保健衛生費,map,項の名称がマスタと完全一致（款は account_map の対応を介す）
2024,expenditure,"",一般会計,4,衛生費,2,清掃費,1,清掃総務費,source-csv,4,衛生費,2,清掃費,map,項の名称がマスタと完全一致（款は account_map の対応を介す）
2024,expenditure,"",一般会計,4,衛生費,2,清掃費,2,塵芥処理費,source-csv,4,衛生費,2,清掃費,map,項の名称がマスタと完全一致（款は account_map の対応を介す）
2024,expenditure,"",一般会計,4,衛生費,2,清掃費,3,し尿処理費,source-csv,4,衛生費,2,清掃費,map,項の名称がマスタと完全一致（款は account_map の対応を介す）
2024,expenditure,"",一般会計,5,労働費,1,労働諸費,1,労働諸費,source-csv,5,労働費,2,労働諸費,map,項の名称がマスタと完全一致（款は account_map の対応を介す）
2024,expenditure,"",一般会計,6,農林業費,1,農業費,1,農業委員会費,source-csv,6,農林水産業費,1,農業費,map,項の名称がマスタと完全一致（款は account_map の対応を介す）
2024,expenditure,"",一般会計,6,農林業費,1,農業費,2,農業総務費,source-csv,6,農林水産業費,1,農業費,map,項の名称がマスタと完全一致（款は account_map の対応を介す）
2024,expenditure,"",一般会計,6,農林業費,1,農業費,3,農業振興費,source-csv,6,農林水産業費,1,農業費,map,項の名称がマスタと完全一致（款は account_map の対応を介す）
2024,expenditure,"",一般会計,7,商工費,1,商工費,1,商工総務費,source-csv,7,商工費,1,商工費,map,項の名称がマスタと完全一致（款は account_map の対応を介す）
2024,expenditure,"",一般会計,7,商工費,1,商工費,2,商工振興費,source-csv,7,商工費,1,商工費,map,項の名称がマスタと完全一致（款は account_map の対応を介す）
2024,expenditure,"",一般会計,7,商工費,1,商工費,3,消費者対策費,source-csv,7,商工費,1,商工費,map,項の名称がマスタと完全一致（款は account_map の対応を介す）
2024,expenditure,"",一般会計,8,土木費,1,土木管理費,1,土木総務費,source-csv,8,土木費,1,土木管理費,map,項の名称がマスタと完全一致（款は account_map の対応を介す）
2024,expenditure,"",一般会計,8,土木費,2,道路橋りょう費,1,道路橋りょう総務費,source-csv,8,土木費,2,道路橋りよう費,map,マスタの表記は「道路橋りよう費」（拗音を大書きする様式の記法）。同じ項。⚠️ コードのゼロ埋めが年度で変わる（R3 は01・R4 は1）ため両表記を登録する
2024,expenditure,"",一般会計,8,土木費,2,道路橋りょう費,2,道路維持費,source-csv,8,土木費,2,道路橋りよう費,map,マスタの表記は「道路橋りよう費」（拗音を大書きする様式の記法）。同じ項。⚠️ コードのゼロ埋めが年度で変わる（R3 は01・R4 は1）ため両表記を登録する
2024,expenditure,"",一般会計,8,土木費,2,道路橋りょう費,3,道路新設改良費,source-csv,8,土木費,2,道路橋りよう費,map,マスタの表記は「道路橋りよう費」（拗音を大書きする様式の記法）。同じ項。⚠️ コードのゼロ埋めが年度で変わる（R3 は01・R4 は1）ため両表記を登録する
2024,expenditure,"",一般会計,8,土木費,2,道路橋りょう費,4,交通安全施設費,source-csv,8,土木費,2,道路橋りよう費,map,マスタの表記は「道路橋りよう費」（拗音を大書きする様式の記法）。同じ項。⚠️ コードのゼロ埋めが年度で変わる（R3 は01・R4 は1）ため両表記を登録する
2024,expenditure,"",一般会計,8,土木費,2,道路橋りょう費,5,橋りょう維持費,source-csv,8,土木費,2,道路橋りよう費,map,マスタの表記は「道路橋りよう費」（拗音を大書きする様式の記法）。同じ項。⚠️ コードのゼロ埋めが年度で変わる（R3 は01・R4 は1）ため両表記を登録する
2024,expenditure,"",一般会計,8,土木費,3,都市計画費,1,都市計画総務費,source-csv,8,土木費,5,都市計画費,map,項の名称がマスタと完全一致（款は account_map の対応を介す）
2024,expenditure,"",一般会計,8,土木費,3,都市計画費,4,公園費,source-csv,8,土木費,5,都市計画費,map,項の名称がマスタと完全一致（款は account_map の対応を介す）
2024,expenditure,"",一般会計,8,土木費,3,都市計画費,5,緑化推進対策費,source-csv,8,土木費,5,都市計画費,map,項の名称がマスタと完全一致（款は account_map の対応を介す）
2024,expenditure,"",一般会計,8,土木費,4,住宅費,1,住宅管理費,source-csv,8,土木費,6,住宅費,map,項の名称がマスタと完全一致（款は account_map の対応を介す）
2024,expenditure,"",一般会計,9,消防費,1,消防費,1,常備消防費,source-csv,9,消防費,1,消防費,map,項の名称がマスタと完全一致（款は account_map の対応を介す）
2024,expenditure,"",一般会計,9,消防費,1,消防費,2,非常備消防費,source-csv,9,消防費,1,消防費,map,項の名称がマスタと完全一致（款は account_map の対応を介す）
2024,expenditure,"",一般会計,9,消防費,1,消防費,3,消防施設費,source-csv,9,消防費,1,消防費,map,項の名称がマスタと完全一致（款は account_map の対応を介す）
2024,expenditure,"",一般会計,9,消防費,1,消防費,4,水防費,source-csv,9,消防費,1,消防費,map,項の名称がマスタと完全一致（款は account_map の対応を介す）
2024,expenditure,"",一般会計,9,消防費,1,消防費,5,災害対策費,source-csv,9,消防費,1,消防費,map,項の名称がマスタと完全一致（款は account_map の対応を介す）
2024,expenditure,"",一般会計,10,教育費,1,教育総務費,1,教育委員会費,source-csv,10,教育費,1,教育総務費,map,項の名称がマスタと完全一致（款は account_map の対応を介す）
2024,expenditure,"",一般会計,10,教育費,1,教育総務費,2,事務局費,source-csv,10,教育費,1,教育総務費,map,項の名称がマスタと完全一致（款は account_map の対応を介す）
2024,expenditure,"",一般会計,10,教育費,1,教育総務費,3,教育指導費,source-csv,10,教育費,1,教育総務費,map,項の名称がマスタと完全一致（款は account_map の対応を介す）
2024,expenditure,"",一般会計,10,教育費,2,小学校費,1,学校管理費,source-csv,10,教育費,2,小学校費,map,項の名称がマスタと完全一致（款は account_map の対応を介す）
2024,expenditure,"",一般会計,10,教育費,2,小学校費,2,教育振興費,source-csv,10,教育費,2,小学校費,map,項の名称がマスタと完全一致（款は account_map の対応を介す）
2024,expenditure,"",一般会計,10,教育費,2,小学校費,3,学校保健衛生費,source-csv,10,教育費,2,小学校費,map,項の名称がマスタと完全一致（款は account_map の対応を介す）
2024,expenditure,"",一般会計,10,教育費,2,小学校費,4,学校建設費,source-csv,10,教育費,2,小学校費,map,項の名称がマスタと完全一致（款は account_map の対応を介す）
2024,expenditure,"",一般会計,10,教育費,3,中学校費,1,学校管理費,source-csv,10,教育費,3,中学校費,map,項の名称がマスタと完全一致（款は account_map の対応を介す）
2024,expenditure,"",一般会計,10,教育費,3,中学校費,2,教育振興費,source-csv,10,教育費,3,中学校費,map,項の名称がマスタと完全一致（款は account_map の対応を介す）
2024,expenditure,"",一般会計,10,教育費,3,中学校費,3,学校保健衛生費,source-csv,10,教育費,3,中学校費,map,項の名称がマスタと完全一致（款は account_map の対応を介す）
2024,expenditure,"",一般会計,10,教育費,3,中学校費,4,学校建設費,source-csv,10,教育費,3,中学校費,map,項の名称がマスタと完全一致（款は account_map の対応を介す）
2024,expenditure,"",一般会計,10,教育費,4,幼稚園費,1,幼稚園費,source-csv,10,教育費,5,幼稚園費,map,項の名称がマスタと完全一致（款は account_map の対応を介す）
2024,expenditure,"",一般会計,10,教育費,5,社会教育費,1,社会教育総務費,source-csv,10,教育費,6,社会教育費,map,項の名称がマスタと完全一致（款は account_map の対応を介す）
2024,expenditure,"",一般会計,10,教育費,5,社会教育費,2,公民館費,source-csv,10,教育費,6,社会教育費,map,項の名称がマスタと完全一致（款は account_map の対応を介す）
2024,expenditure,"",一般会計,10,教育費,5,社会教育費,3,図書館費,source-csv,10,教育費,6,社会教育費,map,項の名称がマスタと完全一致（款は account_map の対応を介す）
2024,expenditure,"",一般会計,10,教育費,5,社会教育費,4,社会教育施設費,source-csv,10,教育費,6,社会教育費,map,項の名称がマスタと完全一致（款は account_map の対応を介す）
2024,expenditure,"",一般会計,10,教育費,6,保健体育費,1,保健体育総務費,source-csv,10,教育費,7,保健体育費,map,項の名称がマスタと完全一致（款は account_map の対応を介す）
2024,expenditure,"",一般会計,10,教育費,6,保健体育費,2,体育施設費,source-csv,10,教育費,7,保健体育費,map,項の名称がマスタと完全一致（款は account_map の対応を介す）
2024,expenditure,"",一般会計,10,教育費,6,保健体育費,3,学校給食費,source-csv,10,教育費,7,保健体育費,map,項の名称がマスタと完全一致（款は account_map の対応を介す）
2024,expenditure,"",一般会計,11,災害復旧費,1,公共土木施設災害復旧費,1,道路橋りょう災害復旧費,source-csv,11,災害復旧費,2,何施設災害復旧費,map,マスタの「何施設災害復旧費」の「何」に施設の種類を入れた形。様式の「何税」「何寄附金」と同じ記法。⚠️ コードのゼロ埋めが年度で変わる（R3 は01・R4 は1）ため両表記を登録する
2024,expenditure,"",一般会計,11,災害復旧費,2,公園施設災害復旧費,1,公園施設災害復旧費,source-csv,11,災害復旧費,2,何施設災害復旧費,map,マスタの「何施設災害復旧費」の「何」に施設の種類を入れた形。⚠️ コードのゼロ埋めが年度で変わる（R3 は01・R4 は1）ため両表記を登録する
2024,expenditure,"",一般会計,11,災害復旧費,3,文教施設災害復旧費,1,教育施設災害復旧費,source-csv,11,災害復旧費,2,何施設災害復旧費,map,マスタの「何施設災害復旧費」の「何」に施設の種類を入れた形。⚠️ コードのゼロ埋めが年度で変わる（R3 は01・R4 は1）ため両表記を登録する
2024,expenditure,"",一般会計,11,災害復旧費,4,その他公共、公用施設災害復旧費,1,その他公共施設、公用施設災害復旧費,source-csv,11,災害復旧費,2,何施設災害復旧費,map,マスタの「何施設災害復旧費」の「何」に施設の種類を入れた形。⚠️ コードのゼロ埋めが年度で変わる（R3 は01・R4 は1）ため両表記を登録する
2024,expenditure,"",一般会計,12,公債費,1,公債費,1,元金,source-csv,12,公債費,1,公債費,map,項の名称がマスタと完全一致（款は account_map の対応を介す）
2024,expenditure,"",一般会計,12,公債費,1,公債費,2,利子,source-csv,12,公債費,1,公債費,map,項の名称がマスタと完全一致（款は account_map の対応を介す）
2024,expenditure,"",一般会計,13,諸支出金,1,小切手支払未済償還金,1,小切手支払未済償還金,source-csv,13,諸支出金,,,addition,法定の諸支出金の項に無いが様式の備考1が行政権能の差による項の追加を認めている。歳計現金の戻入にあたる。⚠️ コードのゼロ埋めが年度で変わる（R3 は01・R4 は1）ため両表記を登録する
2024,expenditure,"",一般会計,14,予備費,1,予備費,1,予備費,source-csv,14,予備費,1,予備費,map,項の名称がマスタと完全一致（款は account_map の対応を介す）
2024,revenue,"",一般会計,1,市税,1,市民税,1,個人,source-csv,1,市(町村)税,1,市町村民税,map,マスタの表記は「市町村民税」。マスタの「市(町村)」「都(道府県)」は市か町村か（都か道府県か）で読み替える様式の記法。市の読みで同じ項。⚠️ コードのゼロ埋めが年度で変わる（R3 は01・R4 は1）ため両表記を登録する
2024,revenue,"",一般会計,1,市税,1,市民税,2,法人,source-csv,1,市(町村)税,1,市町村民税,map,マスタの表記は「市町村民税」。マスタの「市(町村)」「都(道府県)」は市か町村か（都か道府県か）で読み替える様式の記法。市の読みで同じ項。⚠️ コードのゼロ埋めが年度で変わる（R3 は01・R4 は1）ため両表記を登録する
2024,revenue,"",一般会計,1,市税,2,固定資産税,1,固定資産税,source-csv,1,市(町村)税,2,固定資産税,map,項の名称がマスタと完全一致（款は account_map の対応を介す）
2024,revenue,"",一般会計,1,市税,2,固定資産税,2,国有資産等所在市町村交付金,source-csv,1,市(町村)税,2,固定資産税,map,項の名称がマスタと完全一致（款は account_map の対応を介す）
2024,revenue,"",一般会計,1,市税,3,軽自動車税,1,種別割,source-csv,1,市(町村)税,3,軽自動車税,map,項の名称がマスタと完全一致（款は account_map の対応を介す）
2024,revenue,"",一般会計,1,市税,3,軽自動車税,2,環境性能割,source-csv,1,市(町村)税,3,軽自動車税,map,項の名称がマスタと完全一致（款は account_map の対応を介す）
2024,revenue,"",一般会計,1,市税,4,市たばこ税,1,市たばこ税,source-csv,1,市(町村)税,4,市町村たばこ税,map,マスタの表記は「市町村たばこ税」。市の読みで同じ項。⚠️ コードのゼロ埋めが年度で変わる（R3 は01・R4 は1）ため両表記を登録する
2024,revenue,"",一般会計,1,市税,5,都市計画税,1,都市計画税,source-csv,1,市(町村)税,9,都市計画税,map,項の名称がマスタと完全一致（款は account_map の対応を介す）
2024,revenue,"",一般会計,2,地方譲与税,1,地方揮発油譲与税,1,地方揮発油譲与税,source-csv,2,地方譲与税,1,地方揮発油譲与税,map,項の名称がマスタと完全一致（款は account_map の対応を介す）
2024,revenue,"",一般会計,2,地方譲与税,2,自動車重量譲与税,1,自動車重量譲与税,source-csv,2,地方譲与税,2,自動車重量譲与税,map,項の名称がマスタと完全一致（款は account_map の対応を介す）
2024,revenue,"",一般会計,2,地方譲与税,3,地方道路譲与税,1,地方道路譲与税,source-csv,2,地方譲与税,3,地方道路譲与税,map,項の名称がマスタと完全一致（款は account_map の対応を介す）
2024,revenue,"",一般会計,2,地方譲与税,4,森林環境譲与税,1,森林環境譲与税,source-csv,2,地方譲与税,4,森林環境譲与税,map,項の名称がマスタと完全一致（款は account_map の対応を介す）
2024,revenue,"",一般会計,3,利子割交付金,1,利子割交付金,1,利子割交付金,source-csv,3,利子割交付金,1,利子割交付金,map,項の名称がマスタと完全一致（款は account_map の対応を介す）
2024,revenue,"",一般会計,4,配当割交付金,1,配当割交付金,1,配当割交付金,source-csv,4,配当割交付金,1,配当割交付金,map,項の名称がマスタと完全一致（款は account_map の対応を介す）
2024,revenue,"",一般会計,5,株式等譲渡所得割交付金,1,株式等譲渡所得割交付金,1,株式等譲渡所得割交付金,source-csv,5,株式等譲渡所得割交付金,1,株式等譲渡所得割交付金,map,項の名称がマスタと完全一致（款は account_map の対応を介す）
2024,revenue,"",一般会計,6,法人事業税交付金,1,法人事業税交付金,1,法人事業税交付金,source-csv,6,法人事業税交付金,1,法人事業税交付金,map,項の名称がマスタと完全一致（款は account_map の対応を介す）
2024,revenue,"",一般会計,7,地方消費税交付金,1,地方消費税交付金,1,地方消費税交付金,source-csv,7,地方消費税交付金,1,地方消費税交付金,map,項の名称がマスタと完全一致（款は account_map の対応を介す）
2024,revenue,"",一般会計,8,ゴルフ場利用税交付金,1,ゴルフ場利用税交付金,1,ゴルフ場利用税交付金,source-csv,,,,,addition,款そのものが様式の歳入の備考2による条件付きの挿入なので対応先のマスタが無い。⚠️ コードのゼロ埋めが年度で変わる（R3 は01・R4 は1）ため両表記を登録する
2024,revenue,"",一般会計,9,環境性能割交付金,1,環境性能割交付金,1,環境性能割交付金,source-csv,8,環境性能割交付金,1,環境性能割交付金,map,項の名称がマスタと完全一致（款は account_map の対応を介す）
2024,revenue,"",一般会計,9,環境性能割交付金,1,環境性能割交付金,2,旧法による自動車取得税交付金,source-csv,8,環境性能割交付金,1,環境性能割交付金,map,項の名称がマスタと完全一致（款は account_map の対応を介す）
2024,revenue,"",一般会計,10,国有提供施設等所在市町村助成交付金,1,国有提供施設等所在市町村助成交付金,1,国有提供施設等所在市町村助成交付金,source-csv,,,,,addition,款そのものが様式の歳入の備考2による条件付きの挿入なので対応先のマスタが無い。⚠️ コードのゼロ埋めが年度で変わる（R3 は01・R4 は1）ため両表記を登録する
2024,revenue,"",一般会計,10,国有提供施設等所在市町村助成交付金,1,国有提供施設等所在市町村助成交付金,2,施設等所在市町村調整交付金,source-csv,,,,,addition,款そのものが様式の歳入の備考2による条件付きの挿入なので対応先のマスタが無い。⚠️ コードのゼロ埋めが年度で変わる（R3 は01・R4 は1）ため両表記を登録する
2024,revenue,"",一般会計,11,地方特例交付金,1,地方特例交付金,1,地方特例交付金,source-csv,9,地方特例交付金,1,地方特例交付金,map,項の名称がマスタと完全一致（款は account_map の対応を介す）
2024,revenue,"",一般会計,11,地方特例交付金,2,新型コロナウイルス感染症対策地方税減収補てん特別交付金,1,新型コロナウイルス感染症対策地方税減収補てん特別交付金,source-csv,9,地方特例交付金,,,addition,現行の法定様式に無い時限の交付金（令和2年度の税制対応）。地方特例交付金の款の下に市が計上した区分。⚠️ コードのゼロ埋めが年度で変わる（R3 は01・R4 は1）ため両表記を登録する。⚠️ 三鷹市は「補填」で多摩市は「補てん」と原典の表記が違う
2024,revenue,"",一般会計,12,地方交付税,1,地方交付税,1,地方交付税,source-csv,10,地方交付税,1,地方交付税,map,項の名称がマスタと完全一致（款は account_map の対応を介す）
2024,revenue,"",一般会計,13,交通安全対策特別交付金,1,交通安全対策特別交付金,1,交通安全対策特別交付金,source-csv,11,交通安全対策特別交付金,1,交通安全対策特別交付金,map,項の名称がマスタと完全一致（款は account_map の対応を介す）
2024,revenue,"",一般会計,14,分担金及び負担金,1,負担金,1,民生費負担金,source-csv,12,分担金及び負担金,2,負担金,map,項の名称がマスタと完全一致（款は account_map の対応を介す）
2024,revenue,"",一般会計,14,分担金及び負担金,1,負担金,2,衛生費負担金,source-csv,12,分担金及び負担金,2,負担金,map,項の名称がマスタと完全一致（款は account_map の対応を介す）
2024,revenue,"",一般会計,14,分担金及び負担金,1,負担金,3,土木費負担金,source-csv,12,分担金及び負担金,2,負担金,map,項の名称がマスタと完全一致（款は account_map の対応を介す）
2024,revenue,"",一般会計,15,使用料及び手数料,1,使用料,1,総務使用料,source-csv,13,使用料及び手数料,1,使用料,map,項の名称がマスタと完全一致（款は account_map の対応を介す）
2024,revenue,"",一般会計,15,使用料及び手数料,1,使用料,2,民生使用料,source-csv,13,使用料及び手数料,1,使用料,map,項の名称がマスタと完全一致（款は account_map の対応を介す）
2024,revenue,"",一般会計,15,使用料及び手数料,1,使用料,3,衛生使用料,source-csv,13,使用料及び手数料,1,使用料,map,項の名称がマスタと完全一致（款は account_map の対応を介す）
2024,revenue,"",一般会計,15,使用料及び手数料,1,使用料,4,商工使用料,source-csv,13,使用料及び手数料,1,使用料,map,項の名称がマスタと完全一致（款は account_map の対応を介す）
2024,revenue,"",一般会計,15,使用料及び手数料,1,使用料,5,土木使用料,source-csv,13,使用料及び手数料,1,使用料,map,項の名称がマスタと完全一致（款は account_map の対応を介す）
2024,revenue,"",一般会計,15,使用料及び手数料,1,使用料,6,教育使用料,source-csv,13,使用料及び手数料,1,使用料,map,項の名称がマスタと完全一致（款は account_map の対応を介す）
2024,revenue,"",一般会計,15,使用料及び手数料,2,手数料,1,総務手数料,source-csv,13,使用料及び手数料,2,手数料,map,項の名称がマスタと完全一致（款は account_map の対応を介す）
2024,revenue,"",一般会計,15,使用料及び手数料,2,手数料,2,衛生手数料,source-csv,13,使用料及び手数料,2,手数料,map,項の名称がマスタと完全一致（款は account_map の対応を介す）
2024,revenue,"",一般会計,15,使用料及び手数料,2,手数料,3,土木手数料,source-csv,13,使用料及び手数料,2,手数料,map,項の名称がマスタと完全一致（款は account_map の対応を介す）
2024,revenue,"",一般会計,15,使用料及び手数料,2,手数料,4,民生手数料,source-csv,13,使用料及び手数料,2,手数料,map,項の名称がマスタと完全一致（款は account_map の対応を介す）
2024,revenue,"",一般会計,16,国庫支出金,1,国庫負担金,1,民生費国庫負担金,source-csv,14,国庫支出金,1,国庫負担金,map,項の名称がマスタと完全一致（款は account_map の対応を介す）
2024,revenue,"",一般会計,16,国庫支出金,1,国庫負担金,2,衛生費国庫負担金,source-csv,14,国庫支出金,1,国庫負担金,map,項の名称がマスタと完全一致（款は account_map の対応を介す）
2024,revenue,"",一般会計,16,国庫支出金,1,国庫負担金,3,教育費国庫負担金,source-csv,14,国庫支出金,1,国庫負担金,map,項の名称がマスタと完全一致（款は account_map の対応を介す）
2024,revenue,"",一般会計,16,国庫支出金,2,国庫補助金,1,民生費国庫補助金,source-csv,14,国庫支出金,2,国庫補助金,map,項の名称がマスタと完全一致（款は account_map の対応を介す）
2024,revenue,"",一般会計,16,国庫支出金,2,国庫補助金,2,衛生費国庫補助金,source-csv,14,国庫支出金,2,国庫補助金,map,項の名称がマスタと完全一致（款は account_map の対応を介す）
2024,revenue,"",一般会計,16,国庫支出金,2,国庫補助金,3,土木費国庫補助金,source-csv,14,国庫支出金,2,国庫補助金,map,項の名称がマスタと完全一致（款は account_map の対応を介す）
2024,revenue,"",一般会計,16,国庫支出金,2,国庫補助金,4,教育費国庫補助金,source-csv,14,国庫支出金,2,国庫補助金,map,項の名称がマスタと完全一致（款は account_map の対応を介す）
2024,revenue,"",一般会計,16,国庫支出金,2,国庫補助金,5,総務費国庫補助金,source-csv,14,国庫支出金,2,国庫補助金,map,項の名称がマスタと完全一致（款は account_map の対応を介す）
2024,revenue,"",一般会計,16,国庫支出金,3,委託金,1,民生費委託金,source-csv,14,国庫支出金,3,委託金,map,項の名称がマスタと完全一致（款は account_map の対応を介す）
2024,revenue,"",一般会計,16,国庫支出金,3,委託金,2,総務費委託金,source-csv,14,国庫支出金,3,委託金,map,項の名称がマスタと完全一致（款は account_map の対応を介す）
2024,revenue,"",一般会計,17,都支出金,1,都負担金,1,民生費都負担金,source-csv,15,都(道府県)支出金,1,都(道府県)負担金,map,マスタの表記は「都(道府県)負担金」。都の読みで同じ項。⚠️ コードのゼロ埋めが年度で変わる（R3 は01・R4 は1）ため両表記を登録する
2024,revenue,"",一般会計,17,都支出金,1,都負担金,2,衛生費都負担金,source-csv,15,都(道府県)支出金,1,都(道府県)負担金,map,マスタの表記は「都(道府県)負担金」。都の読みで同じ項。⚠️ コードのゼロ埋めが年度で変わる（R3 は01・R4 は1）ため両表記を登録する
2024,revenue,"",一般会計,17,都支出金,1,都負担金,3,土木費都負担金,source-csv,15,都(道府県)支出金,1,都(道府県)負担金,map,マスタの表記は「都(道府県)負担金」。都の読みで同じ項。⚠️ コードのゼロ埋めが年度で変わる（R3 は01・R4 は1）ため両表記を登録する
2024,revenue,"",一般会計,17,都支出金,1,都負担金,4,教育費都負担金,source-csv,15,都(道府県)支出金,1,都(道府県)負担金,map,マスタの表記は「都(道府県)負担金」。都の読みで同じ項。⚠️ コードのゼロ埋めが年度で変わる（R3 は01・R4 は1）ため両表記を登録する
2024,revenue,"",一般会計,17,都支出金,2,都補助金,1,総務費都補助金,source-csv,15,都(道府県)支出金,2,都(道府県)補助金,map,マスタの表記は「都(道府県)補助金」。都の読みで同じ項。⚠️ コードのゼロ埋めが年度で変わる（R3 は01・R4 は1）ため両表記を登録する
2024,revenue,"",一般会計,17,都支出金,2,都補助金,2,民生費都補助金,source-csv,15,都(道府県)支出金,2,都(道府県)補助金,map,マスタの表記は「都(道府県)補助金」。都の読みで同じ項。⚠️ コードのゼロ埋めが年度で変わる（R3 は01・R4 は1）ため両表記を登録する
2024,revenue,"",一般会計,17,都支出金,2,都補助金,3,衛生費都補助金,source-csv,15,都(道府県)支出金,2,都(道府県)補助金,map,マスタの表記は「都(道府県)補助金」。都の読みで同じ項。⚠️ コードのゼロ埋めが年度で変わる（R3 は01・R4 は1）ため両表記を登録する
2024,revenue,"",一般会計,17,都支出金,2,都補助金,4,農林業費都補助金,source-csv,15,都(道府県)支出金,2,都(道府県)補助金,map,マスタの表記は「都(道府県)補助金」。都の読みで同じ項。⚠️ コードのゼロ埋めが年度で変わる（R3 は01・R4 は1）ため両表記を登録する
2024,revenue,"",一般会計,17,都支出金,2,都補助金,5,商工費都補助金,source-csv,15,都(道府県)支出金,2,都(道府県)補助金,map,マスタの表記は「都(道府県)補助金」。都の読みで同じ項。⚠️ コードのゼロ埋めが年度で変わる（R3 は01・R4 は1）ため両表記を登録する
2024,revenue,"",一般会計,17,都支出金,2,都補助金,6,土木費都補助金,source-csv,15,都(道府県)支出金,2,都(道府県)補助金,map,マスタの表記は「都(道府県)補助金」。都の読みで同じ項。⚠️ コードのゼロ埋めが年度で変わる（R3 は01・R4 は1）ため両表記を登録する
2024,revenue,"",一般会計,17,都支出金,2,都補助金,7,消防費都補助金,source-csv,15,都(道府県)支出金,2,都(道府県)補助金,map,マスタの表記は「都(道府県)補助金」。都の読みで同じ項。⚠️ コードのゼロ埋めが年度で変わる（R3 は01・R4 は1）ため両表記を登録する
2024,revenue,"",一般会計,17,都支出金,2,都補助金,8,教育費都補助金,source-csv,15,都(道府県)支出金,2,都(道府県)補助金,map,マスタの表記は「都(道府県)補助金」。都の読みで同じ項。⚠️ コードのゼロ埋めが年度で変わる（R3 は01・R4 は1）ため両表記を登録する
2024,revenue,"",一般会計,17,都支出金,2,都補助金,9,公債費都補助金,source-csv,15,都(道府県)支出金,2,都(道府県)補助金,map,マスタの表記は「都(道府県)補助金」。都の読みで同じ項。⚠️ コードのゼロ埋めが年度で変わる（R3 は01・R4 は1）ため両表記を登録する
2024,revenue,"",一般会計,17,都支出金,3,委託金,1,総務費委託金,source-csv,15,都(道府県)支出金,3,委託金,map,項の名称がマスタと完全一致（款は account_map の対応を介す）
2024,revenue,"",一般会計,17,都支出金,3,委託金,2,民生費委託金,source-csv,15,都(道府県)支出金,3,委託金,map,項の名称がマスタと完全一致（款は account_map の対応を介す）
2024,revenue,"",一般会計,17,都支出金,3,委託金,3,衛生費委託金,source-csv,15,都(道府県)支出金,3,委託金,map,項の名称がマスタと完全一致（款は account_map の対応を介す）
2024,revenue,"",一般会計,17,都支出金,3,委託金,5,土木費委託金,source-csv,15,都(道府県)支出金,3,委託金,map,項の名称がマスタと完全一致（款は account_map の対応を介す）
2024,revenue,"",一般会計,17,都支出金,3,委託金,6,教育費委託金,source-csv,15,都(道府県)支出金,3,委託金,map,項の名称がマスタと完全一致（款は account_map の対応を介す）
2024,revenue,"",一般会計,18,財産収入,1,財産運用収入,1,財産貸付収入,source-csv,16,財産収入,1,財産運用収入,map,項の名称がマスタと完全一致（款は account_map の対応を介す）
2024,revenue,"",一般会計,18,財産収入,1,財産運用収入,2,利子及び配当金,source-csv,16,財産収入,1,財産運用収入,map,項の名称がマスタと完全一致（款は account_map の対応を介す）
2024,revenue,"",一般会計,18,財産収入,2,財産売払収入,1,不動産売払収入,source-csv,16,財産収入,2,財産売払収入,map,項の名称がマスタと完全一致（款は account_map の対応を介す）
2024,revenue,"",一般会計,18,財産収入,2,財産売払収入,2,物品売払収入,source-csv,16,財産収入,2,財産売払収入,map,項の名称がマスタと完全一致（款は account_map の対応を介す）
2024,revenue,"",一般会計,19,寄附金,1,寄附金,1,一般寄附金,source-csv,17,寄附金,1,寄附金,map,項の名称がマスタと完全一致（款は account_map の対応を介す）
2024,revenue,"",一般会計,19,寄附金,1,寄附金,2,指定寄附金,source-csv,17,寄附金,1,寄附金,map,項の名称がマスタと完全一致（款は account_map の対応を介す）
2024,revenue,"",一般会計,19,寄附金,1,寄附金,4,民生費寄附金,source-csv,17,寄附金,1,寄附金,map,項の名称がマスタと完全一致（款は account_map の対応を介す）
2024,revenue,"",一般会計,20,繰入金,1,基金繰入金,1,財政調整基金繰入金,source-csv,18,繰入金,2,基金繰入金,map,項の名称がマスタと完全一致（款は account_map の対応を介す）
2024,revenue,"",一般会計,20,繰入金,1,基金繰入金,2,公共建築物等整備保全基金繰入金,source-csv,18,繰入金,2,基金繰入金,map,項の名称がマスタと完全一致（款は account_map の対応を介す）
2024,revenue,"",一般会計,20,繰入金,1,基金繰入金,3,福祉基金繰入金,source-csv,18,繰入金,2,基金繰入金,map,項の名称がマスタと完全一致（款は account_map の対応を介す）
2024,revenue,"",一般会計,20,繰入金,1,基金繰入金,4,いきいきＴＡＭＡ基金繰入金,source-csv,18,繰入金,2,基金繰入金,map,項の名称がマスタと完全一致（款は account_map の対応を介す）
2024,revenue,"",一般会計,20,繰入金,1,基金繰入金,5,みどりと地球温暖化等対策基金繰入金,source-csv,18,繰入金,2,基金繰入金,map,項の名称がマスタと完全一致（款は account_map の対応を介す）
2024,revenue,"",一般会計,20,繰入金,1,基金繰入金,9,都市計画基金繰入金,source-csv,18,繰入金,2,基金繰入金,map,項の名称がマスタと完全一致（款は account_map の対応を介す）
2024,revenue,"",一般会計,20,繰入金,2,特別会計繰入金,2,介護保険特別会計繰入金,source-csv,18,繰入金,1,特別会計繰入金,map,項の名称がマスタと完全一致（款は account_map の対応を介す）
2024,revenue,"",一般会計,20,繰入金,2,特別会計繰入金,4,後期高齢者医療特別会計繰入金,source-csv,18,繰入金,1,特別会計繰入金,map,項の名称がマスタと完全一致（款は account_map の対応を介す）
2024,revenue,"",一般会計,21,繰越金,1,繰越金,1,繰越金,source-csv,19,繰越金,1,繰越金,map,項の名称がマスタと完全一致（款は account_map の対応を介す）
2024,revenue,"",一般会計,22,諸収入,1,延滞金・加算金及び過料,1,延滞金,source-csv,20,諸収入,1,延滞金、加算金及び過料,map,マスタの表記は「延滞金、加算金及び過料」。並列の区切りが読点か中黒かの表記差。⚠️ コードのゼロ埋めが年度で変わる（R3 は01・R4 は1）ため両表記を登録する
2024,revenue,"",一般会計,22,諸収入,1,延滞金・加算金及び過料,2,加算金,source-csv,20,諸収入,1,延滞金、加算金及び過料,map,マスタの表記は「延滞金、加算金及び過料」。並列の区切りが読点か中黒かの表記差。⚠️ コードのゼロ埋めが年度で変わる（R3 は01・R4 は1）ため両表記を登録する
2024,revenue,"",一般会計,22,諸収入,1,延滞金・加算金及び過料,3,過料,source-csv,20,諸収入,1,延滞金、加算金及び過料,map,マスタの表記は「延滞金、加算金及び過料」。並列の区切りが読点か中黒かの表記差。⚠️ コードのゼロ埋めが年度で変わる（R3 は01・R4 は1）ため両表記を登録する
2024,revenue,"",一般会計,22,諸収入,2,市預金利子,1,市預金利子,source-csv,20,諸収入,2,市(町村)預金利子,map,マスタの表記は「市(町村)預金利子」。市の読みで同じ項。⚠️ コードのゼロ埋めが年度で変わる（R3 は01・R4 は1）ため両表記を登録する
2024,revenue,"",一般会計,22,諸収入,3,貸付金元利収入,1,総務費貸付金元利収入,source-csv,20,諸収入,4,貸付金元利収入,map,項の名称がマスタと完全一致（款は account_map の対応を介す）
2024,revenue,"",一般会計,22,諸収入,4,収益事業収入,1,競艇事業収入,source-csv,20,諸収入,6,収益事業収入,map,項の名称がマスタと完全一致（款は account_map の対応を介す）
2024,revenue,"",一般会計,22,諸収入,5,雑入,1,小切手未払資金組入れ,source-csv,20,諸収入,7,雑入,map,項の名称がマスタと完全一致（款は account_map の対応を介す）
2024,revenue,"",一般会計,22,諸収入,5,雑入,2,過年度収入,source-csv,20,諸収入,7,雑入,map,項の名称がマスタと完全一致（款は account_map の対応を介す）
2024,revenue,"",一般会計,22,諸収入,5,雑入,3,弁償金,source-csv,20,諸収入,7,雑入,map,項の名称がマスタと完全一致（款は account_map の対応を介す）
2024,revenue,"",一般会計,22,諸収入,5,雑入,4,違約金及び延滞利息,source-csv,20,諸収入,7,雑入,map,項の名称がマスタと完全一致（款は account_map の対応を介す）
2024,revenue,"",一般会計,22,諸収入,5,雑入,5,雑入,source-csv,20,諸収入,7,雑入,map,項の名称がマスタと完全一致（款は account_map の対応を介す）
2024,revenue,"",一般会計,23,市債,1,市債,1,総務債,source-csv,21,市(町村)債,1,市(町村)債,map,マスタの表記は「市(町村)債」。市の読みで同じ項。⚠️ コードのゼロ埋めが年度で変わる（R3 は01・R4 は1）ため両表記を登録する
2024,revenue,"",一般会計,23,市債,1,市債,5,教育債,source-csv,21,市(町村)債,1,市(町村)債,map,マスタの表記は「市(町村)債」。市の読みで同じ項。⚠️ コードのゼロ埋めが年度で変わる（R3 は01・R4 は1）ため両表記を登録する
2024,revenue,"",一般会計,23,市債,1,市債,9,土木債,source-csv,21,市(町村)債,1,市(町村)債,map,マスタの表記は「市(町村)債」。市の読みで同じ項。⚠️ コードのゼロ埋めが年度で変わる（R3 は01・R4 は1）ため両表記を登録する
