budget_line_id,fiscal_year,phase_id,source_row,fund_code,fund_label,kan_code,kan_label,kou_code,kou_label,moku_code,moku_label,setsu_code,setsu_label,saisetsu_code,saisetsu_label,value,source_amount
132071:2025:revenue:approved:6a73d98f3b904f07,2025,approved,1,"",一般会計,1,市税,1,市民税,1,個人,1,現年課税分,"",現年課税分(課税課),7867600000,7867600
132071:2025:revenue:approved:cd76acf6032e1b88,2025,approved,2,"",一般会計,1,市税,1,市民税,1,個人,2,滞納繰越分,"",滞納繰越分(課税課、納税課),59100000,59100
132071:2025:revenue:approved:52755a50b550748a,2025,approved,3,"",一般会計,1,市税,1,市民税,2,法人,1,現年課税分,"",現年課税分(課税課),1613500000,1613500
132071:2025:revenue:approved:b084eecb6cc0d3d3,2025,approved,4,"",一般会計,1,市税,1,市民税,2,法人,2,滞納繰越分,"",滞納繰越分(課税課、納税課),1100000,1100
132071:2025:revenue:approved:c8a430c636385586,2025,approved,5,"",一般会計,1,市税,2,固定資産税,1,固定資産税,1,現年課税分,"",現年課税分(課税課),8990970000,8990970
132071:2025:revenue:approved:f634ac1ded772a01,2025,approved,6,"",一般会計,1,市税,2,固定資産税,1,固定資産税,2,滞納繰越分,"",滞納繰越分(課税課、納税課),24000000,24000
132071:2025:revenue:approved:3615c2f4b45f6b9d,2025,approved,7,"",一般会計,1,市税,2,固定資産税,2,国有資産等所在市町村交付金,1,現年課税分,"",現年課税分(課税課),264330000,264330
132071:2025:revenue:approved:762d76c0a3452155,2025,approved,8,"",一般会計,1,市税,3,軽自動車税,1,環境性能割,1,現年課税分,"",現年課税分(課税課),12890000,12890
132071:2025:revenue:approved:f49c84fcd32acfa3,2025,approved,9,"",一般会計,1,市税,3,軽自動車税,1,環境性能割,2,滞納繰越分,"",滞納繰越分(課税課、納税課),1000,1
132071:2025:revenue:approved:e7161205f5abeeba,2025,approved,10,"",一般会計,1,市税,3,軽自動車税,2,種別割,1,現年課税分,"",現年課税分(課税課),152210000,152210
132071:2025:revenue:approved:cf6bf0b743e5f6e2,2025,approved,11,"",一般会計,1,市税,3,軽自動車税,2,種別割,2,滞納繰越分,"",滞納繰越分(課税課、納税課),1299000,1299
132071:2025:revenue:approved:501f584aad95e3f7,2025,approved,12,"",一般会計,1,市税,4,市たばこ税,1,市たばこ税,1,現年課税分,"",現年課税分(課税課),824700000,824700
132071:2025:revenue:approved:9c84ebdfa67f9f2f,2025,approved,13,"",一般会計,1,市税,5,都市計画税,1,都市計画税,1,現年課税分,"",現年課税分(課税課),1693000000,1693000
132071:2025:revenue:approved:3edeccbb90b91fda,2025,approved,14,"",一般会計,1,市税,5,都市計画税,1,都市計画税,2,滞納繰越分,"",滞納繰越分(課税課、納税課),5100000,5100
132071:2025:revenue:approved:c1076b0ad6a3ac55,2025,approved,15,"",一般会計,2,地方譲与税,1,地方揮発油譲与税,1,地方揮発油譲与税,1,地方揮発油譲与税,"",地方揮発油譲与税(財政課),38000000,38000
132071:2025:revenue:approved:7c1eaf6567d8d66f,2025,approved,16,"",一般会計,2,地方譲与税,2,自動車重量譲与税,1,自動車重量譲与税,1,自動車重量譲与税,"",自動車重量譲与税(財政課),126000000,126000
132071:2025:revenue:approved:016ceb3a1f470140,2025,approved,17,"",一般会計,2,地方譲与税,3,森林環境譲与税,1,森林環境譲与税,1,森林環境譲与税,"",森林環境譲与税(財政課),14000000,14000
132071:2025:revenue:approved:605755934015b208,2025,approved,18,"",一般会計,3,利子割交付金,1,利子割交付金,1,利子割交付金,1,利子割交付金,"",利子割交付金(課税課),62000000,62000
132071:2025:revenue:approved:ec9b833034534bab,2025,approved,19,"",一般会計,4,配当割交付金,1,配当割交付金,1,配当割交付金,1,配当割交付金,"",配当割交付金(課税課),210000000,210000
132071:2025:revenue:approved:d20aaa8aa7b53e19,2025,approved,20,"",一般会計,5,株式等譲渡所得割交付金,1,株式等譲渡所得割交付金,1,株式等譲渡所得割交付金,1,株式等譲渡所得割交付金,"",株式等譲渡所得割交付金(課税課),240000000,240000
132071:2025:revenue:approved:058786e3cc55a809,2025,approved,21,"",一般会計,6,法人事業税交付金,1,法人事業税交付金,1,法人事業税交付金,1,法人事業税交付金,"",法人事業税交付金(課税課),590000000,590000
132071:2025:revenue:approved:9be11608fa8b79d1,2025,approved,22,"",一般会計,7,地方消費税交付金,1,地方消費税交付金,1,地方消費税交付金,1,地方消費税交付金,"",地方消費税交付金(課税課),2930000000,2930000
132071:2025:revenue:approved:1c60970e43c9b137,2025,approved,23,"",一般会計,8,自動車取得税交付金,1,自動車取得税交付金,1,旧法による自動車取得税交付金,1,旧法による自動車取得税交付金,"",旧法による自動車取得税交付金(課税課),1000,1
132071:2025:revenue:approved:7b7dc70f66e43132,2025,approved,24,"",一般会計,9,環境性能割交付金,1,環境性能割交付金,1,環境性能割交付金,1,環境性能割交付金,"",環境性能割交付金(課税課),65000000,65000
132071:2025:revenue:approved:19013c3d1b147c25,2025,approved,25,"",一般会計,10,国有提供施設等所在市町村助成交付金,1,国有提供施設等所在市町村助成交付金,1,国有提供施設等所在市町村助成交付金,1,国有提供施設等所在市町村助成交付金,"",国有提供施設等所在市町村助成交付金(課税課),14416000,14416
132071:2025:revenue:approved:2ae1850e189272e3,2025,approved,26,"",一般会計,11,地方特例交付金,1,地方特例交付金,1,地方特例交付金,1,地方特例交付金,"",住宅借入金等特別税額控除減収補てん特例交付金(財政課),124000000,124000
132071:2025:revenue:approved:bda6bda652426abe,2025,approved,27,"",一般会計,11,地方特例交付金,1,地方特例交付金,1,地方特例交付金,1,地方特例交付金,"",定額減税減収補てん特例交付金(財政課),3000000,3000
132071:2025:revenue:approved:ce3c1636e59f05c5,2025,approved,28,"",一般会計,11,地方特例交付金,2,新型コロナウイルス感染症対策地方税減収補てん特別交付金,1,新型コロナウイルス感染症対策地方税減収補てん特別交付金,1,新型コロナウイルス感染症対策地方税減収補てん特別交付金,"",固定資産税減収補てん特別交付金(財政課),2000000,2000
132071:2025:revenue:approved:d0558cf1235c351d,2025,approved,29,"",一般会計,12,地方交付税,1,地方交付税,1,地方交付税,1,地方交付税,"",特別交付税(財政課),5000000,5000
132071:2025:revenue:approved:a7e8258d9b9e3fa0,2025,approved,30,"",一般会計,13,交通安全対策特別交付金,1,交通安全対策特別交付金,1,交通安全対策特別交付金,1,交通安全対策特別交付金,"",交通安全対策特別交付金(財政課),16000000,16000
132071:2025:revenue:approved:1a95fe384fc67647,2025,approved,31,"",一般会計,14,分担金及び負担金,1,負担金,1,民生費負担金,1,保育所運営費等負担金,"",保育所運営費負担金現年度分(子ども育成支援課),74371000,74371
132071:2025:revenue:approved:4ad34416e66c5490,2025,approved,32,"",一般会計,14,分担金及び負担金,1,負担金,1,民生費負担金,1,保育所運営費等負担金,"",保育所運営費負担金過年度分(子ども育成支援課),204000,204
132071:2025:revenue:approved:9d1d835ff9cf9c4d,2025,approved,33,"",一般会計,14,分担金及び負担金,1,負担金,1,民生費負担金,2,老人保護措置費負担金,"",老人保護措置費負担金(地域包括ケア担当),10692000,10692
132071:2025:revenue:approved:a6b8402955a5eba8,2025,approved,34,"",一般会計,14,分担金及び負担金,1,負担金,2,衛生費負担金,1,未熟児養育医療費負担金,"",未熟児養育医療費負担金(子ども家庭センター担当),3480000,3480
132071:2025:revenue:approved:ce9dc3e03b4cf325,2025,approved,35,"",一般会計,15,使用料及び手数料,1,使用料,1,総務使用料,1,行政財産使用料,"",行政財産使用料(子ども育成支援課ほか16課),7920000,7920
132071:2025:revenue:approved:8298116c3a3ebc05,2025,approved,36,"",一般会計,15,使用料及び手数料,1,使用料,1,総務使用料,2,自転車等駐車場使用料,"",自転車等駐車場使用料(交通対策課),113487000,113487
132071:2025:revenue:approved:13032946d982eb3e,2025,approved,37,"",一般会計,15,使用料及び手数料,1,使用料,1,総務使用料,3,松原町コミュニティセンター使用料,"",松原町コミュニティセンター使用料(生活コミュニティ課),2480000,2480
132071:2025:revenue:approved:b2d9304a0aa11fac,2025,approved,38,"",一般会計,15,使用料及び手数料,1,使用料,2,民生使用料,1,高齢者福祉センター使用料,"",高齢者福祉センター使用料(地域包括ケア担当),615000,615
132071:2025:revenue:approved:4ba135e2f8d7749d,2025,approved,39,"",一般会計,15,使用料及び手数料,1,使用料,2,民生使用料,2,緑町ことぶき住宅使用料,"",緑町ことぶき住宅使用料(都市計画課),2789000,2789
132071:2025:revenue:approved:6c7cf8ac4cf4e48c,2025,approved,40,"",一般会計,15,使用料及び手数料,1,使用料,2,民生使用料,3,学童クラブ使用料,"",学童クラブ育成料(子ども育成支援課),59742000,59742
132071:2025:revenue:approved:8fe9b2efa5a27a41,2025,approved,41,"",一般会計,15,使用料及び手数料,1,使用料,2,民生使用料,3,学童クラブ使用料,"",学童クラブ延長育成料(子ども育成支援課),1273000,1273
132071:2025:revenue:approved:7d5bc6ccc2735553,2025,approved,42,"",一般会計,15,使用料及び手数料,1,使用料,2,民生使用料,4,保健福祉センター使用料,"",保健福祉センター使用料(健康課),1269000,1269
132071:2025:revenue:approved:d7beadb6fc74688b,2025,approved,43,"",一般会計,15,使用料及び手数料,1,使用料,3,労働使用料,1,勤労商工市民センター使用料,"",勤労商工市民センター使用料(産業活性課),5500000,5500
132071:2025:revenue:approved:cdd359ed80cb7702,2025,approved,44,"",一般会計,15,使用料及び手数料,1,使用料,4,土木使用料,1,道路使用料,"",道路使用料(管理課),87668000,87668
132071:2025:revenue:approved:9bdfc8ccc1c166b4,2025,approved,45,"",一般会計,15,使用料及び手数料,1,使用料,4,土木使用料,2,公園使用料,"",公園(電柱電話柱等)使用料(管理課),21948000,21948
132071:2025:revenue:approved:d4046cb2f90b2513,2025,approved,46,"",一般会計,15,使用料及び手数料,1,使用料,4,土木使用料,3,市営住宅使用料,"",市営住宅使用料(都市計画課),5537000,5537
132071:2025:revenue:approved:bd8ddc6172bc17a3,2025,approved,47,"",一般会計,15,使用料及び手数料,1,使用料,4,土木使用料,4,特定公共物使用料,"",特定公共物使用料(管理課),1743000,1743
132071:2025:revenue:approved:c544c59aff56c394,2025,approved,48,"",一般会計,15,使用料及び手数料,1,使用料,4,土木使用料,5,自由通路使用料,"",中神駅自由通路広告板使用料(管理課),366000,366
132071:2025:revenue:approved:a97e7327d3a35b08,2025,approved,49,"",一般会計,15,使用料及び手数料,1,使用料,4,土木使用料,5,自由通路使用料,"",拝島駅自由通路広告板使用料(管理課),2970000,2970
132071:2025:revenue:approved:bd2c453b17480341,2025,approved,50,"",一般会計,15,使用料及び手数料,1,使用料,5,教育使用料,1,学校施設等使用料,"",学校施設使用料(教育総務課),36000,36
132071:2025:revenue:approved:caa7f90bedb538b2,2025,approved,51,"",一般会計,15,使用料及び手数料,1,使用料,5,教育使用料,1,学校施設等使用料,"",校庭夜間照明設備使用料(スポーツ振興課),487000,487
132071:2025:revenue:approved:2aa91611c06c04e2,2025,approved,52,"",一般会計,15,使用料及び手数料,1,使用料,5,教育使用料,2,スポーツセンター使用料,"",総合スポーツセンター使用料(スポーツ振興課),63200000,63200
132071:2025:revenue:approved:591b9e38ba14c3de,2025,approved,53,"",一般会計,15,使用料及び手数料,1,使用料,5,教育使用料,2,スポーツセンター使用料,"",みほり体育館使用料(スポーツ振興課),2735000,2735
132071:2025:revenue:approved:d47ab9bf9bd5ff8c,2025,approved,54,"",一般会計,15,使用料及び手数料,1,使用料,5,教育使用料,3,体育施設使用料,"",昭和公園運動施設等使用料(スポーツ振興課),26163000,26163
132071:2025:revenue:approved:8e07ecbcb0578059,2025,approved,55,"",一般会計,15,使用料及び手数料,1,使用料,5,教育使用料,4,市民会館使用料,"",市民会館使用料(市民会館・公民館),24321000,24321
132071:2025:revenue:approved:7f51dc5b30c0ee23,2025,approved,56,"",一般会計,15,使用料及び手数料,1,使用料,5,教育使用料,5,公民館使用料,"",公民館使用料(市民会館・公民館),358000,358
132071:2025:revenue:approved:bb81c71e83a0ea80,2025,approved,57,"",一般会計,15,使用料及び手数料,1,使用料,5,教育使用料,6,市民会館・公民館駐車場使用料,"",市民会館・公民館駐車場使用料(市民会館・公民館),2238000,2238
132071:2025:revenue:approved:19836f689c1ee747,2025,approved,58,"",一般会計,15,使用料及び手数料,1,使用料,5,教育使用料,7,アキシマエンシス使用料,"",アキシマエンシス使用料(アキシマエンシス管理課),630000,630
132071:2025:revenue:approved:fffd70bbc2035ea0,2025,approved,59,"",一般会計,15,使用料及び手数料,2,手数料,1,総務手数料,1,戸籍住民基本台帳手数料,"",戸籍関係証明書等交付手数料(市民課),14903000,14903
132071:2025:revenue:approved:a2bebb2252cf5a8e,2025,approved,60,"",一般会計,15,使用料及び手数料,2,手数料,1,総務手数料,1,戸籍住民基本台帳手数料,"",住民票写し等交付及び閲覧手数料(市民課),11832000,11832
132071:2025:revenue:approved:25641c6ddd7fbf1a,2025,approved,61,"",一般会計,15,使用料及び手数料,2,手数料,1,総務手数料,1,戸籍住民基本台帳手数料,"",印鑑登録証明書等交付手数料(市民課),6599000,6599
132071:2025:revenue:approved:8bb66906620342e3,2025,approved,62,"",一般会計,15,使用料及び手数料,2,手数料,1,総務手数料,1,戸籍住民基本台帳手数料,"",その他証明手数料(市民課、生活コミュニティ課),725000,725
132071:2025:revenue:approved:3dd9692cfce0a979,2025,approved,63,"",一般会計,15,使用料及び手数料,2,手数料,1,総務手数料,2,税務手数料,"",税務証明書等交付及び閲覧手数料(課税課、納税課),6150000,6150
132071:2025:revenue:approved:079f36d13fdbcad0,2025,approved,64,"",一般会計,15,使用料及び手数料,2,手数料,1,総務手数料,3,放置自転車撤去・保管手数料,"",放置自転車撤去・保管手数料(交通対策課),440000,440
132071:2025:revenue:approved:add7062f9dfacab8,2025,approved,65,"",一般会計,15,使用料及び手数料,2,手数料,1,総務手数料,4,公文書開示手数料,"",公文書開示手数料(法務担当),4000,4
132071:2025:revenue:approved:2cab6f1047fc4cd1,2025,approved,66,"",一般会計,15,使用料及び手数料,2,手数料,2,衛生手数料,1,工場許可申請手数料,"",工場設置・変更認可申請手数料(環境課),79000,79
132071:2025:revenue:approved:f08bbd9094af98cf,2025,approved,67,"",一般会計,15,使用料及び手数料,2,手数料,2,衛生手数料,2,清掃手数料,"",家庭系ごみ処理手数料(清掃センター),238950000,238950
132071:2025:revenue:approved:453145c95bdb29a2,2025,approved,68,"",一般会計,15,使用料及び手数料,2,手数料,2,衛生手数料,2,清掃手数料,"",事業系ごみ搬入処理手数料(清掃センター),170046000,170046
132071:2025:revenue:approved:4c81ae619fe98048,2025,approved,69,"",一般会計,15,使用料及び手数料,2,手数料,2,衛生手数料,2,清掃手数料,"",粗大ごみ処理手数料(清掃センター),14400000,14400
132071:2025:revenue:approved:0c07426b6c290463,2025,approved,70,"",一般会計,15,使用料及び手数料,2,手数料,2,衛生手数料,2,清掃手数料,"",家庭ごみ等搬入処理手数料(ごみ対策課),25570000,25570
132071:2025:revenue:approved:05938c276fe16aef,2025,approved,71,"",一般会計,15,使用料及び手数料,2,手数料,2,衛生手数料,2,清掃手数料,"",へい死犬等処理手数料(ごみ対策課),600000,600
132071:2025:revenue:approved:a5dc6a0347dcfa5c,2025,approved,72,"",一般会計,15,使用料及び手数料,2,手数料,2,衛生手数料,2,清掃手数料,"",し尿処理手数料(下水道課),4010000,4010
132071:2025:revenue:approved:9567ef42b99a1c45,2025,approved,73,"",一般会計,15,使用料及び手数料,2,手数料,2,衛生手数料,2,清掃手数料,"",一般廃棄物収集運搬業許可申請手数料(清掃センター),250000,250
132071:2025:revenue:approved:bab2895b89aebfe9,2025,approved,74,"",一般会計,15,使用料及び手数料,2,手数料,2,衛生手数料,3,犬登録等手数料,"",犬登録手数料(環境課),228000,228
132071:2025:revenue:approved:b0b45c94ad05fed1,2025,approved,75,"",一般会計,15,使用料及び手数料,2,手数料,2,衛生手数料,3,犬登録等手数料,"",狂犬病予防注射済票交付手数料(環境課),2200000,2200
132071:2025:revenue:approved:b950814f9ce1d339,2025,approved,76,"",一般会計,15,使用料及び手数料,2,手数料,3,土木手数料,1,道路証明手数料,"",道路区域境界等証明手数料(管理課),80000,80
132071:2025:revenue:approved:eb8fbc013da4d02f,2025,approved,77,"",一般会計,15,使用料及び手数料,2,手数料,3,土木手数料,2,都市計画証明手数料,"",都市計画に関する証明手数料(都市計画課),20000,20
132071:2025:revenue:approved:68f3047a7bdb16ab,2025,approved,78,"",一般会計,15,使用料及び手数料,2,手数料,3,土木手数料,3,屋外広告物許可申請手数料,"",屋外広告物許可申請手数料(交通対策課),1660000,1660
132071:2025:revenue:approved:8a29c9be15324f1e,2025,approved,79,"",一般会計,16,国庫支出金,1,国庫負担金,1,民生費国庫負担金,1,助産施設費負担金,"",助産施設費負担金(男女共同参画・女性活躍支援担当),1150000,1150
132071:2025:revenue:approved:56442ed07dd1d113,2025,approved,80,"",一般会計,16,国庫支出金,1,国庫負担金,1,民生費国庫負担金,2,母子生活支援施設費負担金,"",母子生活支援施設費負担金(男女共同参画・女性活躍支援担当),6000000,6000
132071:2025:revenue:approved:22e54db6392353c6,2025,approved,81,"",一般会計,16,国庫支出金,1,国庫負担金,1,民生費国庫負担金,3,生活保護費負担金,"",生活扶助費等負担金(生活福祉課),1571250000,1571250
132071:2025:revenue:approved:8b5be930a794c2ba,2025,approved,82,"",一般会計,16,国庫支出金,1,国庫負担金,1,民生費国庫負担金,3,生活保護費負担金,"",医療扶助費負担金(生活福祉課),1761375000,1761375
132071:2025:revenue:approved:d4a869fe8464f692,2025,approved,83,"",一般会計,16,国庫支出金,1,国庫負担金,1,民生費国庫負担金,3,生活保護費負担金,"",介護扶助費負担金(生活福祉課),106125000,106125
132071:2025:revenue:approved:73f49d3fb0029d65,2025,approved,84,"",一般会計,16,国庫支出金,1,国庫負担金,1,民生費国庫負担金,4,特別障害者手当等給付費負担金,"",特別障害者手当等給付費負担金(障害福祉課),46678000,46678
132071:2025:revenue:approved:c7e7332112fbc6e7,2025,approved,85,"",一般会計,16,国庫支出金,1,国庫負担金,1,民生費国庫負担金,5,保険基盤安定等負担金,"",国民健康保険基盤安定負担金(保険年金課),86165000,86165
132071:2025:revenue:approved:f8a45d8159f9dbc8,2025,approved,86,"",一般会計,16,国庫支出金,1,国庫負担金,1,民生費国庫負担金,5,保険基盤安定等負担金,"",未就学児均等割保険税負担金(保険年金課),2900000,2900
132071:2025:revenue:approved:753a25f80d720b0c,2025,approved,87,"",一般会計,16,国庫支出金,1,国庫負担金,1,民生費国庫負担金,5,保険基盤安定等負担金,"",産前産後保険税負担金(保険年金課),1500000,1500
132071:2025:revenue:approved:260fef018177b9a2,2025,approved,88,"",一般会計,16,国庫支出金,1,国庫負担金,1,民生費国庫負担金,6,児童扶養手当負担金,"",児童扶養手当負担金(子ども未来課),153880000,153880
132071:2025:revenue:approved:8f1e0a5eb30e47bc,2025,approved,89,"",一般会計,16,国庫支出金,1,国庫負担金,1,民生費国庫負担金,7,障害者自立支援給付費負担金,"",障害福祉サービス費等負担金(障害福祉課),1271354000,1271354
132071:2025:revenue:approved:c0671a295c47eb24,2025,approved,90,"",一般会計,16,国庫支出金,1,国庫負担金,1,民生費国庫負担金,7,障害者自立支援給付費負担金,"",補装具費負担金(障害福祉課),18000000,18000
132071:2025:revenue:approved:8c6cdc24f69351ac,2025,approved,91,"",一般会計,16,国庫支出金,1,国庫負担金,1,民生費国庫負担金,7,障害者自立支援給付費負担金,"",相談支援給付費等負担金(障害福祉課),21259000,21259
132071:2025:revenue:approved:6fc74f160f2b3c69,2025,approved,92,"",一般会計,16,国庫支出金,1,国庫負担金,1,民生費国庫負担金,8,障害者医療費負担金,"",障害者自立支援医療費負担金(障害福祉課),74928000,74928
132071:2025:revenue:approved:24f89dfcd0fdf04b,2025,approved,93,"",一般会計,16,国庫支出金,1,国庫負担金,1,民生費国庫負担金,9,中国残留邦人支援給付費負担金,"",中国残留邦人生活支援等給付費負担金(福祉総務課),9135000,9135
132071:2025:revenue:approved:a1a4693fdbd222ad,2025,approved,94,"",一般会計,16,国庫支出金,1,国庫負担金,1,民生費国庫負担金,9,中国残留邦人支援給付費負担金,"",中国残留邦人医療支援給付費負担金(福祉総務課),12750000,12750
132071:2025:revenue:approved:aacf47eb63cb6c6d,2025,approved,95,"",一般会計,16,国庫支出金,1,国庫負担金,1,民生費国庫負担金,9,中国残留邦人支援給付費負担金,"",中国残留邦人介護支援給付費負担金(福祉総務課),447000,447
132071:2025:revenue:approved:abe720fbccb8f9c6,2025,approved,96,"",一般会計,16,国庫支出金,1,国庫負担金,1,民生費国庫負担金,9,中国残留邦人支援給付費負担金,"",中国残留邦人配偶者支援金負担金(福祉総務課),1628000,1628
132071:2025:revenue:approved:27052b45137cec94,2025,approved,97,"",一般会計,16,国庫支出金,1,国庫負担金,1,民生費国庫負担金,10,児童手当負担金,"",3歳未満児童手当負担金(子ども未来課),443237000,443237
132071:2025:revenue:approved:25eb34a2c727ab54,2025,approved,98,"",一般会計,16,国庫支出金,1,国庫負担金,1,民生費国庫負担金,10,児童手当負担金,"",中学校修了前児童手当負担金(子ども未来課),1196082000,1196082
132071:2025:revenue:approved:87dab71a451027b5,2025,approved,99,"",一般会計,16,国庫支出金,1,国庫負担金,1,民生費国庫負担金,10,児童手当負担金,"",高校生児童手当負担金(子ども未来課),246586000,246586
132071:2025:revenue:approved:6de4385e806f0981,2025,approved,100,"",一般会計,16,国庫支出金,1,国庫負担金,1,民生費国庫負担金,11,障害児入所給付費等負担金,"",障害児通所給付費等負担金(障害福祉課),381300000,381300
132071:2025:revenue:approved:6869de8addc758e0,2025,approved,101,"",一般会計,16,国庫支出金,1,国庫負担金,1,民生費国庫負担金,11,障害児入所給付費等負担金,"",障害児相談支援給付費等負担金(障害福祉課),11340000,11340
132071:2025:revenue:approved:2f50ee09e954b796,2025,approved,102,"",一般会計,16,国庫支出金,1,国庫負担金,1,民生費国庫負担金,12,生活困窮者自立相談支援事業等負担金,"",生活困窮者自立相談支援事業等負担金(福祉総務課),36716000,36716
132071:2025:revenue:approved:871d85fd6f27a102,2025,approved,103,"",一般会計,16,国庫支出金,1,国庫負担金,1,民生費国庫負担金,13,子どものための教育・保育給付費負担金,"",施設型給付費負担金(子ども育成支援課),2105875000,2105875
132071:2025:revenue:approved:0a578d8c001bcf4c,2025,approved,104,"",一般会計,16,国庫支出金,1,国庫負担金,1,民生費国庫負担金,13,子どものための教育・保育給付費負担金,"",地域型保育給付費負担金(子ども育成支援課),89855000,89855
132071:2025:revenue:approved:8918d6f10a43df5d,2025,approved,105,"",一般会計,16,国庫支出金,1,国庫負担金,1,民生費国庫負担金,14,介護保険低所得者保険料軽減負担金,"",介護保険低所得者保険料軽減負担金(介護福祉課),53790000,53790
132071:2025:revenue:approved:a48ae9cbc0e143a7,2025,approved,106,"",一般会計,16,国庫支出金,1,国庫負担金,1,民生費国庫負担金,15,子育て支援施設等利用給付費負担金,"",子育て支援施設等利用給付費負担金(子ども育成支援課),17879000,17879
132071:2025:revenue:approved:61a616a710a702af,2025,approved,107,"",一般会計,16,国庫支出金,1,国庫負担金,1,民生費国庫負担金,16,妊婦のための支援給付負担金,"",妊婦のための支援給付負担金(子ども家庭センター担当),79000000,79000
132071:2025:revenue:approved:3824bd14f56899bc,2025,approved,108,"",一般会計,16,国庫支出金,1,国庫負担金,2,衛生費国庫負担金,1,母子保健事業負担金,"",未熟児養育医療給付費負担金(子ども家庭センター担当),3640000,3640
132071:2025:revenue:approved:94229c23e778d4a0,2025,approved,109,"",一般会計,16,国庫支出金,1,国庫負担金,2,衛生費国庫負担金,2,新型コロナウイルス予防接種健康被害給付費負担金,"",新型コロナウイルス予防接種健康被害給付費負担金(健康課),479000,479
132071:2025:revenue:approved:2af5d9c8ddbbf477,2025,approved,110,"",一般会計,16,国庫支出金,1,国庫負担金,3,教育費国庫負担金,1,子育て支援施設等利用給付費負担金,"",幼稚園利用給付費負担金(子ども育成支援課),115650000,115650
132071:2025:revenue:approved:69d52eae018d48c6,2025,approved,111,"",一般会計,16,国庫支出金,2,国庫補助金,1,総務費国庫補助金,1,個人番号カード交付事務費補助金,"",個人番号カード交付事務費補助金(市民課),56282000,56282
132071:2025:revenue:approved:a60ea77b5a9c7b60,2025,approved,112,"",一般会計,16,国庫支出金,2,国庫補助金,1,総務費国庫補助金,2,社会保障・税番号制度システム整備費補助金,"",社会保障・税番号制度システム整備費補助金(情報システム課、市民課),41574000,41574
132071:2025:revenue:approved:fa890b9be45b18f1,2025,approved,113,"",一般会計,16,国庫支出金,2,国庫補助金,1,総務費国庫補助金,3,新しい地方経済・生活環境創生交付金,"",新しい地方経済・生活環境創生交付金(企画政策課),3192000,3192
132071:2025:revenue:approved:0bf26c382a2ad997,2025,approved,114,"",一般会計,16,国庫支出金,2,国庫補助金,2,民生費国庫補助金,1,生活困窮者就労準備支援事業等補助金,"",生活保護適正実施推進事業補助金(生活福祉課),23071000,23071
132071:2025:revenue:approved:1c833499d0dfafff,2025,approved,115,"",一般会計,16,国庫支出金,2,国庫補助金,2,民生費国庫補助金,1,生活困窮者就労準備支援事業等補助金,"",生活困窮者就労準備支援等事業補助金(福祉総務課),35116000,35116
132071:2025:revenue:approved:511a2eb83882e603,2025,approved,116,"",一般会計,16,国庫支出金,2,国庫補助金,2,民生費国庫補助金,1,生活困窮者就労準備支援事業等補助金,"",中国残留邦人等地域生活支援事業補助金(福祉総務課),1322000,1322
132071:2025:revenue:approved:9b5efc8b89d84a54,2025,approved,117,"",一般会計,16,国庫支出金,2,国庫補助金,2,民生費国庫補助金,2,児童虐待防止対策等総合支援事業補助金,"",医療的ケア児等総合支援事業補助金(障害福祉課),70000,70
132071:2025:revenue:approved:fefcb192cae28efa,2025,approved,118,"",一般会計,16,国庫支出金,2,国庫補助金,2,民生費国庫補助金,3,地域生活支援事業補助金,"",地域生活支援事業補助金(障害福祉課),39220000,39220
132071:2025:revenue:approved:a5b64b2a1646273f,2025,approved,119,"",一般会計,16,国庫支出金,2,国庫補助金,2,民生費国庫補助金,4,母子家庭及び父子家庭自立支援給付事業補助金,"",自立支援教育訓練給付事業補助金(子ども未来課),585000,585
132071:2025:revenue:approved:f243b21da1861e62,2025,approved,120,"",一般会計,16,国庫支出金,2,国庫補助金,2,民生費国庫補助金,4,母子家庭及び父子家庭自立支援給付事業補助金,"",高等職業訓練促進給付等事業補助金(子ども未来課),9150000,9150
132071:2025:revenue:approved:1045364fcf8e2e85,2025,approved,121,"",一般会計,16,国庫支出金,2,国庫補助金,2,民生費国庫補助金,5,子ども・子育て支援交付金,"",子ども・子育て支援交付金(子ども未来課),189902000,189902
132071:2025:revenue:approved:c307c5c13fa5045d,2025,approved,122,"",一般会計,16,国庫支出金,2,国庫補助金,2,民生費国庫補助金,6,保育対策総合支援事業補助金,"",保育対策総合支援事業補助金(子ども育成支援課),29694000,29694
132071:2025:revenue:approved:91ab7875564ffcb7,2025,approved,123,"",一般会計,16,国庫支出金,2,国庫補助金,2,民生費国庫補助金,7,母子・父子自立支援プログラム策定事業補助金,"",),40000,40
132071:2025:revenue:approved:22b4da246fae4111,2025,approved,124,"",一般会計,16,国庫支出金,2,国庫補助金,2,民生費国庫補助金,8,子ども・子育て支援体制整備総合推進事業補助金,"",子ども・子育て支援体制整備総合推進事業補助金(子ども育成支援課),193000,193
132071:2025:revenue:approved:12313fa048a3a1be,2025,approved,125,"",一般会計,16,国庫支出金,2,国庫補助金,2,民生費国庫補助金,9,困難女性支援推進等事業補助金,"",女性相談支援員活動強化事業補助金(男女共同参画・女性活躍支援担当),1755000,1755
132071:2025:revenue:approved:fac982c61b17c62e,2025,approved,126,"",一般会計,16,国庫支出金,2,国庫補助金,2,民生費国庫補助金,10,妊婦のための支援給付補助金,"",妊婦のための支援給付補助金(子ども家庭センター担当),1806000,1806
132071:2025:revenue:approved:5f958b2c0c0d05a9,2025,approved,127,"",一般会計,16,国庫支出金,2,国庫補助金,2,民生費国庫補助金,11,養育費等支援事業補助金,"",養育費等支援事業補助金(男女共同参画・女性活躍支援担当),150000,150
132071:2025:revenue:approved:79584eaecad46dc3,2025,approved,128,"",一般会計,16,国庫支出金,2,国庫補助金,2,民生費国庫補助金,12,出産・子育て応援交付金,"",出産・子育て応援交付金(子ども家庭センター担当),25000000,25000
132071:2025:revenue:approved:75ac06d75ab32197,2025,approved,129,"",一般会計,16,国庫支出金,2,国庫補助金,2,民生費国庫補助金,13,保健福祉センター整備費補助金,"",保健福祉センター整備費補助金(健康課),64518000,64518
132071:2025:revenue:approved:f3aec22d6ec453dc,2025,approved,130,"",一般会計,16,国庫支出金,2,国庫補助金,3,衛生費国庫補助金,1,感染症予防事業等補助金,"",疾病予防対策事業等補助金(健康課),372000,372
132071:2025:revenue:approved:8e93f99c6c1c0023,2025,approved,131,"",一般会計,16,国庫支出金,2,国庫補助金,3,衛生費国庫補助金,2,母子保健衛生費補助金,"",母子保健衛生費補助金(子ども家庭センター担当),2258000,2258
132071:2025:revenue:approved:02becf7b03e06b77,2025,approved,132,"",一般会計,16,国庫支出金,2,国庫補助金,4,土木費国庫補助金,1,社会資本整備総合交付金,"",社会資本整備総合交付金(建設課、都市計画課),268685000,268685
132071:2025:revenue:approved:bebff4cc3f1d5988,2025,approved,133,"",一般会計,16,国庫支出金,2,国庫補助金,4,土木費国庫補助金,2,道路メンテナンス事業補助金,"",橋りょう改修事業補助金(建設課),4400000,4400
132071:2025:revenue:approved:3aebb9f35b11c24d,2025,approved,134,"",一般会計,16,国庫支出金,2,国庫補助金,5,消防費国庫補助金,1,消防団設備整備費補助金,"",消防団設備整備費補助金(防災安全課),1029000,1029
132071:2025:revenue:approved:37b53ac03e81164e,2025,approved,135,"",一般会計,16,国庫支出金,2,国庫補助金,6,教育費国庫補助金,1,児童生徒就学援助費補助金,"",児童生徒就学援助費補助金(学務担当),627000,627
132071:2025:revenue:approved:468025fe7de876b6,2025,approved,136,"",一般会計,16,国庫支出金,2,国庫補助金,6,教育費国庫補助金,1,児童生徒就学援助費補助金,"",児童生徒就学奨励費補助金(学務担当),2744000,2744
132071:2025:revenue:approved:763208963b6eff03,2025,approved,137,"",一般会計,16,国庫支出金,2,国庫補助金,6,教育費国庫補助金,2,理科教育等設備整備費補助金,"",理科教育等設備整備費補助金(教育総務課),744000,744
132071:2025:revenue:approved:9a37099ce2ffd560,2025,approved,138,"",一般会計,16,国庫支出金,2,国庫補助金,6,教育費国庫補助金,3,防音工事費補助金,"",共成小除湿温度保持機能復旧工事費補助金(教育総務課),184800000,184800
132071:2025:revenue:approved:2decb554049d6945,2025,approved,139,"",一般会計,16,国庫支出金,2,国庫補助金,6,教育費国庫補助金,3,防音工事費補助金,"",田中小除湿温度保持機能復旧工事費補助金(教育総務課),8841000,8841
132071:2025:revenue:approved:adb4661606e5472b,2025,approved,140,"",一般会計,16,国庫支出金,2,国庫補助金,6,教育費国庫補助金,4,学校施設環境改善交付金,"",富士見丘小大規模改造(便所改修)工事費交付金(教育総務課),23333000,23333
132071:2025:revenue:approved:66bfad437d638473,2025,approved,141,"",一般会計,16,国庫支出金,2,国庫補助金,6,教育費国庫補助金,4,学校施設環境改善交付金,"",玉川小大規模改造(東側便所改修)工事費交付金(教育総務課),16942000,16942
132071:2025:revenue:approved:184b2bf756b4f51d,2025,approved,142,"",一般会計,16,国庫支出金,2,国庫補助金,6,教育費国庫補助金,4,学校施設環境改善交付金,"",中神小大規模改造(西側便所改修)工事費交付金(教育総務課),21972000,21972
132071:2025:revenue:approved:69900c28bc46afcd,2025,approved,143,"",一般会計,16,国庫支出金,2,国庫補助金,6,教育費国庫補助金,4,学校施設環境改善交付金,"",光華小大規模改造(外壁等改修)工事費交付金(教育総務課),16920000,16920
132071:2025:revenue:approved:cf4126f552f5f9c4,2025,approved,144,"",一般会計,16,国庫支出金,2,国庫補助金,6,教育費国庫補助金,4,学校施設環境改善交付金,"",16款国庫支出金,5880000,5880
132071:2025:revenue:approved:876357a6f6c2cd4b,2025,approved,145,"",一般会計,16,国庫支出金,2,国庫補助金,6,教育費国庫補助金,4,学校施設環境改善交付金,"",拝島第一小便所洋式化改修工事費交付金(教育総務課),3812000,3812
132071:2025:revenue:approved:3160fb010db18dfe,2025,approved,146,"",一般会計,16,国庫支出金,2,国庫補助金,6,教育費国庫補助金,4,学校施設環境改善交付金,"",拝島第三小大規模改造(西側便所改修)工事費交付金(教育総務課),13236000,13236
132071:2025:revenue:approved:b10ea3f0bc1dd7d6,2025,approved,147,"",一般会計,16,国庫支出金,2,国庫補助金,6,教育費国庫補助金,4,学校施設環境改善交付金,"",福島中便所洋式化改修工事費交付金(教育総務課),4050000,4050
132071:2025:revenue:approved:e52e3d825b249b0a,2025,approved,148,"",一般会計,16,国庫支出金,2,国庫補助金,6,教育費国庫補助金,4,学校施設環境改善交付金,"",拝島中大規模改造(東側便所改修)工事費交付金(教育総務課),16148000,16148
132071:2025:revenue:approved:8a47db5a60a87ecd,2025,approved,149,"",一般会計,16,国庫支出金,2,国庫補助金,6,教育費国庫補助金,4,学校施設環境改善交付金,"",防犯設備更新事業交付金(教育総務課),12976000,12976
132071:2025:revenue:approved:dd39916250fc916b,2025,approved,150,"",一般会計,16,国庫支出金,2,国庫補助金,6,教育費国庫補助金,5,社会教育施設費補助金,"",市民会館・公民館除湿温度保持機能等復旧工事費補助金(市民会館・公民館),92175000,92175
132071:2025:revenue:approved:a77cc2d3e828a14d,2025,approved,151,"",一般会計,16,国庫支出金,2,国庫補助金,7,防音事業関連維持事業補助金,1,防音事業関連維持事業補助金,"",防音事業関連維持事業補助金(教育総務課),26283000,26283
132071:2025:revenue:approved:331052646f19eb58,2025,approved,152,"",一般会計,16,国庫支出金,2,国庫補助金,8,特定防衛施設周辺整備調整交付金,1,特定防衛施設周辺整備調整交付金,"",特定防衛施設周辺整備調整交付金(基地・渉外担当),485000000,485000
132071:2025:revenue:approved:03a92f903dc7a9a2,2025,approved,153,"",一般会計,16,国庫支出金,2,国庫補助金,9,物価高騰対応重点支援地方創生臨時交付金,1,物価高騰対応重点支援地方創生臨時交付金,"",物価高騰対応重点支援地方創生臨時交付金(企画政策課),436552000,436552
132071:2025:revenue:approved:ceaf22568e2d3ab3,2025,approved,154,"",一般会計,16,国庫支出金,3,委託金,1,総務費国庫委託金,1,騒音対策事務委託金,"",基地関係騒音対策事務委託金(基地・渉外担当),800000,800
132071:2025:revenue:approved:63ef5265870a36c7,2025,approved,155,"",一般会計,16,国庫支出金,3,委託金,1,総務費国庫委託金,2,中長期在留者住居地届出等事務委託金,"",中長期在留者住居地届出等事務委託金(市民課),1147000,1147
132071:2025:revenue:approved:bd3737254d72a45c,2025,approved,156,"",一般会計,16,国庫支出金,3,委託金,1,総務費国庫委託金,3,自衛官募集事務委託金,"",自衛官募集事務委託金(市民課),28000,28
132071:2025:revenue:approved:cb7afe44e99ed422,2025,approved,157,"",一般会計,16,国庫支出金,3,委託金,2,民生費国庫委託金,1,国民年金事務費委託金,"",国民年金事務費委託金(保険年金課),28576000,28576
132071:2025:revenue:approved:b0bbcc20cffbc441,2025,approved,158,"",一般会計,16,国庫支出金,3,委託金,2,民生費国庫委託金,2,特別児童扶養手当事務委託金,"",特別児童扶養手当事務委託金(障害福祉課),296000,296
132071:2025:revenue:approved:1758b3dcec8d01c3,2025,approved,159,"",一般会計,16,国庫支出金,3,委託金,2,民生費国庫委託金,3,中国残留邦人支援事務委託金,"",中国残留邦人支援事務委託金(福祉総務課),3041000,3041
132071:2025:revenue:approved:b974b5c4426b4ab0,2025,approved,160,"",一般会計,16,国庫支出金,3,委託金,2,民生費国庫委託金,4,年金生活者支援給付金支給業務市町村事務取扱委託金,"",年金生活者支援給付金支給業務市町村事務取扱委託金(保険年金課),647000,647
132071:2025:revenue:approved:dfb68af6f2bec381,2025,approved,161,"",一般会計,16,国庫支出金,3,委託金,3,労働費国庫委託金,1,健康保険日雇特例被保険者取扱委託金,"",健康保険日雇特例被保険者取扱委託金(保険年金課),1000,1
132071:2025:revenue:approved:6650645c29386b3b,2025,approved,162,"",一般会計,17,都支出金,1,都負担金,1,民生費都負担金,1,民生委員推薦会負担金,"",民生委員推薦会負担金(福祉総務課),270000,270
132071:2025:revenue:approved:6742524616afd08e,2025,approved,163,"",一般会計,17,都支出金,1,都負担金,1,民生費都負担金,2,民生委員・児童委員活動費負担金,"",民生委員・児童委員活動費負担金(福祉総務課),10397000,10397
132071:2025:revenue:approved:f2954d4fa1bd0b41,2025,approved,164,"",一般会計,17,都支出金,1,都負担金,1,民生費都負担金,3,助産施設費負担金,"",助産施設費負担金(男女共同参画・女性活躍支援担当),575000,575
132071:2025:revenue:approved:24beec2af380f548,2025,approved,165,"",一般会計,17,都支出金,1,都負担金,1,民生費都負担金,4,母子生活支援施設費負担金,"",母子生活支援施設費負担金(男女共同参画・女性活躍支援担当),3000000,3000
132071:2025:revenue:approved:14171a47d2c59a1c,2025,approved,166,"",一般会計,17,都支出金,1,都負担金,1,民生費都負担金,5,児童育成手当負担金,"",育成手当負担金(子ども未来課),270000000,270000
132071:2025:revenue:approved:e269bd1243a5f9f5,2025,approved,167,"",一般会計,17,都支出金,1,都負担金,1,民生費都負担金,5,児童育成手当負担金,"",障害手当負担金(子ども未来課),18600000,18600
132071:2025:revenue:approved:c2b1b3a3191e2860,2025,approved,168,"",一般会計,17,都支出金,1,都負担金,1,民生費都負担金,6,生活保護費負担金,"",生活保護費負担金(生活福祉課),195287000,195287
132071:2025:revenue:approved:370c79a92b58517b,2025,approved,169,"",一般会計,17,都支出金,1,都負担金,1,民生費都負担金,7,心身障害者福祉手当負担金,"",心身障害者福祉手当負担金(障害福祉課),198090000,198090
132071:2025:revenue:approved:083a580bc207eee3,2025,approved,170,"",一般会計,17,都支出金,1,都負担金,1,民生費都負担金,8,保険基盤安定等負担金,"",国民健康保険基盤安定負担金(保険年金課),235378000,235378
132071:2025:revenue:approved:5cb89c84ff38a4bf,2025,approved,171,"",一般会計,17,都支出金,1,都負担金,1,民生費都負担金,8,保険基盤安定等負担金,"",未就学児均等割保険税負担金(保険年金課),1450000,1450
132071:2025:revenue:approved:1cd3cd16dc975dd2,2025,approved,172,"",一般会計,17,都支出金,1,都負担金,1,民生費都負担金,8,保険基盤安定等負担金,"",産前産後保険税負担金(保険年金課),750000,750
132071:2025:revenue:approved:a88ecc236881ec6d,2025,approved,173,"",一般会計,17,都支出金,1,都負担金,1,民生費都負担金,8,保険基盤安定等負担金,"",後期高齢者医療保険基盤安定負担金(保険年金課),207828000,207828
132071:2025:revenue:approved:7c215d121963854a,2025,approved,174,"",一般会計,17,都支出金,1,都負担金,1,民生費都負担金,9,行旅病人・死亡人取扱費負担金,"",行旅病人・死亡人取扱費負担金(生活福祉課),229000,229
132071:2025:revenue:approved:169c4ce9e896c218,2025,approved,175,"",一般会計,17,都支出金,1,都負担金,1,民生費都負担金,10,障害者自立支援給付費負担金,"",障害福祉サービス費等負担金(障害福祉課),635677000,635677
132071:2025:revenue:approved:13eb4c02d26b4184,2025,approved,176,"",一般会計,17,都支出金,1,都負担金,1,民生費都負担金,10,障害者自立支援給付費負担金,"",療養介護医療費負担金(障害福祉課),4320000,4320
132071:2025:revenue:approved:9d7ce511275e7da9,2025,approved,177,"",一般会計,17,都支出金,1,都負担金,1,民生費都負担金,10,障害者自立支援給付費負担金,"",補装具費負担金(障害福祉課),9000000,9000
132071:2025:revenue:approved:c0a9b5c84c41d58d,2025,approved,178,"",一般会計,17,都支出金,1,都負担金,1,民生費都負担金,10,障害者自立支援給付費負担金,"",相談支援給付費等負担金(障害福祉課),10629000,10629
132071:2025:revenue:approved:c126b82ef1de4799,2025,approved,179,"",一般会計,17,都支出金,1,都負担金,1,民生費都負担金,11,障害者医療費負担金,"",障害者自立支援医療費負担金(障害福祉課),33144000,33144
132071:2025:revenue:approved:12acbead5d9c7b37,2025,approved,180,"",一般会計,17,都支出金,1,都負担金,1,民生費都負担金,12,児童手当負担金,"",3歳未満児童手当負担金(子ども未来課),4161000,4161
132071:2025:revenue:approved:df8962fdb89c8b4f,2025,approved,181,"",一般会計,17,都支出金,1,都負担金,1,民生費都負担金,12,児童手当負担金,"",中学校修了前児童手当負担金(子ども未来課),170868000,170868
132071:2025:revenue:approved:3dec038e4b94d9b7,2025,approved,182,"",一般会計,17,都支出金,1,都負担金,1,民生費都負担金,12,児童手当負担金,"",高校生児童手当負担金(子ども未来課),35226000,35226
132071:2025:revenue:approved:2ce58dcc73784051,2025,approved,183,"",一般会計,17,都支出金,1,都負担金,1,民生費都負担金,13,障害児入所給付費等負担金,"",障害児通所給付費等負担金(障害福祉課),190650000,190650
132071:2025:revenue:approved:d9007bf5e5fb0081,2025,approved,184,"",一般会計,17,都支出金,1,都負担金,1,民生費都負担金,13,障害児入所給付費等負担金,"",障害児相談支援給付費等負担金(障害福祉課),5670000,5670
132071:2025:revenue:approved:e6d898ba7fb7cf11,2025,approved,185,"",一般会計,17,都支出金,1,都負担金,1,民生費都負担金,14,子どものための教育・保育給付費負担金,"",施設型給付費負担金(子ども育成支援課),1052937000,1052937
132071:2025:revenue:approved:25bd4b1c76645c8d,2025,approved,186,"",一般会計,17,都支出金,1,都負担金,1,民生費都負担金,14,子どものための教育・保育給付費負担金,"",地域型保育給付費負担金(子ども育成支援課),44927000,44927
132071:2025:revenue:approved:af1a9ba6acebb648,2025,approved,187,"",一般会計,17,都支出金,1,都負担金,1,民生費都負担金,15,介護保険低所得者保険料軽減負担金,"",介護保険低所得者保険料軽減負担金(介護福祉課),26895000,26895
132071:2025:revenue:approved:b6f6c0ca2b6c5279,2025,approved,188,"",一般会計,17,都支出金,1,都負担金,1,民生費都負担金,16,子育て支援施設等利用給付費負担金,"",子育て支援施設等利用給付費負担金(子ども育成支援課),8939000,8939
132071:2025:revenue:approved:ba14c6e718356116,2025,approved,189,"",一般会計,17,都支出金,1,都負担金,2,衛生費都負担金,1,母子保健事業負担金,"",未熟児養育医療給付費負担金(子ども家庭センター担当),1820000,1820
132071:2025:revenue:approved:59437c4b5ec273b3,2025,approved,190,"",一般会計,17,都支出金,1,都負担金,3,教育費都負担金,1,子育て支援施設等利用給付費負担金,"",幼稚園利用給付費負担金(子ども育成支援課),57825000,57825
132071:2025:revenue:approved:511f40d0a05f0346,2025,approved,191,"",一般会計,17,都支出金,2,都補助金,1,総務費都補助金,1,市町村総合交付金,"",市町村総合交付金(企画政策課、財政課),2045162000,2045162
132071:2025:revenue:approved:320ccfd27d65afc9,2025,approved,192,"",一般会計,17,都支出金,2,都補助金,1,総務費都補助金,2,人権啓発活動補助金,"",人権啓発活動補助金(秘書課),267000,267
132071:2025:revenue:approved:8a824e4a668744cf,2025,approved,193,"",一般会計,17,都支出金,2,都補助金,1,総務費都補助金,3,子ども・長寿・居場所区市町村包括補助金,"",子ども・長寿・居場所区市町村包括補助金(市民総合交流拠点施設建設担当),9951000,9951
132071:2025:revenue:approved:b5093c1a89bcae24,2025,approved,194,"",一般会計,17,都支出金,2,都補助金,1,総務費都補助金,4,オープンローミング対応Wi-Fi整備事業補助金,"",オープンローミング対応Wi-Fi整備事業補助金(情報システム課),12396000,12396
132071:2025:revenue:approved:343f3cebdf937541,2025,approved,195,"",一般会計,17,都支出金,2,都補助金,2,民生費都補助金,1,保育所関係等補助金,"",保育所関係補助金(子ども育成支援課),4465000,4465
132071:2025:revenue:approved:ade899be04c4055e,2025,approved,196,"",一般会計,17,都支出金,2,都補助金,2,民生費都補助金,1,保育所関係等補助金,"",認証保育所補助金(子ども育成支援課),41470000,41470
132071:2025:revenue:approved:ffbfbd8a62818235,2025,approved,197,"",一般会計,17,都支出金,2,都補助金,2,民生費都補助金,1,保育所関係等補助金,"",認可外保育施設利用支援事業補助金(子ども育成支援課),43011000,43011
132071:2025:revenue:approved:7b1bc337a5bb63a2,2025,approved,198,"",一般会計,17,都支出金,2,都補助金,2,民生費都補助金,2,老人クラブ運営費補助金,"",老人クラブ運営費補助金(地域包括ケア担当),1990000,1990
132071:2025:revenue:approved:db6d3395cae4ea45,2025,approved,199,"",一般会計,17,都支出金,2,都補助金,2,民生費都補助金,3,ひとり親家庭ホームヘルプサービス事業補助金,"",ひとり親家庭ホームヘルプサービス事業補助金(子ども未来課),2620000,2620
132071:2025:revenue:approved:7503ed3319b152ae,2025,approved,200,"",一般会計,17,都支出金,2,都補助金,2,民生費都補助金,4,重度脳性麻痺者等介護人派遣事業補助金,"",重度脳性麻痺者等介護人派遣事業補助金(障害福祉課),945000,945
132071:2025:revenue:approved:20a052ff1d0f0ffb,2025,approved,201,"",一般会計,17,都支出金,2,都補助金,2,民生費都補助金,5,ひとり親家庭等医療費助成事業補助金,"",ひとり親家庭等医療費助成事業補助金(子ども未来課),34509000,34509
132071:2025:revenue:approved:cafe464454c7dfc2,2025,approved,202,"",一般会計,17,都支出金,2,都補助金,2,民生費都補助金,6,乳幼児医療費助成事業補助金,"",乳幼児医療費助成事業補助金(子ども未来課),113525000,113525
132071:2025:revenue:approved:cf4fcc888376a523,2025,approved,203,"",一般会計,17,都支出金,2,都補助金,2,民生費都補助金,7,義務教育就学児医療費助成事業補助金,"",義務教育就学児医療費助成事業補助金(子ども未来課),127781000,127781
132071:2025:revenue:approved:ddff5ca795c902fe,2025,approved,204,"",一般会計,17,都支出金,2,都補助金,2,民生費都補助金,8,高校生等医療費助成事業補助金,"",高校生等医療費助成事業補助金(子ども未来課),74098000,74098
132071:2025:revenue:approved:74af11878f877744,2025,approved,205,"",一般会計,17,都支出金,2,都補助金,2,民生費都補助金,9,地域福祉推進事業補助金,"",地域福祉推進事業補助金(障害福祉課),2500000,2500
132071:2025:revenue:approved:ed4a079d4b1b6b63,2025,approved,206,"",一般会計,17,都支出金,2,都補助金,2,民生費都補助金,10,障害者自立生活支援事業補助金,"",障害者自立生活支援事業補助金(障害福祉課),2000000,2000
132071:2025:revenue:approved:8faed693d04553c9,2025,approved,207,"",一般会計,17,都支出金,2,都補助金,2,民生費都補助金,11,地域生活支援事業補助金,"",地域生活支援事業補助金(障害福祉課),19610000,19610
132071:2025:revenue:approved:794573f57381c56e,2025,approved,208,"",一般会計,17,都支出金,2,都補助金,2,民生費都補助金,12,子育て推進交付金,"",子育て推進交付金(子ども育成支援課),737677000,737677
132071:2025:revenue:approved:435b2005d6ea8bdd,2025,approved,209,"",一般会計,17,都支出金,2,都補助金,2,民生費都補助金,13,高齢社会対策区市町村包括補助金,"",高齢社会対策区市町村包括補助金(地域包括ケア担当),23775000,23775
132071:2025:revenue:approved:5a453899e2c724b5,2025,approved,210,"",一般会計,17,都支出金,2,都補助金,2,民生費都補助金,14,障害者施策推進区市町村包括補助金,"",障害者施策推進区市町村包括補助金(障害福祉課),151517000,151517
132071:2025:revenue:approved:de2b2720e0bbce0f,2025,approved,211,"",一般会計,17,都支出金,2,都補助金,2,民生費都補助金,15,地域福祉推進区市町村包括補助金,"",地域福祉推進区市町村包括補助金(福祉総務課),84087000,84087
132071:2025:revenue:approved:6644f77843bfeab4,2025,approved,212,"",一般会計,17,都支出金,2,都補助金,2,民生費都補助金,16,子ども家庭支援区市町村包括補助金,"",子ども家庭支援区市町村包括補助金(子ども未来課),33706000,33706
132071:2025:revenue:approved:78132ecebc54708a,2025,approved,213,"",一般会計,17,都支出金,2,都補助金,2,民生費都補助金,17,都型学童クラブ事業補助金,"",都型学童クラブ事業補助金(子ども育成支援課),33739000,33739
132071:2025:revenue:approved:ddbd16ce67cd33c2,2025,approved,214,"",一般会計,17,都支出金,2,都補助金,2,民生費都補助金,18,子ども・子育て支援交付金,"",子ども・子育て支援交付金(子ども未来課),150571000,150571
132071:2025:revenue:approved:390f67fda898e158,2025,approved,215,"",一般会計,17,都支出金,2,都補助金,2,民生費都補助金,19,保育対策総合支援事業補助金,"",保育対策総合支援事業補助金(子ども育成支援課),50998000,50998
132071:2025:revenue:approved:1c2bb32512c5ffa6,2025,approved,216,"",一般会計,17,都支出金,2,都補助金,2,民生費都補助金,20,保育士等キャリアアップ補助金,"",保育士等キャリアアップ補助金(子ども育成支援課),95111000,95111
132071:2025:revenue:approved:18bcaea82b714ee3,2025,approved,217,"",一般会計,17,都支出金,2,都補助金,2,民生費都補助金,21,社会福祉法人等介護保険サービス利用者負担軽減事業補助金,"",社会福祉法人等介護保険サービス利用者負担軽減事業補助金(介護福祉課),225000,225
132071:2025:revenue:approved:0b6b28b4813b09e4,2025,approved,218,"",一般会計,17,都支出金,2,都補助金,2,民生費都補助金,22,保育従事職員宿舎借り上げ支援事業補助金,"",保育従事職員宿舎借り上げ支援事業補助金(子ども育成支援課),59556000,59556
132071:2025:revenue:approved:7593bb5757f0884e,2025,approved,219,"",一般会計,17,都支出金,2,都補助金,2,民生費都補助金,23,人生100年時代セカンドライフ応援事業補助金,"",人生100年時代セカンドライフ応援事業補助金(地域包括ケア担当),6108000,6108
132071:2025:revenue:approved:fdd13a20ec1729b5,2025,approved,220,"",一般会計,17,都支出金,2,都補助金,2,民生費都補助金,24,在宅療養推進事業補助金,"",在宅療養推進事業補助金(地域包括ケア担当),1848000,1848
132071:2025:revenue:approved:33f3dcebd5911fe3,2025,approved,221,"",一般会計,17,都支出金,2,都補助金,2,民生費都補助金,25,認知症とともに暮らす地域あんしん事業補助金,"",認知症とともに暮らす地域あんしん事業補助金(地域包括ケア担当),16027000,16027
132071:2025:revenue:approved:cdd342f7c636b3a3,2025,approved,222,"",一般会計,17,都支出金,2,都補助金,2,民生費都補助金,26,保育サービス推進事業補助金,"",保育サービス推進事業補助金(子ども育成支援課),63067000,63067
132071:2025:revenue:approved:13dc9bc9698e01c9,2025,approved,223,"",一般会計,17,都支出金,2,都補助金,2,民生費都補助金,27,保育所等利用多子世帯負担軽減事業補助金,"",保育所等利用多子世帯負担軽減事業補助金(子ども育成支援課),455303000,455303
132071:2025:revenue:approved:0418ed3dfbb51db2,2025,approved,224,"",一般会計,17,都支出金,2,都補助金,2,民生費都補助金,28,利用者支援体制強化事業補助金,"",利用者支援体制強化事業補助金(子ども育成支援課),1959000,1959
132071:2025:revenue:approved:a715df773cd64b11,2025,approved,225,"",一般会計,17,都支出金,2,都補助金,2,民生費都補助金,29,保育人材確保支援事業補助金,"",保育人材確保支援事業補助金(子ども育成支援課),82000,82
132071:2025:revenue:approved:8e78de3d102e9fdc,2025,approved,226,"",一般会計,17,都支出金,2,都補助金,2,民生費都補助金,30,受験生チャレンジ支援貸付事業補助金,"",受験生チャレンジ支援貸付事業補助金(福祉総務課),5000000,5000
132071:2025:revenue:approved:d0d03aaf218d9453,2025,approved,227,"",一般会計,17,都支出金,2,都補助金,2,民生費都補助金,31,多様な他者との関わりの機会創出事業補助金,"",多様な他者との関わりの機会創出事業補助金(子ども育成支援課),23685000,23685
132071:2025:revenue:approved:29cb315ac61cb61d,2025,approved,228,"",一般会計,17,都支出金,2,都補助金,2,民生費都補助金,32,児童虐待防止対策等総合支援事業補助金,"",児童虐待防止対策等総合支援事業補助金(障害福祉課),35000,35
132071:2025:revenue:approved:42eb0c1eaf90e18d,2025,approved,229,"",一般会計,17,都支出金,2,都補助金,2,民生費都補助金,33,保育所等賃借料補助金,"",保育所等賃借料補助金(子ども育成支援課),10115000,10115
132071:2025:revenue:approved:6ae9c68268a97b10,2025,approved,230,"",一般会計,17,都支出金,2,都補助金,2,民生費都補助金,34,認知症高齢者早期発見等支援ネットワーク事業補助金,"",認知症高齢者早期発見等支援ネットワーク事業補助金(地域包括ケア担当),359000,359
132071:2025:revenue:approved:d817322ff9a109f7,2025,approved,231,"",一般会計,17,都支出金,2,都補助金,2,民生費都補助金,35,子ども食堂推進事業補助金,"",子ども食堂推進事業補助金(子ども家庭センター担当),5997000,5997
132071:2025:revenue:approved:6a7a47d1351a2277,2025,approved,232,"",一般会計,17,都支出金,2,都補助金,2,民生費都補助金,36,高齢者聞こえのコミュニケーション支援事業補助金,"",高齢者聞こえのコミュニケーション支援事業補助金(地域包括ケア担当),3023000,3023
132071:2025:revenue:approved:7aeca89be969219c,2025,approved,233,"",一般会計,17,都支出金,2,都補助金,2,民生費都補助金,37,こども家庭センター体制強化事業補助金,"",こども家庭センター体制強化事業補助金(子ども家庭センター担当),20366000,20366
132071:2025:revenue:approved:9a18ebbcea687f37,2025,approved,234,"",一般会計,17,都支出金,2,都補助金,2,民生費都補助金,38,保育力強化事業補助金,"",保育力強化事業補助金(子ども育成支援課),600000,600
132071:2025:revenue:approved:3d97f43f49bfcdd1,2025,approved,235,"",一般会計,17,都支出金,2,都補助金,2,民生費都補助金,39,介護人材確保対策事業補助金,"",介護人材確保対策事業補助金(地域包括ケア担当),5625000,5625
132071:2025:revenue:approved:c48ea9c6ef28fc0b,2025,approved,236,"",一般会計,17,都支出金,2,都補助金,2,民生費都補助金,40,日中活動系サービス推進事業補助金,"",日中活動系サービス推進事業補助金(障害福祉課),170232000,170232
132071:2025:revenue:approved:2075f2bcfe50f6b1,2025,approved,237,"",一般会計,17,都支出金,2,都補助金,2,民生費都補助金,41,出産・子育て応援事業補助金,"",出産・子育て応援事業補助金(子ども家庭センター担当),74089000,74089
132071:2025:revenue:approved:1cfe53a4c1f42769,2025,approved,238,"",一般会計,17,都支出金,2,都補助金,2,民生費都補助金,42,母子家庭等就業・自立支援事業補助金,"",養育費確保支援事業補助金(男女共同参画・女性活躍支援担当),75000,75
132071:2025:revenue:approved:2aa0ea67ce06f9dd,2025,approved,239,"",一般会計,17,都支出金,2,都補助金,2,民生費都補助金,43,訪問系障害福祉サービス事業所人材確保対策支援事業補助金,"",訪問系障害福祉サービス事業所人材確保対策支援事業補助金(障害福祉課),1867000,1867
132071:2025:revenue:approved:7b6e58eb8b954c1c,2025,approved,240,"",一般会計,17,都支出金,2,都補助金,2,民生費都補助金,44,緊急1歳児受入事業補助金,"",緊急1歳児受入事業補助金(子ども育成支援課),40559000,40559
132071:2025:revenue:approved:7a4be98f737ef981,2025,approved,241,"",一般会計,17,都支出金,2,都補助金,3,衛生費都補助金,1,予防接種事故対策費補助金,"",予防接種事故対策費補助金(健康課),6319000,6319
132071:2025:revenue:approved:8fe2fd73d23b750b,2025,approved,242,"",一般会計,17,都支出金,2,都補助金,3,衛生費都補助金,2,医療保健政策区市町村包括補助金,"",医療保健政策区市町村包括補助金(健康課),48308000,48308
132071:2025:revenue:approved:b944cce1d45d0212,2025,approved,243,"",一般会計,17,都支出金,2,都補助金,3,衛生費都補助金,3,健康増進事業補助金,"",健康増進事業補助金(健康課),6590000,6590
132071:2025:revenue:approved:1550ef7e25d99940,2025,approved,244,"",一般会計,17,都支出金,2,都補助金,3,衛生費都補助金,4,地域自殺対策緊急強化交付金,"",地域自殺対策緊急強化交付金(健康課),614000,614
132071:2025:revenue:approved:56820b8e6e4536c4,2025,approved,245,"",一般会計,17,都支出金,2,都補助金,3,衛生費都補助金,5,とうきょうママパパ応援事業補助金,"",とうきょうママパパ応援事業補助金(子ども家庭センター担当),21454000,21454
132071:2025:revenue:approved:e10a93066163389d,2025,approved,246,"",一般会計,17,都支出金,2,都補助金,3,衛生費都補助金,6,妊婦健康診査支援事業補助金,"",妊婦健康診査支援事業補助金(子ども家庭センター担当),11043000,11043
132071:2025:revenue:approved:4e3574096712a08a,2025,approved,247,"",一般会計,17,都支出金,2,都補助金,3,衛生費都補助金,7,帯状疱疹ワクチン任意接種補助金,"",帯状疱疹ワクチン任意接種補助金(健康課),8794000,8794
132071:2025:revenue:approved:8465b2dd2a30b19d,2025,approved,248,"",一般会計,17,都支出金,2,都補助金,3,衛生費都補助金,8,母子保健支援事業補助金,"",母子保健支援事業補助金(子ども家庭センター担当),1045000,1045
132071:2025:revenue:approved:0221e90d06825a48,2025,approved,249,"",一般会計,17,都支出金,2,都補助金,3,衛生費都補助金,9,流域対策等強化・推進事業補助金,"",流域対策等強化・推進事業補助金(下水道課),540000,540
132071:2025:revenue:approved:989488c489be1fde,2025,approved,250,"",一般会計,17,都支出金,2,都補助金,3,衛生費都補助金,10,小児インフルエンザワクチン任意接種補助金,"",小児インフルエンザワクチン任意接種補助金(健康課),8870000,8870
132071:2025:revenue:approved:f53ed3ae281fcbdb,2025,approved,251,"",一般会計,17,都支出金,2,都補助金,3,衛生費都補助金,11,HPVワクチン男性接種補助金,"",HPVワクチン男性接種補助金(健康課),668000,668
132071:2025:revenue:approved:7fbd263b3c780230,2025,approved,252,"",一般会計,17,都支出金,2,都補助金,3,衛生費都補助金,12,初回産科受診料支援事業補助金,"",初回産科受診料支援事業補助金(子ども家庭センター担当),12000,12
132071:2025:revenue:approved:f96cb17fb4587f12,2025,approved,253,"",一般会計,17,都支出金,2,都補助金,4,労働費都補助金,1,シルバー人材センター運営費補助金,"",シルバー人材センター運営費補助金(産業活性課),12495000,12495
132071:2025:revenue:approved:fd9fe1b2adae19fc,2025,approved,254,"",一般会計,17,都支出金,2,都補助金,5,農林費都補助金,1,農業委員会費補助金,"",農業委員会交付金等(農業委員会事務局),689000,689
132071:2025:revenue:approved:8508c693f173f0aa,2025,approved,255,"",一般会計,17,都支出金,2,都補助金,5,農林費都補助金,1,農業委員会費補助金,"",農業経営基盤強化措置事務取扱交付金(農業委員会事務局),221000,221
132071:2025:revenue:approved:c9d0c819b62074fa,2025,approved,256,"",一般会計,17,都支出金,2,都補助金,5,農林費都補助金,2,土地改良事業補助金,"",土地改良事業補助金(環境課),11250000,11250
132071:2025:revenue:approved:6f6b7fd2f9f83a7d,2025,approved,257,"",一般会計,17,都支出金,2,都補助金,5,農林費都補助金,3,多摩産材利用促進プロジェクト補助金,"",多摩産材利用促進プロジェクト補助金(市民総合交流拠点施設建設担当),9282000,9282
132071:2025:revenue:approved:d467e84ec6ecf367,2025,approved,258,"",一般会計,17,都支出金,2,都補助金,6,商工費都補助金,1,商店街チャレンジ戦略支援事業補助金,"",商店街チャレンジ戦略支援事業補助金(産業活性課),3298000,3298
132071:2025:revenue:approved:f81401399f802158,2025,approved,259,"",一般会計,17,都支出金,2,都補助金,6,商工費都補助金,2,消費者行政強化交付金,"",消費者行政強化交付金(生活コミュニティ課),364000,364
132071:2025:revenue:approved:dfed72e191e57578,2025,approved,260,"",一般会計,17,都支出金,2,都補助金,6,商工費都補助金,3,都内ものづくり企業地域共生推進事業補助金,"",都内ものづくり企業地域共生推進事業補助金(産業活性課),5000000,5000
132071:2025:revenue:approved:2e0a02b481a0ba12,2025,approved,261,"",一般会計,17,都支出金,2,都補助金,7,土木費都補助金,1,国土利用計画法経由事務費交付金,"",国土利用計画法経由事務費交付金(地域開発課),61000,61
132071:2025:revenue:approved:0926223eefd1384b,2025,approved,262,"",一般会計,17,都支出金,2,都補助金,7,土木費都補助金,2,戸建住宅等耐震化促進事業補助金,"",戸建住宅等耐震化促進事業補助金(都市計画課),2910000,2910
132071:2025:revenue:approved:434ea90cb18355f7,2025,approved,263,"",一般会計,17,都支出金,2,都補助金,7,土木費都補助金,3,道路整備費補助金,"",市道昭島5号道路改修工事費補助金(建設課),7000000,7000
132071:2025:revenue:approved:291fdb1ab78d9344,2025,approved,264,"",一般会計,17,都支出金,2,都補助金,7,土木費都補助金,3,道路整備費補助金,"",市道昭島7号道路改修工事費補助金(建設課),5800000,5800
132071:2025:revenue:approved:0f86537152912c5c,2025,approved,265,"",一般会計,17,都支出金,2,都補助金,7,土木費都補助金,3,道路整備費補助金,"",市道昭島23号道路改修工事費補助金(建設課),9000000,9000
132071:2025:revenue:approved:33dfe9bb3d9dccf9,2025,approved,266,"",一般会計,17,都支出金,2,都補助金,7,土木費都補助金,3,道路整備費補助金,"",市道昭島30号道路改修工事費補助金(建設課),9400000,9400
132071:2025:revenue:approved:d3d3dc9dcabcecd5,2025,approved,267,"",一般会計,17,都支出金,2,都補助金,7,土木費都補助金,3,道路整備費補助金,"",橋りょう改修事業補助金(建設課),1800000,1800
132071:2025:revenue:approved:dbbbedfeb787ed77,2025,approved,268,"",一般会計,17,都支出金,2,都補助金,7,土木費都補助金,4,ブロック塀等安全対策促進事業補助金,"",ブロック塀等安全対策促進事業補助金(都市計画課),265000,265
132071:2025:revenue:approved:e711bc8ff80a0239,2025,approved,269,"",一般会計,17,都支出金,2,都補助金,7,土木費都補助金,5,都市計画事業補助金,"",都市計画道路3・4・1号街路事業補助金(建設課),131400000,131400
132071:2025:revenue:approved:c9ab85b2270e1169,2025,approved,270,"",一般会計,17,都支出金,2,都補助金,7,土木費都補助金,6,空き家利活用等支援事業補助金,"",空き家利活用等支援事業補助金(都市計画課),49000,49
132071:2025:revenue:approved:7a8eccba5cc48ce4,2025,approved,271,"",一般会計,17,都支出金,2,都補助金,7,土木費都補助金,7,無電柱化事業補助金,"",無電柱化チャレンジ支援事業補助金(建設課),5000000,5000
132071:2025:revenue:approved:81cd50eae92cdd3f,2025,approved,272,"",一般会計,17,都支出金,2,都補助金,8,教育費都補助金,1,幼稚園等園児保護者負担軽減事業補助金,"",私立幼稚園等園児保護者負担軽減事業補助金(子ども育成支援課),26130000,26130
132071:2025:revenue:approved:1a77b0be4961644a,2025,approved,273,"",一般会計,17,都支出金,2,都補助金,8,教育費都補助金,2,放課後子どもプラン事業補助金,"",放課後子ども教室推進事業補助金(子ども育成支援課),24967000,24967
132071:2025:revenue:approved:dfd411e2e5104cbb,2025,approved,274,"",一般会計,17,都支出金,2,都補助金,8,教育費都補助金,3,地域ぐるみの学校安全体制整備推進事業補助金,"",地域ぐるみの学校安全体制整備推進事業補助金(学務担当),235000,235
132071:2025:revenue:approved:901509598fca7a4d,2025,approved,275,"",一般会計,17,都支出金,2,都補助金,8,教育費都補助金,4,学校教育指導事業等補助金,"",学校と家庭の連携推進事業補助金(指導課),5083000,5083
132071:2025:revenue:approved:9f9c73ed8150cf14,2025,approved,276,"",一般会計,17,都支出金,2,都補助金,8,教育費都補助金,4,学校教育指導事業等補助金,"",スクールソーシャルワーカー活用事業補助金(指導課),8794000,8794
132071:2025:revenue:approved:9d4bf35c8574ecbc,2025,approved,277,"",一般会計,17,都支出金,2,都補助金,8,教育費都補助金,5,被災児童生徒就学支援等事業補助金,"",被災児童生徒就学支援等事業補助金(学務担当),150000,150
132071:2025:revenue:approved:3819714b7fb9d781,2025,approved,278,"",一般会計,17,都支出金,2,都補助金,8,教育費都補助金,6,地域学校協働活動推進事業補助金,"",地域学校協働活動推進事業補助金(指導課),2573000,2573
132071:2025:revenue:approved:13b88a7132535d7f,2025,approved,279,"",一般会計,17,都支出金,2,都補助金,8,教育費都補助金,7,部活動指導員配置促進事業補助金,"",部活動指導員配置促進事業補助金(指導課),9656000,9656
132071:2025:revenue:approved:840a978d9b562ad9,2025,approved,280,"",一般会計,17,都支出金,2,都補助金,8,教育費都補助金,8,スクール・サポート・スタッフ配置事業補助金,"",スクール・サポート・スタッフ配置事業補助金(指導課),36727000,36727
132071:2025:revenue:approved:ac66751fc15c45ae,2025,approved,281,"",一般会計,17,都支出金,2,都補助金,8,教育費都補助金,9,青少年健全育成応援事業補助金,"",青少年健全育成応援事業補助金(子ども未来課),1000000,1000
132071:2025:revenue:approved:4e41d60a8f09d622,2025,approved,282,"",一般会計,17,都支出金,2,都補助金,8,教育費都補助金,10,学校マネジメント強化事業補助金,"",学校マネジメント強化事業補助金(指導課),49133000,49133
132071:2025:revenue:approved:6dd03c242b43679d,2025,approved,283,"",一般会計,17,都支出金,2,都補助金,8,教育費都補助金,11,社会の力活用事業補助金,"",社会の力活用事業補助金(指導課),17772000,17772
132071:2025:revenue:approved:58ce65e29f9a61f0,2025,approved,284,"",一般会計,17,都支出金,2,都補助金,8,教育費都補助金,12,公立学校施設防災機能強化支援事業補助金,"",富士見丘小防災機能強化支援事業補助金(教育総務課),11666000,11666
132071:2025:revenue:approved:79ba23c2b091f653,2025,approved,285,"",一般会計,17,都支出金,2,都補助金,8,教育費都補助金,12,公立学校施設防災機能強化支援事業補助金,"",玉川小防災機能強化支援事業補助金(教育総務課),11146000,11146
132071:2025:revenue:approved:1e47fe2c9bcf384d,2025,approved,286,"",一般会計,17,都支出金,2,都補助金,8,教育費都補助金,12,公立学校施設防災機能強化支援事業補助金,"",中神小防災機能強化支援事業補助金(教育総務課),14455000,14455
132071:2025:revenue:approved:30c163532fc2a694,2025,approved,287,"",一般会計,17,都支出金,2,都補助金,8,教育費都補助金,12,公立学校施設防災機能強化支援事業補助金,"",拝島第一小防災機能強化支援事業補助金(教育総務課),2507000,2507
132071:2025:revenue:approved:ed068345873e3981,2025,approved,288,"",一般会計,17,都支出金,2,都補助金,8,教育費都補助金,12,公立学校施設防災機能強化支援事業補助金,"",拝島第三小防災機能強化支援事業補助金(教育総務課),8708000,8708
132071:2025:revenue:approved:c23e9befdb9a1b1f,2025,approved,289,"",一般会計,17,都支出金,2,都補助金,8,教育費都補助金,12,公立学校施設防災機能強化支援事業補助金,"",福島中防災機能強化支援事業補助金(教育総務課),2664000,2664
132071:2025:revenue:approved:061582f52bb1bb39,2025,approved,290,"",一般会計,17,都支出金,2,都補助金,8,教育費都補助金,12,公立学校施設防災機能強化支援事業補助金,"",拝島中防災機能強化支援事業補助金(教育総務課),8983000,8983
132071:2025:revenue:approved:764c72d9407da9f3,2025,approved,291,"",一般会計,17,都支出金,2,都補助金,8,教育費都補助金,13,スポーツ実施促進事業補助金,"",スポーツ実施促進事業補助金(スポーツ振興課),5000000,5000
132071:2025:revenue:approved:79fe3065244aea8b,2025,approved,292,"",一般会計,17,都支出金,2,都補助金,8,教育費都補助金,14,教育支援センター機能強化補助事業補助金,"",教育支援センター機能強化補助事業補助金(指導課),1405000,1405
132071:2025:revenue:approved:ac7a381b513650ae,2025,approved,293,"",一般会計,17,都支出金,2,都補助金,8,教育費都補助金,15,デジタル利活用支援員配置支援事業補助金,"",デジタル利活用支援員配置支援事業補助金(教育総務課),10173000,10173
132071:2025:revenue:approved:61474f0ff7c10bfc,2025,approved,294,"",一般会計,17,都支出金,2,都補助金,8,教育費都補助金,16,特別支援教育推進事業補助金,"",特別支援教育推進事業補助金(指導課),3568000,3568
132071:2025:revenue:approved:d89c0dfe33eb6f35,2025,approved,295,"",一般会計,17,都支出金,2,都補助金,8,教育費都補助金,17,エデュケーション・アシスタント配置支援事業補助金,"",エデュケーション・アシスタント配置支援事業補助金(指導課),64128000,64128
132071:2025:revenue:approved:ff18b6cb17aa61a1,2025,approved,296,"",一般会計,17,都支出金,2,都補助金,8,教育費都補助金,18,校内別室指導支援員配置事業補助金,"",校内別室指導支援員配置事業補助金(指導課),5005000,5005
132071:2025:revenue:approved:8e70c0f992edd375,2025,approved,297,"",一般会計,17,都支出金,2,都補助金,8,教育費都補助金,19,学校給食費無償化支援事業補助金,"",学校給食費無償化支援事業補助金(学校給食課),204193000,204193
132071:2025:revenue:approved:4bee51a7e8846e2e,2025,approved,298,"",一般会計,17,都支出金,2,都補助金,8,教育費都補助金,20,部活動地域連携・地域移行支援事業補助金,"",部活動地域連携・地域移行支援事業補助金(指導課),4294000,4294
132071:2025:revenue:approved:2edd3ffea12c8324,2025,approved,299,"",一般会計,17,都支出金,2,都補助金,8,教育費都補助金,21,教育支援体制整備事業補助金,"",教育支援体制整備事業補助金(指導課),1967000,1967
132071:2025:revenue:approved:0cdfe4b216b9836a,2025,approved,300,"",一般会計,17,都支出金,3,委託金,1,総務費都委託金,1,都税徴収委託金,"",都税徴収委託金(納税課),201360000,201360
132071:2025:revenue:approved:00f6b2bc5e730184,2025,approved,301,"",一般会計,17,都支出金,3,委託金,1,総務費都委託金,2,人口動態調査委託金,"",人口動態調査委託金(市民課),117000,117
132071:2025:revenue:approved:b9589e45dc1a8a94,2025,approved,302,"",一般会計,17,都支出金,3,委託金,1,総務費都委託金,3,統計調査委託金,"",学校基本調査委託金(行政経営担当),25000,25
132071:2025:revenue:approved:8646e70b5c2dabe2,2025,approved,303,"",一般会計,17,都支出金,3,委託金,1,総務費都委託金,3,統計調査委託金,"",建設工事統計調査委託金(行政経営担当),75000,75
132071:2025:revenue:approved:61320a4db93168fb,2025,approved,304,"",一般会計,17,都支出金,3,委託金,1,総務費都委託金,3,統計調査委託金,"",経済センサス調査区管理委託金(行政経営担当),14000,14
132071:2025:revenue:approved:ba200bea1929ba04,2025,approved,305,"",一般会計,17,都支出金,3,委託金,1,総務費都委託金,3,統計調査委託金,"",経済センサス活動調査準備事務委託金(行政経営担当),712000,712
132071:2025:revenue:approved:4c5e07046c4542c1,2025,approved,306,"",一般会計,17,都支出金,3,委託金,1,総務費都委託金,3,統計調査委託金,"",農林業センサス委託金(行政経営担当),29000,29
132071:2025:revenue:approved:86a564aec6b59038,2025,approved,307,"",一般会計,17,都支出金,3,委託金,1,総務費都委託金,3,統計調査委託金,"",国勢調査委託金(行政経営担当),70621000,70621
132071:2025:revenue:approved:43054d0ee097273d,2025,approved,308,"",一般会計,17,都支出金,3,委託金,1,総務費都委託金,4,土地所有状況等調査事務委託金,"",土地所有状況等調査事務委託金(課税課),247000,247
132071:2025:revenue:approved:5f26275caef236cf,2025,approved,309,"",一般会計,17,都支出金,3,委託金,1,総務費都委託金,5,在外選挙人名簿登録事務委託金,"",在外選挙人名簿登録事務委託金(選挙管理委員会事務局),65000,65
132071:2025:revenue:approved:46dec4d8d1e28a2f,2025,approved,310,"",一般会計,17,都支出金,3,委託金,1,総務費都委託金,6,住民基本台帳等人口調査委託金,"",住民基本台帳等人口調査委託金(市民課),262000,262
132071:2025:revenue:approved:c85c992de617d85a,2025,approved,311,"",一般会計,17,都支出金,3,委託金,1,総務費都委託金,7,参議院議員選挙委託金,"",参議院議員選挙執行委託金(選挙管理委員会事務局),76178000,76178
132071:2025:revenue:approved:fe4a0da71ec8eb9f,2025,approved,312,"",一般会計,17,都支出金,3,委託金,1,総務費都委託金,8,東京都議会議員選挙委託金,"",東京都議会議員選挙執行委託金(選挙管理委員会事務局),66473000,66473
132071:2025:revenue:approved:97456e475d95ef5f,2025,approved,313,"",一般会計,17,都支出金,3,委託金,2,民生費都委託金,1,心身障害者医療助成事務委託金,"",心身障害者医療助成事務委託金(障害福祉課),1096000,1096
132071:2025:revenue:approved:f267a1892093b242,2025,approved,314,"",一般会計,17,都支出金,3,委託金,2,民生費都委託金,2,重度心身障害者手当事務委託金,"",重度心身障害者手当事務委託金(障害福祉課),528000,528
132071:2025:revenue:approved:0c36af4b971a4947,2025,approved,315,"",一般会計,17,都支出金,3,委託金,2,民生費都委託金,3,女性福祉資金貸付事務委託金,"",女性福祉資金貸付事務委託金(子ども未来課),530000,530
132071:2025:revenue:approved:a9937691e2ab2413,2025,approved,316,"",一般会計,17,都支出金,3,委託金,2,民生費都委託金,4,母子及び父子福祉資金貸付事務委託金,"",母子及び父子福祉資金貸付事務委託金(子ども未来課),9302000,9302
132071:2025:revenue:approved:6a5c03c4605f6567,2025,approved,317,"",一般会計,17,都支出金,3,委託金,2,民生費都委託金,5,福祉のまちづくり事務委託金,"",福祉のまちづくり事務委託金(都市計画課),50000,50
132071:2025:revenue:approved:49727272797a50ae,2025,approved,318,"",一般会計,17,都支出金,3,委託金,2,民生費都委託金,6,身体障害者福祉法事務委託金,"",身体障害者福祉法事務委託金(障害福祉課),305000,305
132071:2025:revenue:approved:bc469e8667de021d,2025,approved,319,"",一般会計,17,都支出金,3,委託金,2,民生費都委託金,7,難病等医療費助成事務委託金,"",難病等医療費助成事務委託金(障害福祉課),1049000,1049
132071:2025:revenue:approved:2aa7b3a5ef380513,2025,approved,320,"",一般会計,17,都支出金,3,委託金,2,民生費都委託金,8,小児精神病等医療費助成事務等委託金,"",小児精神病等医療費助成事務等委託金(障害福祉課),2596000,2596
132071:2025:revenue:approved:00e975f1d2ccc031,2025,approved,321,"",一般会計,17,都支出金,3,委託金,2,民生費都委託金,9,精神保健福祉一般相談事業委託金,"",精神保健福祉一般相談事業委託金(障害福祉課),9380000,9380
132071:2025:revenue:approved:a61c777d945e208f,2025,approved,322,"",一般会計,17,都支出金,3,委託金,2,民生費都委託金,10,原子爆弾被爆者等援護事務委託金,"",原子爆弾被爆者等援護事務委託金(障害福祉課),3000,3
132071:2025:revenue:approved:02da12b6d997c6b2,2025,approved,323,"",一般会計,17,都支出金,3,委託金,2,民生費都委託金,11,小児慢性特定疾病医療費助成事務委託金,"",小児慢性特定疾病医療費助成事務委託金(障害福祉課),26000,26
132071:2025:revenue:approved:c306428549bbbb98,2025,approved,324,"",一般会計,17,都支出金,3,委託金,2,民生費都委託金,12,心身障害者扶養年金事務委託金,"",心身障害者扶養年金事務委託金(障害福祉課),211000,211
132071:2025:revenue:approved:96e370fe1e90da86,2025,approved,325,"",一般会計,17,都支出金,3,委託金,2,民生費都委託金,13,心身障害者扶養共済制度事務委託金,"",心身障害者扶養共済制度事務委託金(障害福祉課),153000,153
132071:2025:revenue:approved:0d0a2bd63f23dd9e,2025,approved,326,"",一般会計,17,都支出金,3,委託金,2,民生費都委託金,14,特別弔慰金事務委託金,"",特別弔慰金事務委託金(福祉総務課),120000,120
132071:2025:revenue:approved:dcf5578b58d10490,2025,approved,327,"",一般会計,17,都支出金,3,委託金,2,民生費都委託金,15,児童福祉施設事務委託金,"",児童福祉施設事務委託金(子ども育成支援課),284000,284
132071:2025:revenue:approved:b222d5551c24f796,2025,approved,328,"",一般会計,17,都支出金,3,委託金,3,衛生費都委託金,1,環境確保条例事務委託金,"",環境確保条例事務委託金(環境課),28195000,28195
132071:2025:revenue:approved:5464a22b030463d2,2025,approved,329,"",一般会計,17,都支出金,3,委託金,3,衛生費都委託金,2,犬・猫等公示事務委託金,"",犬・猫等公示事務委託金(環境課),1000,1
132071:2025:revenue:approved:adce3a263f57f9c5,2025,approved,330,"",一般会計,17,都支出金,3,委託金,3,衛生費都委託金,3,大気汚染健康障害者医療費助成事務委託金,"",大気汚染健康障害者医療費助成事務委託金(健康課),179000,179
132071:2025:revenue:approved:e93c1da057f5471e,2025,approved,331,"",一般会計,17,都支出金,3,委託金,3,衛生費都委託金,4,風しん抗体検査事業委託金,"",風しん抗体検査事業委託金(健康課),1420000,1420
132071:2025:revenue:approved:1b3f85ee4a09e091,2025,approved,332,"",一般会計,17,都支出金,3,委託金,4,土木費都委託金,1,都営住宅使用申込書配布等事務委託金,"",都営住宅使用申込書配布等事務委託金(都市計画課),340000,340
132071:2025:revenue:approved:06fa35a3fe295a4e,2025,approved,333,"",一般会計,17,都支出金,3,委託金,4,土木費都委託金,2,屋外広告物許可事務委託金,"",屋外広告物許可事務委託金(交通対策課),1991000,1991
132071:2025:revenue:approved:3fc4f3f05f8ec7c4,2025,approved,334,"",一般会計,17,都支出金,3,委託金,4,土木費都委託金,3,マンション適正管理促進事務委託金,"",マンション適正管理促進事務委託金(都市計画課),312000,312
132071:2025:revenue:approved:68f0833e3e350f75,2025,approved,335,"",一般会計,17,都支出金,3,委託金,5,教育費都委託金,1,都職員給与等支給事務委託金,"",学校教職員給与等支給事務委託金(指導課),4552000,4552
132071:2025:revenue:approved:e3303b7f9147673e,2025,approved,336,"",一般会計,17,都支出金,3,委託金,5,教育費都委託金,2,私立学校指導監督委託金,"",私立学校指導監督委託金(子ども育成支援課),1007000,1007
132071:2025:revenue:approved:a931a07b34b37015,2025,approved,337,"",一般会計,17,都支出金,3,委託金,5,教育費都委託金,3,市立学校調査事務委託金,"",市立学校調査事務委託金(教育総務課),14000,14
132071:2025:revenue:approved:95450badc90c31a6,2025,approved,338,"",一般会計,17,都支出金,3,委託金,5,教育費都委託金,4,成績一覧表調査委員会運営委託金,"",成績一覧表調査委員会運営委託金(指導課),17000,17
132071:2025:revenue:approved:f6ffc2dc60b5bcc4,2025,approved,339,"",一般会計,17,都支出金,3,委託金,5,教育費都委託金,5,教員研修委託金,"",教員研修委託金(指導課),1065000,1065
132071:2025:revenue:approved:03ccdee1dd7543ad,2025,approved,340,"",一般会計,17,都支出金,3,委託金,5,教育費都委託金,6,学校会計年度任用職員任用事務委託金,"",学校会計年度任用職員任用事務委託金(指導課),6669000,6669
132071:2025:revenue:approved:ba506db5872be753,2025,approved,341,"",一般会計,17,都支出金,3,委託金,5,教育費都委託金,7,文化財届出等事務委託金,"",文化財届出等事務委託金(アキシマエンシス管理課),20000,20
132071:2025:revenue:approved:6696cf762628a9ac,2025,approved,342,"",一般会計,17,都支出金,3,委託金,5,教育費都委託金,8,情報活用能力育成事業委託金,"",情報活用能力育成事業委託金(指導課),300000,300
132071:2025:revenue:approved:4f18b164f30775f9,2025,approved,343,"",一般会計,17,都支出金,3,委託金,5,教育費都委託金,9,デジタルを活用したこれからの学び実践事業委託金,"",デジタルを活用したこれからの学び実践事業委託金(指導課),300000,300
132071:2025:revenue:approved:e451919af3441d46,2025,approved,344,"",一般会計,18,財産収入,1,財産運用収入,1,財産貸付収入,1,土地建物貸付収入,"",市有土地貸付収入(総務課、子ども家庭センター担当),1225000,1225
132071:2025:revenue:approved:1d94320ee8e769cb,2025,approved,345,"",一般会計,18,財産収入,1,財産運用収入,1,財産貸付収入,2,物品貸付収入,"",葬祭用具貸付収入(生活コミュニティ課),448000,448
132071:2025:revenue:approved:b9d13e7f29605cf8,2025,approved,346,"",一般会計,18,財産収入,1,財産運用収入,2,利子及び配当金,1,基金利子,"",財政調整基金利子(財政課),45300000,45300
132071:2025:revenue:approved:383078cde78fa868,2025,approved,347,"",一般会計,18,財産収入,1,財産運用収入,2,利子及び配当金,1,基金利子,"",公共施設整備等資金積立基金利子(財政課),48500000,48500
132071:2025:revenue:approved:42cf21be1027e3ee,2025,approved,348,"",一般会計,18,財産収入,1,財産運用収入,2,利子及び配当金,1,基金利子,"",職員退職手当資金積立基金利子(財政課),3200000,3200
132071:2025:revenue:approved:74ef160e0add2170,2025,approved,349,"",一般会計,18,財産収入,1,財産運用収入,2,利子及び配当金,1,基金利子,"",緑化推進基金利子(財政課),1000000,1000
132071:2025:revenue:approved:4e38ad0acafd3b35,2025,approved,350,"",一般会計,18,財産収入,1,財産運用収入,2,利子及び配当金,1,基金利子,"",特定防衛施設周辺整備調整交付金事業基金利子(財政課),4500000,4500
132071:2025:revenue:approved:846f2d67d2cd2371,2025,approved,351,"",一般会計,18,財産収入,1,財産運用収入,2,利子及び配当金,1,基金利子,"",田中孝奨学基金利子(財政課),500000,500
132071:2025:revenue:approved:868c879680c24a2d,2025,approved,352,"",一般会計,18,財産収入,1,財産運用収入,2,利子及び配当金,1,基金利子,"",企業版ふるさと納税基金利子(財政課),1000000,1000
132071:2025:revenue:approved:be5175d073a32707,2025,approved,353,"",一般会計,18,財産収入,2,財産売払収入,1,不動産売払収入,1,土地売払収入,"",土地売払収入(総務課),1000,1
132071:2025:revenue:approved:33fa7117b433b7c8,2025,approved,354,"",一般会計,19,寄附金,1,寄附金,1,一般寄附金,1,一般寄附金,"",一般寄附金(企画政策課、財政課),11000000,11000
132071:2025:revenue:approved:cf46a807d170e5d3,2025,approved,355,"",一般会計,19,寄附金,1,寄附金,2,指定寄附金,1,指定寄附金,"",奨学金等支給事業指定寄附金(企画政策課、財政課),1000000,1000
132071:2025:revenue:approved:47a1667b8030a426,2025,approved,356,"",一般会計,20,繰入金,1,特別会計繰入金,1,特別会計繰入金,1,特別会計繰入金,"",特別会計繰入金(財政課),1000,1
132071:2025:revenue:approved:d7dc5129c3fbb461,2025,approved,357,"",一般会計,20,繰入金,2,基金繰入金,1,財政調整基金繰入金,1,財政調整基金繰入金,"",財政調整基金繰入金(財政課),2780000000,2780000
132071:2025:revenue:approved:0415ec2577e1923e,2025,approved,358,"",一般会計,20,繰入金,2,基金繰入金,2,公共施設整備等資金積立基金繰入金,1,公共施設整備等資金積立基金繰入金,"",公共施設整備等資金積立基金繰入金(財政課),650000000,650000
132071:2025:revenue:approved:201fff97b0edf904,2025,approved,359,"",一般会計,20,繰入金,2,基金繰入金,3,緑化推進基金繰入金,1,緑化推進基金繰入金,"",緑化推進基金繰入金(財政課),15000000,15000
132071:2025:revenue:approved:496bd940c036a67e,2025,approved,360,"",一般会計,20,繰入金,2,基金繰入金,4,特定防衛施設周辺整備調整交付金事業基金繰入金,1,特定防衛施設周辺整備調整交付金事業基金繰入金,"",特定防衛施設周辺整備調整交付金事業基金繰入金(財政課),777116000,777116
132071:2025:revenue:approved:d0cb96d5c148de22,2025,approved,361,"",一般会計,20,繰入金,2,基金繰入金,5,田中孝奨学基金繰入金,1,田中孝奨学基金繰入金,"",田中孝奨学基金繰入金(財政課),8640000,8640
132071:2025:revenue:approved:63f8272d9b4329e8,2025,approved,362,"",一般会計,21,繰越金,1,繰越金,1,繰越金,1,前年度繰越金,"",前年度繰越金(財政課),400000000,400000
132071:2025:revenue:approved:25f0d3ced8339298,2025,approved,363,"",一般会計,22,諸収入,1,延滞金、加算金及び過料,1,延滞金,1,延滞金,"",市税延滞金(納税課),15000000,15000
132071:2025:revenue:approved:b89f8ee05ea7f5f1,2025,approved,364,"",一般会計,22,諸収入,2,市預金利子,1,市預金利子,1,市預金利子,"",歳計現金預金利子(会計課),3025000,3025
132071:2025:revenue:approved:a4f08042479b0cfc,2025,approved,365,"",一般会計,22,諸収入,3,収益事業収入,1,競輪・競艇事業収入,1,競輪・競艇事業収入,"",競艇事業収入(財政課),20000000,20000
132071:2025:revenue:approved:8b9903e69f28c283,2025,approved,366,"",一般会計,22,諸収入,4,雑入,1,滞納処分費,1,滞納処分費,"",滞納処分費(納税課),402000,402
132071:2025:revenue:approved:89cbb1a54655e19b,2025,approved,367,"",一般会計,22,諸収入,4,雑入,2,弁償金,1,弁償金,"",弁償金(課税課),2000,2
132071:2025:revenue:approved:5d2d6c7ae0077118,2025,approved,368,"",一般会計,22,諸収入,4,雑入,3,過年度収入,1,過年度収入,"",過年度収入(財政課),1000,1
132071:2025:revenue:approved:1fe5f6bd4a1011b2,2025,approved,369,"",一般会計,22,諸収入,4,雑入,4,雑入,1,雑入,"",道路掘削復旧監督事務費(管理課),5141000,5141
132071:2025:revenue:approved:aabc8e15fa788325,2025,approved,370,"",一般会計,22,諸収入,4,雑入,4,雑入,1,雑入,"",庁舎等光熱水費(総務課ほか15課),7765000,7765
132071:2025:revenue:approved:db29ec26508f3acf,2025,approved,371,"",一般会計,22,諸収入,4,雑入,4,雑入,1,雑入,"",太陽光発電余剰電力売払収入(生活コミュニティ課、教育総務課),25000,25
132071:2025:revenue:approved:36ceddd67b7543b3,2025,approved,372,"",一般会計,22,諸収入,4,雑入,4,雑入,1,雑入,"",複写機利用料(議会事務局ほか8課),703000,703
132071:2025:revenue:approved:0163550c458a259a,2025,approved,373,"",一般会計,22,諸収入,4,雑入,4,雑入,1,雑入,"",電話料(スポーツ振興課ほか2課),51000,51
132071:2025:revenue:approved:71aff3de6e9ab418,2025,approved,374,"",一般会計,22,諸収入,4,雑入,4,雑入,1,雑入,"",雇用保険料(職員課ほか29課),8227000,8227
132071:2025:revenue:approved:37272ce28f6ef753,2025,approved,375,"",一般会計,22,諸収入,4,雑入,4,雑入,1,雑入,"",ホームページ等広告掲載料(総務課ほか2課),4025000,4025
132071:2025:revenue:approved:93bc391be1628457,2025,approved,376,"",一般会計,22,諸収入,4,雑入,4,雑入,1,雑入,"",施設命名権収入(スポーツ振興課、市民会館・公民館),3300000,3300
132071:2025:revenue:approved:cde8e169fcb35896,2025,approved,377,"",一般会計,22,諸収入,4,雑入,4,雑入,1,雑入,"",有価物売却代金(ごみ対策課、学校給食課),94061000,94061
132071:2025:revenue:approved:b8e8af35e282a206,2025,approved,378,"",一般会計,22,諸収入,4,雑入,4,雑入,1,雑入,"",リサイクル用自転車売却代金(交通対策課),404000,404
132071:2025:revenue:approved:d51d595cdbad543f,2025,approved,379,"",一般会計,22,諸収入,4,雑入,4,雑入,1,雑入,"",各種印刷物等頒布代金(アキシマエンシス管理課ほか6課),1148000,1148
132071:2025:revenue:approved:c52ac9811cf19da1,2025,approved,380,"",一般会計,22,諸収入,4,雑入,4,雑入,1,雑入,"",苗木配布負担金(環境課),135000,135
132071:2025:revenue:approved:7bca21870f592b72,2025,approved,381,"",一般会計,22,諸収入,4,雑入,4,雑入,1,雑入,"",各種講習会等負担金(スポーツ振興課ほか5課),4392000,4392
132071:2025:revenue:approved:61526d81499efbed,2025,approved,382,"",一般会計,22,諸収入,4,雑入,4,雑入,1,雑入,"",福祉サービス事業利用者負担金(地域包括ケア担当ほか4課),2400000,2400
132071:2025:revenue:approved:d8cbee2a615d6b94,2025,approved,383,"",一般会計,22,諸収入,4,雑入,4,雑入,1,雑入,"",市民農園利用者負担金(産業活性課),534000,534
132071:2025:revenue:approved:a5b5b3e7c5b589e6,2025,approved,384,"",一般会計,22,諸収入,4,雑入,4,雑入,1,雑入,"",水道事業会計負担金(情報システム課ほか8課),19953000,19953
132071:2025:revenue:approved:7988a4b9ade04f21,2025,approved,385,"",一般会計,22,諸収入,4,雑入,4,雑入,1,雑入,"",下水道事業会計負担金(情報システム課ほか6課),10110000,10110
132071:2025:revenue:approved:2f81068de62131cc,2025,approved,386,"",一般会計,22,諸収入,4,雑入,4,雑入,1,雑入,"",農業者年金業務委託手数料(農業委員会事務局),94000,94
132071:2025:revenue:approved:af26cdb85bc91fa8,2025,approved,387,"",一般会計,22,諸収入,4,雑入,4,雑入,1,雑入,"",市民総合賠償補償保険金(生活コミュニティ課),750000,750
132071:2025:revenue:approved:657f8e5bf5eef755,2025,approved,388,"",一般会計,22,諸収入,4,雑入,4,雑入,1,雑入,"",生活保護費返還金(生活福祉課),10000000,10000
132071:2025:revenue:approved:650fe05b20f38c65,2025,approved,389,"",一般会計,22,諸収入,4,雑入,4,雑入,1,雑入,"",成年後見開始申立経費返還金(福祉総務課),150000,150
132071:2025:revenue:approved:cf2f03625f023f81,2025,approved,390,"",一般会計,22,諸収入,4,雑入,4,雑入,1,雑入,"",ハロウィンジャンボ宝くじ区市町村交付金(企画政策課),17481000,17481
132071:2025:revenue:approved:40b54a417bbfe32a,2025,approved,391,"",一般会計,22,諸収入,4,雑入,4,雑入,1,雑入,"",自治総合センターコミュニティ助成金(生活コミュニティ課),4400000,4400
132071:2025:revenue:approved:511e7c3495874d17,2025,approved,392,"",一般会計,22,諸収入,4,雑入,4,雑入,1,雑入,"",多摩・島しょ行政のデジタル化推進事業助成金(デジタル戦略担当),30000000,30000
132071:2025:revenue:approved:d8bb906d3638b7cc,2025,approved,393,"",一般会計,22,諸収入,4,雑入,4,雑入,1,雑入,"",みどり東京・温暖化防止プロジェクト助成金(環境課),1000000,1000
132071:2025:revenue:approved:c350e7cefcb46f22,2025,approved,394,"",一般会計,22,諸収入,4,雑入,4,雑入,1,雑入,"",拝島駅自由通路維持管理費負担金(管理課),10754000,10754
132071:2025:revenue:approved:74140b4400a43535,2025,approved,395,"",一般会計,22,諸収入,4,雑入,4,雑入,1,雑入,"",環境コミュニケーションセンター維持管理費負担金(ごみ対策課),25517000,25517
132071:2025:revenue:approved:665616c247d8be86,2025,approved,396,"",一般会計,22,諸収入,4,雑入,4,雑入,1,雑入,"",二酸化炭素排出抑制対策事業等補助金(市民総合交流拠点施設建設担当),25200000,25200
132071:2025:revenue:approved:df831235b28d87c6,2025,approved,397,"",一般会計,22,諸収入,4,雑入,4,雑入,1,雑入,"",都営交通無料乗車券発行事務手数料(障害福祉課),23000,23
132071:2025:revenue:approved:96f94cdaeb49fe50,2025,approved,398,"",一般会計,22,諸収入,4,雑入,4,雑入,1,雑入,"",学校給食費(学校給食課),102930000,102930
132071:2025:revenue:approved:a5e53385d2b074d9,2025,approved,399,"",一般会計,22,諸収入,4,雑入,4,雑入,1,雑入,"",開発行為に伴う収入(地域開発課),20221000,20221
132071:2025:revenue:approved:15dffc4650e2a0bf,2025,approved,400,"",一般会計,22,諸収入,4,雑入,4,雑入,1,雑入,"",デジタル基盤改革支援補助金(情報システム課),348057000,348057
132071:2025:revenue:approved:490a2efcf7fa42b4,2025,approved,401,"",一般会計,22,諸収入,4,雑入,4,雑入,1,雑入,"",環境政策加速化事業補助金(環境課),3216000,3216
132071:2025:revenue:approved:5fac28dfb11b9223,2025,approved,402,"",一般会計,22,諸収入,4,雑入,4,雑入,1,雑入,"",食品循環資源売却代金(学校給食課),3000,3
132071:2025:revenue:approved:40bc5f75a3be8348,2025,approved,403,"",一般会計,22,諸収入,4,雑入,4,雑入,1,雑入,"",市民花壇利用者負担金(基地・渉外担当),788000,788
132071:2025:revenue:approved:bf70956c904664f6,2025,approved,404,"",一般会計,22,諸収入,4,雑入,4,雑入,1,雑入,"",地域伝統芸能等保存事業助成金(アキシマエンシス管理課),90000,90
132071:2025:revenue:approved:97ce75a78aa00a45,2025,approved,405,"",一般会計,22,諸収入,4,雑入,4,雑入,1,雑入,"",三多摩は一つなり交流事業補助金(ごみ対策課),400000,400
132071:2025:revenue:approved:c6e764dfe773ab74,2025,approved,406,"",一般会計,22,諸収入,4,雑入,4,雑入,1,雑入,"",交通災害共済市町村事務交付金(市民課),131000,131
132071:2025:revenue:approved:018468b6170b654d,2025,approved,407,"",一般会計,22,諸収入,4,雑入,4,雑入,1,雑入,"",スポーツ振興くじ助成金(スポーツ振興課),4684000,4684
132071:2025:revenue:approved:43b6cd410ec05c66,2025,approved,408,"",一般会計,22,諸収入,4,雑入,4,雑入,1,雑入,"",充電設備普及促進事業補助金(市民総合交流拠点施設建設担当),2250000,2250
132071:2025:revenue:approved:664baf6123f4c9a6,2025,approved,409,"",一般会計,22,諸収入,4,雑入,4,雑入,1,雑入,"",国際交流支援事業助成金(企画政策課),1418000,1418
132071:2025:revenue:approved:b2372f3315eba8f9,2025,approved,410,"",一般会計,22,諸収入,4,雑入,4,雑入,1,雑入,"",災害廃棄物処理費負担金(清掃センター),10974000,10974
132071:2025:revenue:approved:8ebbcebd4a065a62,2025,approved,411,"",一般会計,23,市債,1,市債,1,総務債,1,庁舎整備事業債,"",庁舎事務室等整備事業債(財政課),62700000,62700
132071:2025:revenue:approved:b9e2d92c45981aa3,2025,approved,412,"",一般会計,23,市債,1,市債,1,総務債,2,市民総合交流拠点施設債,"",市民総合交流拠点施設整備事業債(財政課),300000000,300000
132071:2025:revenue:approved:f9976cdfe4b90af7,2025,approved,413,"",一般会計,23,市債,1,市債,2,民生債,1,社会福祉施設債,"",保健福祉センター整備事業債(財政課),500000000,500000
132071:2025:revenue:approved:7dd9a7e4a7eef010,2025,approved,414,"",一般会計,23,市債,1,市債,3,労働債,1,労働等施設債,"",高齢者就労支援施設整備事業債(財政課),43800000,43800
132071:2025:revenue:approved:8391114edbd2dc02,2025,approved,415,"",一般会計,23,市債,1,市債,4,土木債,1,都市計画債,"",都市計画道路3・4・1号整備事業債(財政課),336000000,336000
132071:2025:revenue:approved:effdfb4d9d5b14a1,2025,approved,416,"",一般会計,23,市債,1,市債,5,教育債,1,小学校債,"",共成小除湿温度保持機能復旧整備事業債(財政課),128500000,128500
132071:2025:revenue:approved:505c979a6f7c953b,2025,approved,417,"",一般会計,23,市債,1,市債,5,教育債,1,小学校債,"",玉川小大規模改造事業債(財政課),62000000,62000
132071:2025:revenue:approved:153a197d478afed6,2025,approved,418,"",一般会計,23,市債,1,市債,5,教育債,1,小学校債,"",中神小大規模改造事業債(財政課),82700000,82700
132071:2025:revenue:approved:7ac2684e19a17c59,2025,approved,419,"",一般会計,23,市債,1,市債,5,教育債,1,小学校債,"",光華小大規模改造事業債(財政課),65000000,65000
132071:2025:revenue:approved:a136a959a70c53d1,2025,approved,420,"",一般会計,23,市債,1,市債,5,教育債,1,小学校債,"",拝島第三小大規模改造事業債(財政課),14800000,14800
132071:2025:revenue:approved:bade5926d0dc1a14,2025,approved,421,"",一般会計,23,市債,1,市債,5,教育債,2,社会教育施設債,"",市民会館・公民館除湿温度保持機能等復旧整備事業債(財政課),155000000,155000
132071:2025:revenue:approved:62f622645e317d29,2025,approved,422,"",一般会計,23,市債,1,市債,5,教育債,3,保健体育施設債,"",総合スポーツセンター整備事業債(財政課),232000000,232000
132071:2025:revenue:approved:f68456140aa11391,2025,approved,423,"",一般会計,23,市債,1,市債,5,教育債,3,保健体育施設債,"",学校給食施設整備事業債(財政課),43000000,43000
