fiscal_year,direction,fund_label,kan_code,kou_code,moku_code,setsu_code,amount_yen,counterpart_fund,basis
2018,expenditure,一般会計,3,1,1,,933775000,国民健康保険特別会計,受け側の国民健康保険特別会計の一般会計繰入金（款6項1目1のうち基金繰入金を除く科目計）の予算現額・収入累計と一致
2018,expenditure,一般会計,3,1,4,,939795000,後期高齢者医療特別会計,受け側の後期高齢者医療特別会計の繰入金項（款3項1）の予算現額・収入累計と一致
2018,expenditure,一般会計,3,1,4,,902855000,介護保険特別会計,受け側の介護保険特別会計の繰入金項（款8項1）の予算現額・収入累計と一致
2018,expenditure,一般会計,8,4,5,,484000000,公共下水道特別会計,受け側の公共下水道特別会計の一般会計繰入金（款7項1）の予算現額・収入累計と一致
2018,expenditure,介護保険特別会計,7,1,1,,159000,一般会計,"一般会計の特別会計繰入金（款17項1目2の節2）の収入累計158,892円・予算現額159千円と一致"
2018,expenditure,国民健康保険特別会計,7,2,1,,97148000,一般会計,一般会計の特別会計繰入金（款17項1目2の節3）と額が一致
2018,expenditure,後期高齢者医療特別会計,4,2,1,,21233000,一般会計,一般会計の特別会計繰入金（款17項1目2の節1）と額が一致
2018,revenue,一般会計,17,1,2,1,,後期高齢者医療特別会計,"節1の収入累計21,233,000円が後期高齢者医療特別会計の繰出金と一致"
2018,revenue,一般会計,17,1,2,2,,介護保険特別会計,"節2の収入累計158,892円が介護保険特別会計の繰出金と一致"
2018,revenue,一般会計,17,1,2,3,,国民健康保険特別会計,"節3の収入累計97,147,096円が国民健康保険特別会計の繰出金と一致"
2018,revenue,介護保険特別会計,8,1,,,,一般会計,項の科目がすべて一般会計からの繰入金（項2の基金繰入金は対象外）。一般会計側の繰出金と額が一致
2018,revenue,公共下水道特別会計,7,1,,,,一般会計,科目は一般会計繰入金。一般会計側の繰出金（款8項4目5）と額が一致
2018,revenue,国民健康保険特別会計,6,1,1,,,一般会計,項1目1の科目がすべて一般会計からの繰入金（目2の国民健康保険事業運営基金繰入金は対象外）。一般会計側の繰出金と額が一致
2018,revenue,後期高齢者医療特別会計,3,1,,,,一般会計,項の科目がすべて一般会計からの繰入金。一般会計側の繰出金と額が一致
2019,expenditure,一般会計,3,1,1,,835723000,国民健康保険特別会計,受け側の国民健康保険特別会計の繰入金項（款4項1）の予算現額・収入累計と一致
2019,expenditure,一般会計,3,1,4,,949850000,介護保険特別会計,受け側の介護保険特別会計の繰入金項（款8項1）の予算現額・収入累計と一致
2019,expenditure,一般会計,3,1,4,,950731000,後期高齢者医療特別会計,受け側の後期高齢者医療特別会計の繰入金項（款3項1）の予算現額・収入累計と一致
2019,expenditure,介護保険特別会計,7,1,1,,280000,一般会計,一般会計の特別会計繰入金（款18項1目2の節2）と額が一致
2019,expenditure,国民健康保険特別会計,6,2,1,,16266000,一般会計,一般会計の特別会計繰入金（款18項1目2の節3）と額が一致
2019,expenditure,後期高齢者医療特別会計,4,2,1,,8979000,一般会計,一般会計の特別会計繰入金（款18項1目2の節1）と額が一致
2019,revenue,一般会計,18,1,2,1,,後期高齢者医療特別会計,節1の収入累計が後期高齢者医療特別会計の繰出金と一致
2019,revenue,一般会計,18,1,2,2,,介護保険特別会計,節2の収入累計が介護保険特別会計の繰出金と一致
2019,revenue,一般会計,18,1,2,3,,国民健康保険特別会計,節3の収入累計が国民健康保険特別会計の繰出金と一致
2019,revenue,介護保険特別会計,8,1,,,,一般会計,項の科目がすべて一般会計からの繰入金（項2の基金繰入金は対象外）。一般会計側の繰出金と額が一致
2019,revenue,国民健康保険特別会計,4,1,,,,一般会計,項の科目がすべて一般会計からの繰入金。一般会計側の繰出金と額が一致
2019,revenue,後期高齢者医療特別会計,3,1,,,,一般会計,項の科目がすべて一般会計からの繰入金。一般会計側の繰出金と額が一致
2020,expenditure,一般会計,3,1,1,,891889000,国民健康保険特別会計,決算資料の事業名「国民健康保険特別会計繰出」。受け側の款4項1の額と一致
2020,expenditure,一般会計,3,1,4,,961374000,後期高齢者医療特別会計,決算資料の事業名「後期高齢者医療特別会計繰出」。受け側の款3項1の額と一致
2020,expenditure,一般会計,3,1,4,,1018697000,介護保険特別会計,決算資料の事業名「介護保険特別会計繰出」。受け側の款8項1の額と一致
2020,expenditure,介護保険特別会計,7,1,1,,480000,一般会計,一般会計の特別会計繰入金（款19項1目2の節2）と額が一致
2020,expenditure,後期高齢者医療特別会計,4,2,1,,19015000,一般会計,一般会計の特別会計繰入金（款19項1目2の節1）と額が一致
2020,revenue,一般会計,19,1,2,1,,後期高齢者医療特別会計,節1の収入累計が後期高齢者医療特別会計の繰出金と一致
2020,revenue,一般会計,19,1,2,2,,介護保険特別会計,節2の収入累計が介護保険特別会計の繰出金と一致
2020,revenue,介護保険特別会計,8,1,,,,一般会計,項の科目がすべて一般会計からの繰入金（項2の基金繰入金は対象外）。一般会計側の繰出金と額が一致
2020,revenue,国民健康保険特別会計,4,1,,,,一般会計,項の科目がすべて一般会計からの繰入金。一般会計側の繰出金と額が一致
2020,revenue,後期高齢者医療特別会計,3,1,,,,一般会計,項の科目がすべて一般会計からの繰入金。一般会計側の繰出金と額が一致
2021,expenditure,一般会計,3,1,1,,926544000,国民健康保険特別会計,決算資料の事業名「国民健康保険特別会計繰出」。受け側の款4項1の額と一致
2021,expenditure,一般会計,8,4,2,,114338000,駐車場事業特別会計,決算資料の事業名「駐車場事業特別会計繰出」。受け側の款3項1の額と一致
2021,expenditure,介護保険特別会計,7,1,1,,1790000,一般会計,一般会計の特別会計繰入金（款19項1目2の節2）と額が一致
2021,expenditure,国民健康保険特別会計,6,2,1,,8565000,一般会計,一般会計の特別会計繰入金（款19項1目2の節3）と額が一致
2021,expenditure,後期高齢者医療特別会計,4,2,1,,42472000,一般会計,一般会計の特別会計繰入金（款19項1目2の節1）と額が一致
2021,revenue,一般会計,19,1,2,1,,後期高齢者医療特別会計,節1の収入累計が後期高齢者医療特別会計の繰出金と一致
2021,revenue,一般会計,19,1,2,2,,介護保険特別会計,節2の収入累計が介護保険特別会計の繰出金と一致
2021,revenue,一般会計,19,1,2,3,,国民健康保険特別会計,節3の収入累計が国民健康保険特別会計の繰出金と一致
2021,revenue,国民健康保険特別会計,4,1,,,,一般会計,項の科目がすべて一般会計からの繰入金。一般会計側の繰出金と額が一致
2021,revenue,駐車場事業特別会計,3,1,,,,一般会計,科目はその他一般会計繰入金。一般会計側の繰出金（款8項4目2）と額が一致
2022,expenditure,一般会計,3,1,1,,971878000,国民健康保険特別会計,決算資料の事業名「国民健康保険特別会計繰出」。受け側の款4項1の額と一致
2022,expenditure,一般会計,3,1,4,,1049146000,介護保険特別会計,決算資料の事業名「介護保険特別会計繰出」。受け側の款8項1の額と一致
2022,expenditure,一般会計,3,1,4,,1026092000,後期高齢者医療特別会計,決算資料の事業名「後期高齢者医療特別会計繰出」。受け側の款3項1の額と一致
2022,expenditure,一般会計,8,4,2,,273729000,駐車場事業特別会計,決算資料の事業名「駐車場事業特別会計繰出」。受け側の款3項1の額と一致
2022,expenditure,国民健康保険特別会計,6,2,1,,12955000,一般会計,一般会計の特別会計繰入金（款19項1目2の節1）と額が一致
2022,expenditure,後期高齢者医療特別会計,4,2,1,,7640000,一般会計,一般会計の特別会計繰入金（款19項1目2の節2）と額が一致
2022,revenue,一般会計,19,1,2,1,,国民健康保険特別会計,節1の収入累計が国民健康保険特別会計の繰出金と一致
2022,revenue,一般会計,19,1,2,2,,後期高齢者医療特別会計,節2の収入累計が後期高齢者医療特別会計の繰出金と一致
2022,revenue,介護保険特別会計,8,1,,,,一般会計,項の科目がすべて一般会計からの繰入金（項2の基金繰入金は対象外）。一般会計側の繰出金と額が一致
2022,revenue,国民健康保険特別会計,4,1,,,,一般会計,項の科目がすべて一般会計からの繰入金。一般会計側の繰出金と額が一致
2022,revenue,後期高齢者医療特別会計,3,1,,,,一般会計,項の科目がすべて一般会計からの繰入金。一般会計側の繰出金と額が一致
2022,revenue,駐車場事業特別会計,3,1,,,,一般会計,科目はその他一般会計繰入金。一般会計側の繰出金（款8項4目2）と額が一致
2023,expenditure,一般会計,3,1,1,,1181647000,国民健康保険特別会計,決算資料の事業名「国民健康保険特別会計繰出」。受け側の款4項1の額と一致
2023,expenditure,一般会計,3,1,4,,1083786000,後期高齢者医療特別会計,決算資料の事業名「後期高齢者医療特別会計繰出」。受け側の款3項1の額と一致
2023,expenditure,一般会計,3,1,4,,1099996000,介護保険特別会計,決算資料の事業名「介護保険特別会計繰出」。受け側の款8項1の額と一致
2023,expenditure,一般会計,8,4,2,,15543000,駐車場事業特別会計,"執行0のため事業名は無いが前年・前々年の同科目の事業名は「駐車場事業特別会計繰出」で、駐車場会計の一般会計繰入金の予算現額15,543千円と一致"
2023,expenditure,介護保険特別会計,7,1,1,,25892000,一般会計,一般会計の特別会計繰入金（款19項1目2の節3の2行合計）と額が一致
2023,expenditure,国民健康保険特別会計,6,2,1,,1000,一般会計,一般会計の特別会計繰入金（款19項1目2の節1）と額が一致（執行0）
2023,expenditure,後期高齢者医療特別会計,4,2,1,,14660000,一般会計,一般会計の特別会計繰入金（款19項1目2の節2）と額が一致
2023,revenue,一般会計,19,1,2,1,,国民健康保険特別会計,節1の収入累計0円（国民健康保険特別会計の繰出金は予算計1千円・執行0）
2023,revenue,一般会計,19,1,2,2,,後期高齢者医療特別会計,節2の収入累計が後期高齢者医療特別会計の繰出金と一致
2023,revenue,一般会計,19,1,2,3,,介護保険特別会計,節3の2行の収入累計合計が介護保険特別会計の繰出金と一致
2023,revenue,介護保険特別会計,8,1,,,,一般会計,項の科目がすべて一般会計からの繰入金（項2の基金繰入金は対象外）。一般会計側の繰出金と額が一致
2023,revenue,国民健康保険特別会計,4,1,,,,一般会計,項の科目がすべて一般会計からの繰入金。一般会計側の繰出金と額が一致
2023,revenue,後期高齢者医療特別会計,3,1,,,,一般会計,項の科目がすべて一般会計からの繰入金。一般会計側の繰出金と額が一致
2023,revenue,駐車場事業特別会計,3,1,,,,一般会計,科目はその他一般会計繰入金。一般会計側の繰出金（款8項4目2）の予算計と額が一致
