fiscal_year,fund_code,kan_code,kou_code,moku_code,daijigyo_code,project_name,matched_thousand_yen,match_method,match_basis,candidate_count
2020,1,1,1,1,1,人件費,57397,round,total,1
2020,1,1,1,1,2,議会関係費,227705,round,total,1
2020,1,1,1,1,3,一般事務費,15697,round,total,1
2020,1,2,1,1,1,人件費,723231,round,total,1
2020,1,2,1,1,2,一般事務費,1606,round,org_subtotal,4
2020,1,2,1,1,4,市長の資産等の公開に関する審査会費,34,round,total,1
2020,1,2,1,1,5,行政不服審査及び個人情報保護制度関係費,262,floor,total,1
2020,1,2,1,1,6,庁舎維持管理費,136289,round,total,1
2020,1,2,1,1,7,庁用車関係費,8680,round,total,1
2020,1,2,1,1,8,職員管理費,547454,round,total,1
2020,1,2,1,1,9,職員健康管理費,16317,floor,total,1
2020,1,2,1,1,10,職員福利厚生費,5334,round,total,1
2020,1,2,1,1,11,職員研修費,6197,round,total,1
2020,1,2,1,1,12,公務災害関係費,5035,round,total,1
2020,1,2,1,2,1,文書管理関係費,39192,floor,total,1
2020,1,2,1,2,2,印刷関係費,5479,round,total,1
2020,1,2,1,3,1,広報関係費,14786,round,total,1
2020,1,2,1,3,2,ホームページ関係費ｱ,1738,round,total,1
2020,1,2,1,3,3,市民相談関係費,1764,round,total,1
2020,1,2,1,4,1,一般事務費,9814,floor,total,1
2020,1,2,1,5,1,一般事務費,5593,round,total,1
2020,1,2,1,6,1,財産管理費,1679,round,org_subtotal,2
2020,1,2,1,6,2,公共施設整備基金費,100246,round,total,1
2020,1,2,1,6,3,公共施設修繕基金費,100140,round,total,1
2020,1,2,1,7,1,一般事務費,2298,round,org_subtotal,2
2020,1,2,1,7,2,初春まつり関係費,176,round,total,1
2020,1,2,1,7,3,市制施行５０周年記念関係費,369,ceil,org_subtotal,3
2020,1,2,1,7,4,憲法・平和都市新関係費,14,round,total,1
2020,1,2,1,7,5,国際化推進,165,round,total,1
2020,1,2,1,7,6,男女共同参画施策推進,241,round,total,1
2020,1,2,1,7,7,市民参加と市民協働に関する審議会関係費,383,round,total,1
2020,1,2,1,7,8,市民活動支援センター関係費,34002,round,total,1
2020,1,2,1,7,9,行政評価関係費,629,round,total,1
2020,1,2,1,7,10,市民憲章見直し事業,2962,round,total,1
2020,1,2,1,7,14,人権擁護委員関係事業,208,round,total,1
2020,1,2,1,7,15,市民公益活動団体補助,205,round,total,1
2020,1,2,1,7,16,人権基本条例関係費,261,round,total,1
2020,1,2,1,7,17,市民活動関係費,8726,round,total,1
2020,1,2,1,7,18,ＩＣＴ活用推進関係費,3806,round,total,1
2020,1,2,1,7,19,市史編さん事業費,22986,round,total,1
2020,1,2,1,7,20,桜まつり関係費,2431,round,total,1
2020,1,2,1,7,21,えきまえ広場関係費,1434,round,total,1
2020,1,2,1,7,22,市制施行５０周年記念「絵手紙公募展・講演会」関係費,6540,round,total,1
2020,1,2,1,8,1,計算事務費,274757,round,total,1
2020,1,2,1,8,2,電子自治体推進費,9808,round,total,1
2020,1,2,1,9,1,一般事務費,74,round,total,1
2020,1,2,1,9,3,市民まつり関係費,6000,round,total,1
2020,1,2,1,9,4,コミュニティ活動活性化助成,1260,round,total,1
2020,1,2,1,10,1,訴訟関係費,1320,round,total,1
2020,1,2,2,1,1,人件費,225543,floor,total,1
2020,1,2,2,1,2,一般事務費,251,round,org_subtotal,2
2020,1,2,2,3,1,固定資産評価審査委員会費,31,round,total,1
2020,1,2,3,1,1,人件費,103742,round,total,1
2020,1,2,3,1,2,一般事務費,94543,floor,total,1
2020,1,2,3,1,3,人口動態調査,87,round,total,1
2020,1,2,3,1,4,住民基本台帳人口調査,201,round,total,1
2020,1,2,3,1,5,中長期在留者住居地届出等事務,47,round,total,1
2020,1,2,3,1,6,個人番号カード交付事業,48132,round,total,1
2020,1,2,3,1,7,証明書コンビニ交付事業,12686,floor,total,1
2020,1,2,3,2,1,住居表示関係費,2878,round,total,1
2020,1,2,4,1,1,人件費,25068,round,total,1
2020,1,2,4,1,2,選挙管理委員会費,2837,round,total,1
2020,1,2,4,2,1,選挙啓発費,39,round,total,1
2020,1,2,4,3,1,人件費,1194,round,total,1
2020,1,2,4,3,2,東京都知事選挙費,36680,round,total,1
2020,1,2,4,4,2,東京都議会議員選挙費,2120,round,total,1
2020,1,2,5,1,1,一般事務費,52,round,total,1
2020,1,2,5,2,1,学校基本調査,15,round,total,1
2020,1,2,5,2,2,経済センサス調査区管理,3,round,total,1
2020,1,2,5,2,3,建設工事統計調査,19,round,total,1
2020,1,2,5,2,4,工業統計調査,7,round,total,1
2020,1,2,5,2,5,２０２０年農林業センサス,16,round,total,1
2020,1,2,5,2,6,令和２年国勢調査,39419,round,total,1
2020,1,2,5,2,7,令和３年経済センサス活動調査準備事務,496,round,total,1
2020,1,2,6,1,1,人件費,21151,round,total,1
2020,1,2,6,1,2,監査委員関係費,2242,round,total,1
2020,1,3,1,1,1,人件費,420080,round,total,1
2020,1,3,1,1,2,一般事務費,6636,floor,org_subtotal,2
2020,1,3,1,1,4,民生委員，児童委員関係費,11509,round,total,1
2020,1,3,1,1,5,民生委員，児童委員協力員関係費,475,round,total,1
2020,1,3,1,1,6,市民福祉推進委員会関係費,14013,round,total,1
2020,1,3,1,1,8,社会福祉協議会,88359,round,org_subtotal,2
2020,1,3,1,1,9,福祉サービス第三者評価事業,2534,round,total,1
2020,1,3,1,1,10,権利擁護事業,23361,round,total,1
2020,1,3,1,1,11,避難行動要支援者支援事業,3546,ceil,total,1
2020,1,3,1,1,12,地域福祉推進事業補助,400,round,total,1
2020,1,3,1,1,13,社会福祉法人等指導監査等事業,762,round,total,1
2020,1,3,1,1,14,福祉有償運送事業,7930,round,total,1
2020,1,3,1,1,15,地域共生社会推進事業,14298,round,total,1
2020,1,3,1,1,17,特別弔慰金事務費,33,ceil,total,1
2020,1,3,1,1,18,行旅病人・死亡人取扱費,375,round,total,1
2020,1,3,1,1,19,緊急援護資金貸付,255,round,total,1
2020,1,3,1,1,20,障害支援区分判定審査会,4909,round,total,1
2020,1,3,1,1,21,地域自立支援協議会関係費,242,ceil,total,1
2020,1,3,1,1,22,中国残留邦人生活支援事業,9514,round,total,1
2020,1,3,1,1,23,受験生チャレンジ支援貸付,3492,round,total,1
2020,1,3,1,1,24,生活困窮者自立相談支援事業,129064,round,total,1
2020,1,3,1,1,25,障がい者虐待防止対策事業,5457,round,total,1
2020,1,3,1,1,26,入浴券交付,709,round,total,1
2020,1,3,1,1,27,ふれあいサロン運営費補助,3226,round,total,1
2020,1,3,1,1,28,障がい者（児）ホームヘルパー研修,250,round,total,1
2020,1,3,1,1,29,障がい者就労・生活支援,23488,round,total,1
2020,1,3,1,1,30,障がい者理解促進・啓発事業,994,round,total,1
2020,1,3,1,1,31,保護司費,1134,round,total,1
2020,1,3,1,1,32,青少年自立支援事業,689,round,total,1
2020,1,3,1,1,33,青少年問題協議会費,1258,round,total,1
2020,1,3,1,1,34,青少年育成委員会事業,243,round,total,1
2020,1,3,1,1,35,国民健康保険特別会計繰出,891889,round,total,1
2020,1,3,1,1,36,新型コロナウイルス感染症緊急対策生活応援事業,28222,round,org_subtotal,2
2020,1,3,1,1,37,福祉事業所緊急対策応援事業,10607,ceil,total,1
2020,1,3,1,2,1,一般事務費,305,round,total,1
2020,1,3,1,2,2,難病者相談設置,30,round,total,1
2020,1,3,1,2,3,身体障がい者相談,93,round,total,1
2020,1,3,1,2,5,心身障がい者福祉手当,148666,round,total,1
2020,1,3,1,2,6,特別障がい者手当等,21262,round,total,1
2020,1,3,1,2,7,難病者福祉手当,39867,round,total,1
2020,1,3,1,2,8,重度脳性マヒ者介護人派遣,945,round,total,1
2020,1,3,1,2,9,障がい者福祉センター,48671,round,total,1
2020,1,3,1,2,10,家族介護用品支給,429,round,total,1
2020,1,3,1,2,11,障がい者移送サービス事業,11074,round,total,1
2020,1,3,1,2,12,心身障がい者（児）医療費助成,44,round,total,1
2020,1,3,1,3,1,知的障がい者相談,61,round,total,1
2020,1,3,1,3,3,知的障がい者入所施設整備確保事業,1245,round,total,1
2020,1,3,1,3,4,知的障がい者生活寮,3781,round,total,1
2020,1,3,1,4,1,一般事務費,110,round,total,1
2020,1,3,1,4,2,老人保護措置費,987,round,org_subtotal,2
2020,1,3,1,4,3,虐待防止・見守りﾈネットワーク事業,965,round,total,1
2020,1,3,1,4,4,高齢者地域相談事業,21822,round,total,1
2020,1,3,1,4,5,認知症理解促進・啓発事業,162,round,total,1
2020,1,3,1,4,6,敬老金支給事務費,822,floor,total,1
2020,1,3,1,4,7,敬老金,7689,round,total,1
2020,1,3,1,4,9,高齢者自立支援日常生活用具給付,442,floor,total,1
2020,1,3,1,4,10,理容・美容サービス,538,round,total,1
2020,1,3,1,4,11,緊急通報装置,422,round,total,1
2020,1,3,1,4,12,シルバー人材センター運営費助成,45201,round,total,1
2020,1,3,1,4,13,特別養護老人ホームベッド確保,29075,round,total,1
2020,1,3,1,4,14,老人福祉団体助成,2993,round,total,1
2020,1,3,1,4,15,老人福祉センター,3098,round,total,1
2020,1,3,1,4,16,高齢者配食サービス,3571,round,total,1
2020,1,3,1,4,17,認知症高齢者位置情報提供サービス,368,round,total,1
2020,1,3,1,4,18,火災安全システム,26,round,total,1
2020,1,3,1,4,19,生計困難者に対する利用者負担軽減措置事業,285,round,total,1
2020,1,3,1,4,20,家族介護用品支給,14117,round,total,1
2020,1,3,1,4,21,あんしん見守りサービス,3630,round,total,1
2020,1,3,1,4,22,介護者支援事業,377,floor,total,1
2020,1,3,1,4,23,熱中症予防事業,477,round,total,1
2020,1,3,1,4,24,介護予防活動推進事業,11000,round,total,1
2020,1,3,1,4,25,シルバー人材センターを活用した保育人材等確保支援事業,3250,round,total,1
2020,1,3,1,4,26,高齢者居宅内ごみ出しサポート事業,578,round,total,1
2020,1,3,1,4,27,介護職員研修受講費助成事業,226,round,total,1
2020,1,3,1,4,28,後期高齢者医療特別会計繰出,940914,round,total,1
2020,1,3,1,4,29,介護保険特別会計繰出,950087,round,total,1
2020,1,3,1,5,1,人件費,7017,round,total,1
2020,1,3,1,5,2,国民年金事務費,7041,round,total,1
2020,1,3,1,6,1,地域・地区センター費,55898,round,total,1
2020,1,3,1,6,2,地域センター運営協議会助成,61043,round,total,1
2020,1,3,1,7,1,一般事務費,51,ceil,total,1
2020,1,3,1,7,2,居住支援協議会関係費,575,round,total,1
2020,1,3,1,7,3,重度身体障がい者（児）住宅設備改善費給付,265,round,total,1
2020,1,3,1,7,4,自立支援住宅改修給付,5220,round,total,1
2020,1,3,1,7,5,シルバーピアいわど,1718,round,org_subtotal,2
2020,1,3,1,7,6,シルバーピアのがわ,1404,round,org_subtotal,2
2020,1,3,1,7,7,シルバーピアいずみ,1404,round,org_subtotal,2
2020,1,3,1,7,9,住宅耐震診断等助成,6846,round,total,1
2020,1,3,1,7,10,空家等対策関係費,196,round,total,1
2020,1,3,1,7,11,都営住宅募集事務,20,round,total,1
2020,1,3,1,7,12,マンション適正管理促進関係費,32,round,total,1
2020,1,3,1,8,1,一般事務費,281,round,org_subtotal,2
2020,1,3,1,8,2,精神保健福祉事業,504,round,total,1
2020,1,3,1,8,3,施設サービス費,720357,round,total,1
2020,1,3,1,8,4,居宅介護（ホームヘルプ）,210123,round,total,1
2020,1,3,1,8,5,短期入所（ショートステイ）,28379,round,total,1
2020,1,3,1,8,6,地域生活援助,202699,round,total,1
2020,1,3,1,8,7,サービス利用計画,26297,round,total,1
2020,1,3,1,8,10,自立支援医療給付費（育成医療）,298,ceil,total,1
2020,1,3,1,8,11,補装具費支給事業,12442,round,total,1
2020,1,3,1,8,12,精神障がい者地域生活支援事業,7840,round,total,1
2020,1,3,1,8,13,意思疎通支援事業,654,round,total,1
2020,1,3,1,8,14,日常生活用具費給付事業,19328,round,total,1
2020,1,3,1,8,15,移動支援費支給事業,22495,round,total,1
2020,1,3,1,8,16,地域活動支援センター事業,27992,round,total,1
2020,1,3,1,8,17,日中一時支援費支給事業,3147,round,total,1
2020,1,3,1,8,18,障がい者訪問入浴サービス,1524,round,total,1
2020,1,3,1,8,19,視覚障がい者情報支援,229,round,total,1
2020,1,3,1,8,21,自動車運転免許取得,124,round,total,1
2020,1,3,1,8,24,障がい者通所施設等支援事業,3000,round,total,1
2020,1,3,1,8,25,障がい者日中活動系サービス推進事業,47100,round,total,1
2020,1,3,1,8,26,発達障がい者（児）支援事業,1200,round,total,1
2020,1,3,1,8,27,小規模多機能型居宅介護事業所運営費補助,45,floor,total,1
2020,1,3,1,8,28,重症心身障がい児（者）在宅レスパイト事業,75,round,total,1
2020,1,3,2,1,1,人件費,201727,round,total,1
2020,1,3,2,1,2,一般事務費,20477,floor,org_subtotal,1
2020,1,3,2,1,3,障がい児通所支援事業,310427,ceil,org_subtotal,2
2020,1,3,2,1,4,障がい児通所施設等支援事業,6840,round,total,1
2020,1,3,2,1,5,児童育成手当,109382,round,total,1
2020,1,3,2,1,6,児童手当,1104148,round,total,1
2020,1,3,2,1,7,児童扶養手当,139025,round,total,1
2020,1,3,2,1,8,みんなで子育て事業,4107,floor,total,1
2020,1,3,2,1,9,子育てサイト事業ｱ,2782,round,total,1
2020,1,3,2,1,10,要保護児童対策事業ｺ,3095,round,total,1
2020,1,3,2,1,11,子ども・子育て会議関係費,364,round,total,1
2020,1,3,2,1,12,プレーパーク,8119,round,total,1
2020,1,3,2,1,13,自主保育支援,128,round,total,1
2020,1,3,2,1,15,子育て世帯への臨時特別給付金,82611,round,total,1
2020,1,3,2,1,17,子育て世帯緊急対策応援事業,239300,round,total,1
2020,1,3,2,1,18,ひとり親世帯臨時特別給付金,60231,floor,total,1
2020,1,3,2,2,2,保育所等児童運営費,3343092,round,total,1
2020,1,3,2,2,3,ひとり親家庭等医療費助成,17560,round,total,1
2020,1,3,2,2,4,子ども家庭在宅サービス事業費,4797,round,total,1
2020,1,3,2,2,5,乳幼児医療費助成,133033,round,total,1
2020,1,3,2,2,6,義務教育就学児医療費助成,97420,round,total,1
2020,1,3,2,2,7,緊急一時保護事業,150,round,total,1
2020,1,3,2,2,8,ひとり親家庭等生活支援事業,25627,round,total,1
2020,1,3,2,4,1,人件費,563800,round,total,1
2020,1,3,2,4,2,病児・病後児保育,7911,round,total,1
2020,1,3,2,4,3,保育園維持管理費,255624,round,total,1
2020,1,3,2,5,1,人件費,46291,round,total,1
2020,1,3,2,5,2,学童保育所維持管理費,700,round,org_subtotal,2
2020,1,3,2,5,3,放課後クラブ,60268,round,total,1
2020,1,3,2,5,4,こどもクラブ,16219,round,total,1
2020,1,3,2,5,5,新設学童クラブ整備事業,130729,round,org_subtotal,2
2020,1,3,2,6,1,児童館関係費,197198,round,total,1
2020,1,3,3,1,1,人件費,105510,round,total,1
2020,1,3,3,1,2,一般事務費,34449,floor,total,1
2020,1,3,3,2,1,生活保護費,2128548,round,total,1
2020,1,3,4,1,1,被災者生活再建支援事業,4328,round,total,1
2020,1,3,4,1,2,被災住宅応急修理事業,4485,round,total,1
2020,1,4,1,1,1,人件費,73373,round,total,1
2020,1,4,1,1,2,一般事務費,16287,round,total,1
2020,1,4,1,1,3,あいとぴあセンター管理運営費,77728,round,total,1
2020,1,4,1,1,4,健康づくり推進協議会関係費,266,round,total,1
2020,1,4,1,1,5,健康診査,63053,round,total,1
2020,1,4,1,1,6,がん検診,39319,ceil,total,1
2020,1,4,1,1,7,健康教育,271,round,total,1
2020,1,4,1,1,8,母子保健事業関係費,107272,round,total,1
2020,1,4,1,1,9,使用済み注射針回収事業補助,300,round,total,1
2020,1,4,1,1,10,食育推進事業,123,round,total,1
2020,1,4,1,1,11,養育医療,3546,ceil,total,1
2020,1,4,1,1,12,災害医療コーディネーター関係費ｺ,3524,round,total,1
2020,1,4,1,1,13,健康ポイント制度関係費,605,round,total,1
2020,1,4,1,1,14,在宅医療・介護連携事業,6090,round,total,1
2020,1,4,1,1,15,専用水道事務等事務委託費,751,round,total,1
2020,1,4,1,1,16,自殺対策関係費,44,round,total,1
2020,1,4,1,2,1,予防接種,1927,round,org_subtotal,2
2020,1,4,1,2,2,結核検診,19,round,total,1
2020,1,4,1,2,4,在宅ねたきり高齢者訪問歯科診療,1246,round,total,1
2020,1,4,1,2,5,休日診療所等関係費,36442,round,total,1
2020,1,4,1,2,6,健康増進,7868,round,total,1
2020,1,4,1,2,7,狂犬病予防,947,round,total,1
2020,1,4,1,2,8,小児初期救急平日準夜間診療事業,2562,round,total,1
2020,1,4,1,2,9,飼い主のいない猫の不妊去勢手術費助成事業,51,round,total,1
2020,1,4,1,2,10,新型コロナウイルス感染症P予防,1123,round,org_subtotal,2
2020,1,4,1,2,11,新型コロナウイルスPＰＣＲ検査センター関係費,26202,round,total,1
2020,1,4,1,2,12,新型コロナ予防接種,11204,round,total,1
2020,1,4,1,2,13,新型コロナウイルス感染症対策基金費,50000,round,total,1
2020,1,4,1,3,1,環境美化推進事業,6391,round,total,1
2020,1,4,1,4,1,人件費,26732,round,total,1
2020,1,4,1,4,2,公害対策費,2534,round,total,1
2020,1,4,1,4,3,環境学習,123,round,total,1
2020,1,4,1,4,4,環境保全実施計画推進,2281,round,total,1
2020,1,4,1,4,5,地球温暖化対策関連事業,3597,round,total,1
2020,1,4,1,4,6,環境基本計画関係費,683,round,total,1
2020,1,4,1,4,7,小学生環境サミット,205,round,total,1
2020,1,4,1,5,1,人件費,56895,round,total,1
2020,1,4,1,5,2,一般事務費,1994,round,total,1
2020,1,4,1,5,3,自然保護費,8990,round,total,1
2020,1,4,1,5,4,緑化推進,801,round,total,1
2020,1,4,1,5,5,水辺の楽校推進,814,round,total,1
2020,1,4,1,5,6,生物多様性保全事業ｱ,2850,round,total,1
2020,1,4,2,1,1,人件費,55550,round,total,1
2020,1,4,2,1,2,一般事務費,2695,round,total,1
2020,1,4,2,1,3,清掃施設整備基金費,50305,round,total,1
2020,1,4,2,2,1,一般事務費,832,round,total,1
2020,1,4,2,2,2,塵芥処理費,172870,round,total,1
2020,1,4,2,2,3,不燃ごみ，資源物，粗大ごみ処理費,298945,round,total,1
2020,1,4,2,2,4,ごみ減量対策費,96817,round,total,1
2020,1,4,2,2,5,組合維持管理費,489610,round,total,1
2020,1,4,2,2,6,使用済小型家電リサイクル関係費,4748,round,total,1
2020,1,4,2,3,1,し尿処理費,3564,round,total,1
2020,1,4,2,3,2,多摩川衛生組合維持管理費,3454,round,total,1
2020,1,4,2,4,1,リサイクルセンター維持管理費,22411,round,total,1
2020,1,4,2,4,2,リサイクルセンター事業費,44231,ceil,total,1
2020,1,4,2,4,3,ストックヤード維持管理費,119,round,total,1
2020,1,5,2,1,1,勤労者互助会関係費,3358,round,total,1
2020,1,6,1,1,1,農業委員会関係費,5800,round,total,1
2020,1,6,1,2,1,人件費,12174,round,total,1
2020,1,6,1,2,2,一般事務費,11,round,total,1
2020,1,6,1,3,1,一般事務費,4,round,total,1
2020,1,6,1,3,2,農業振興関係費,11866,round,total,1
2020,1,6,1,4,1,市民農園関係費,4105,round,total,1
2020,1,7,1,1,1,人件費,47831,floor,total,1
2020,1,7,1,1,2,一般事務費,2338,round,total,1
2020,1,7,1,2,1,中小企業者事業資金融資あっ旋等関係費,3527,round,total,1
2020,1,7,1,2,2,商工振興補助,11494,floor,total,1
2020,1,7,1,2,3,就労・創業支援事業,1711,round,total,1
2020,1,7,1,2,4,商店街チャレンジ戦略ｲ支援事業費補助,798,round,total,1
2020,1,7,1,2,6,中小企業者緊急対策応援事業,83014,round,total,1
2020,1,7,1,2,7,プレミアム付商品券事業,107382,round,total,1
2020,1,7,1,2,8,新型コロナウイルス感染症対策推進宣言応援事業,507,round,total,1
2020,1,7,1,2,9,３密対策事業者支援給付金事業3,23500,round,total,1
2020,1,7,1,3,1,消費経済対策費,5981,round,total,1
2020,1,7,1,4,1,観光協会補助,2214,round,total,1
2020,1,8,1,1,1,人件費,153494,round,total,1
2020,1,8,1,1,2,一般事務費,138,round,org_subtotal,3
2020,1,8,2,2,1,道路維持費,98184,round,org_subtotal,2
2020,1,8,2,3,1,道路新設改良費,86068,ceil,total,1
2020,1,8,2,3,2,市道３２号線（八幡通り）整備事業,31566,round,total,1
2020,1,8,2,3,3,ぽかぽか広場関係費,3267,round,total,1
2020,1,8,2,4,1,街路灯維持管理費,27296,round,total,1
2020,1,8,2,5,1,交通安全対策費,2692,round,total,1
2020,1,8,2,5,2,自転車整理関係費,17974,round,total,1
2020,1,8,2,5,3,交通安全施設整備費,16116,round,total,1
2020,1,8,3,1,1,河川維持改修費,729,round,total,1
2020,1,8,3,1,2,河川環境整備費,179,round,total,1
2020,1,8,3,1,3,多摩川河川敷環境保全事業,8230,round,total,1
2020,1,8,4,1,1,人件費,199974,round,total,1
2020,1,8,4,1,2,一般事務費,6587,floor,total,1
2020,1,8,4,1,3,都市計画審議会関係費,417,round,total,1
2020,1,8,4,1,4,協働まちづくり関係費,432,round,total,1
2020,1,8,4,1,5,地区計画関係費,22894,round,total,1
2020,1,8,4,1,6,和泉多摩川緑地都立公園化整備推進関係費,84,round,total,1
2020,1,8,4,1,7,都市計画マスタープラン等関係費,12302,round,total,1
2020,1,8,4,1,8,コミュニティバス関係費,19116,round,total,1
2020,1,8,4,1,9,都市計画関係費,16100,round,total,1
2020,1,8,4,1,10,都市計画事業基金費,50000,round,total,1
2020,1,8,4,2,1,狛江駅北口第１地区再開発ビル地下駐車場管理運営費,9348,round,org_subtotal,2
2020,1,8,4,3,1,調布都市計画道路３・４・１６号線整備費（電中研前）,987,round,total,1
2020,1,8,4,3,2,調布都市計画道路３・４・１６号線整備費（岩戸北区間）,27580,round,total,1
2020,1,8,4,4,1,都市公園維持管理費,170437,round,total,1
2020,1,8,4,4,2,弁財天池緑地管理費,13445,round,total,1
2020,1,8,4,4,3,自主管理公園費,1342,round,total,1
2020,1,8,4,4,4,「花いっぱいエリア」事業,185,round,org_subtotal,2
2020,1,8,4,4,5,都市計画公園整備費,100482,round,total,1
2020,1,8,4,4,6,緑化基金費,24844,round,total,1
2020,1,8,4,5,1,下水道事業会計繰出,417574,round,total,1
2020,1,9,1,1,1,常備消防事務委託費,997916,round,total,1
2020,1,9,1,2,1,分団関係費,49111,round,total,1
2020,1,9,1,2,2,消防施設維持管理費,32910,round,total,1
2020,1,9,1,3,1,消防施設整備費,702,round,total,1
2020,1,9,1,4,2,災害対策関係費,73497,round,total,1
2020,1,9,1,4,3,国民保護関係費,555,round,total,1
2020,1,9,1,4,4,災害見舞金,91,ceil,total,1
2020,1,10,1,1,1,委員会関係費,4131,ceil,total,1
2020,1,10,1,2,1,人件費,149497,round,total,1
2020,1,10,1,2,2,一般事務費,12,round,org_subtotal,1
2020,1,10,1,2,3,教育広報関係費,1558,round,total,1
2020,1,10,1,2,4,奨学金支給事務,3723,round,total,1
2020,1,10,1,2,5,西和泉体育館，西和泉グランド維持管理費,3964,round,total,1
2020,1,10,1,2,6,学校安全対策費,11396,round,total,1
2020,1,10,1,2,7,教職員給与支給事務,60,round,total,1
2020,1,10,1,3,1,就学事務費,2503,round,org_subtotal,2
2020,1,10,1,3,2,就学相談関係費,6654,round,total,1
2020,1,10,1,3,3,特別支援教育支援員,4789,round,total,1
2020,1,10,1,3,4,指導一般事務費,12287,round,total,1
2020,1,10,1,3,5,教職員福利厚生費,6637,round,total,1
2020,1,10,1,3,6,教育支援センター関係費,1206,round,org_subtotal,2
2020,1,10,1,3,7,教育相談関係費,18702,round,total,1
2020,1,10,1,3,8,不登校対策支援,19658,round,total,1
2020,1,10,1,3,9,講師派遣,12320,round,total,1
2020,1,10,1,3,10,ティーチングアシスタント,666,round,total,1
2020,1,10,1,3,11,特別支援教育推進,4504,round,org_subtotal,2
2020,1,10,1,3,12,教育研究推進,2950,round,total,1
2020,1,10,1,3,13,地域交流推進,470,round,total,1
2020,1,10,1,3,14,副読本関係費,2918,round,total,1
2020,1,10,1,3,15,連合行事・音楽鑑賞関係費,1698,round,total,1
2020,1,10,1,3,16,児童・生徒健全育成,419,round,total,1
2020,1,10,1,3,17,国際理解教育促進,15739,round,total,1
2020,1,10,1,3,18,情報教育推進費,467946,round,total,1
2020,1,10,1,3,20,夏季休業水泳指導,71,round,total,1
2020,1,10,1,3,23,学校と家庭の連携推進,2379,round,total,1
2020,1,10,1,3,24,学力向上推進,613,round,total,1
2020,1,10,1,3,25,指導事業,306,round,total,1
2020,1,10,1,3,26,学力調査,1760,round,total,1
2020,1,10,1,3,28,学校運営改善・発展のための事業,394,round,total,1
2020,1,10,1,3,29,オリンピック・パラリンピック教育推進,1548,round,total,1
2020,1,10,1,3,30,教科書採択関係費,12,round,total,1
2020,1,10,1,3,31,いじめ問題等対策推進,18,round,total,1
2020,1,10,1,3,32,主権者教育推進,180,round,total,1
2020,1,10,1,3,34,人権尊重教育推進,357,round,total,1
2020,1,10,1,3,35,家庭学習通信環境整備支援,31938,floor,total,1
2020,1,10,2,1,1,学校維持管理費,232698,round,total,1
2020,1,10,2,1,2,学校管理用備品整備,6003,round,total,1
2020,1,10,2,2,1,教育振興費,26420,floor,total,1
2020,1,10,2,2,2,就学援助,15464,round,total,1
2020,1,10,2,2,3,理科教育等設備整備費,1696,round,total,1
2020,1,10,2,2,4,教科書採択関係費,15695,round,total,1
2020,1,10,2,2,5,夏季施設関係費,1654,round,total,1
2020,1,10,2,2,6,移動教室関係費,1701,round,total,1
2020,1,10,2,2,7,図書整備,19091,round,total,1
2020,1,10,2,3,1,特別支援教育就学奨励費,1787,round,total,1
2020,1,10,2,3,2,特別支援学級維持管理費,19302,round,total,1
2020,1,10,2,3,3,特別支援教室関係費,2297,round,total,1
2020,1,10,2,4,1,学校保健衛生費,33790,floor,total,1
2020,1,10,2,4,2,学校医報償,16851,round,total,1
2020,1,10,2,4,3,検診事業,4331,round,total,1
2020,1,10,2,4,4,災害共済掛金,4268,round,total,1
2020,1,10,2,5,1,人件費,25877,round,total,1
2020,1,10,2,5,2,学校給食費,387425,round,total,1
2020,1,10,2,6,1,既存施設改修工事,349991,round,total,1
2020,1,10,3,1,1,人件費,38702,ceil,total,1
2020,1,10,3,1,2,学校維持管理費,106229,round,total,1
2020,1,10,3,1,3,学校管理用備品整備,2536,round,total,1
2020,1,10,3,2,1,教育振興費,16848,round,total,1
2020,1,10,3,2,2,就学援助,13768,round,total,1
2020,1,10,3,2,3,理科教育等設備整備費,2778,round,total,1
2020,1,10,3,2,5,図書整備,12869,round,total,1
2020,1,10,3,2,6,部活動助成,8989,round,total,1
2020,1,10,3,2,7,移動教室関係費,50,round,total,1
2020,1,10,3,2,8,修学旅行関係費,4197,round,total,1
2020,1,10,3,3,1,特別支援教育就学奨励費,1432,round,total,1
2020,1,10,3,3,2,特別支援学級維持管理費,8194,round,total,1
2020,1,10,3,3,3,特別支援教室関係費,255,round,total,1
2020,1,10,3,4,1,学校保健衛生費,18804,round,total,1
2020,1,10,3,4,2,学校医報償,10607,round,total,1
2020,1,10,3,4,3,検診事業,2849,round,total,1
2020,1,10,3,4,4,災害共済掛金,1520,round,total,1
2020,1,10,3,5,1,人件費,29514,ceil,total,1
2020,1,10,3,5,2,給食センター管理運営費,34039,round,total,1
2020,1,10,3,5,3,中学校給食費,166711,round,total,1
2020,1,10,3,6,1,既存施設改修工事,286556,round,total,1
2020,1,10,4,1,1,私立幼稚園協会等補助,22861,round,total,1
2020,1,10,4,1,2,私立幼稚園等園児保護者負担軽減,66350,ceil,total,1
2020,1,10,4,1,3,私立認定こども園等運営費,27728,round,total,1
2020,1,10,4,1,4,子育てのための施設等利用給付,317823,round,total,1
2020,1,10,5,1,1,人件費,175943,round,total,1
2020,1,10,5,1,2,一般事務費,1054,round,total,1
2020,1,10,5,1,3,生涯学習推進関係費,1206,round,total,1
2020,1,10,5,1,4,青少年委員関係費,1092,round,total,1
2020,1,10,5,1,5,放課後子ども教室事業,15026,round,total,1
2020,1,10,5,1,6,社会教育委員関係費,336,round,total,1
2020,1,10,5,1,7,学校開放,3041,round,total,1
2020,1,10,5,1,8,こどもかけこみ１１０番,210,round,total,1
2020,1,10,5,1,9,文化財専門委員関係費,49,round,total,1
2020,1,10,5,1,10,文化財保護関係費,9603,ceil,total,1
2020,1,10,5,1,11,埋蔵文化財保護関係費,4920,round,total,1
2020,1,10,5,1,12,古民家園管理運営費,11360,round,total,1
2020,1,10,5,1,13,文化財保存事業費補助,300,round,total,1
2020,1,10,5,1,14,学校支援ボランティア推進,500,round,total,1
2020,1,10,5,1,15,歴史公園維持管理費,1586,round,total,1
2020,1,10,5,3,1,西河原公民館管理費,32018,round,total,1
2020,1,10,5,3,2,公民館運営費,26904,round,total,1
2020,1,10,5,3,3,少年事業,1281,round,total,1
2020,1,10,5,3,4,青年教室事業,133,round,total,1
2020,1,10,5,3,5,チャレンジ青年学級,99,round,total,1
2020,1,10,5,3,6,成人学習事業,198,round,total,1
2020,1,10,5,3,7,女性セミナー,243,round,total,1
2020,1,10,5,3,8,学習グループ保育,884,round,total,1
2020,1,10,5,3,9,日本語教室事業,386,round,total,1
2020,1,10,5,3,10,市民劇場,414,ceil,total,1
2020,1,10,5,3,12,図書室,10373,round,total,1
2020,1,10,5,3,13,こまえ市民大学,689,round,total,1
2020,1,10,5,3,14,情報学習事業,1016,round,total,1
2020,1,10,5,3,15,居場所事業,139,round,total,1
2020,1,10,5,4,1,中央図書館運営費,70670,round,total,1
2020,1,10,5,4,2,図書館協議会委員関係費,220,round,total,1
2020,1,10,5,4,3,子ども読書活動推進事業,255,round,total,1
2020,1,10,5,4,4,子ども読書啓発事業ﾌ,2286,ceil,total,1
2020,1,10,5,4,5,利用支援サービス事業,280,round,total,1
2020,1,10,5,4,6,図書館ボランティア関係費,102,round,total,1
2020,1,10,5,5,1,市民ホール関係費,35202,round,org_subtotal,2
2020,1,10,6,1,1,一般事務費,8,round,total,1
2020,1,10,6,1,2,スポーツ推進委員関係費,2158,round,total,1
2020,1,10,6,1,3,少年少女スポーツ振興,1527,round,total,1
2020,1,10,6,1,4,市民スポーツ大会関係費,2508,round,total,1
2020,1,10,6,1,5,スポーツ推進審議会関係費,576,round,total,1
2020,1,10,6,1,6,市民スポーツ振興費,651,round,total,1
2020,1,10,6,2,1,体育施設維持管理費,21813,round,org_subtotal,2
2020,1,10,6,2,2,体育施設指定管理業務費,99488,round,total,1
2020,1,10,6,2,3,体育施設新型コロナウイルス感染症新対策事業,1000,round,total,1
2020,1,11,1,1,1,長期債償還元金,1593927,round,total,1
2020,1,11,1,2,1,長期債，一時借入金償還利子,100133,round,total,1
2020,1,12,1,1,1,財政調整基金費,240258,round,total,1
2020,1,12,1,2,1,減債基金費,1,round,total,1
2020,1,12,1,3,1,災害復旧・復興特別交付金積立基金費,1,ceil,total,1
2021,1,1,1,1,1,人件費,58245,round,total,1
2021,1,1,1,1,2,議会関係費,220590,floor,total,1
2021,1,1,1,1,3,一般事務費,17210,round,total,1
2021,1,2,1,1,1,人件費,710992,round,total,1
2021,1,2,1,1,2,一般事務費,10664,round,org_subtotal,5
2021,1,2,1,1,3,表彰関係費,128,round,total,1
2021,1,2,1,1,5,行政不服審査及び個人情報保護制度関係費,290,round,total,1
2021,1,2,1,1,6,庁舎維持管理費,177064,floor,total,1
2021,1,2,1,1,7,庁用車関係費,404,round,total,1
2021,1,2,1,1,8,職員管理費,573837,round,total,1
2021,1,2,1,1,9,職員健康管理費,15306,round,total,1
2021,1,2,1,1,10,職員福利厚生費,5401,round,total,1
2021,1,2,1,1,11,職員研修費,11083,round,total,1
2021,1,2,1,1,12,公務災害関係費,5247,round,total,1
2021,1,2,1,2,1,文書管理関係費,23967,round,total,1
2021,1,2,1,2,2,印刷関係費,5049,round,total,1
2021,1,2,1,3,1,広報関係費,15379,round,total,1
2021,1,2,1,3,2,ホームページ関係費ｱ,2248,round,total,1
2021,1,2,1,3,3,市民相談関係費,2121,round,total,1
2021,1,2,1,4,1,一般事務費,12340,round,total,1
2021,1,2,1,5,1,一般事務費,5828,round,total,1
2021,1,2,1,6,1,財産管理費,1670,round,org_subtotal,2
2021,1,2,1,6,2,公共施設整備基金費,50132,round,total,1
2021,1,2,1,6,3,公共施設修繕基金費,250069,round,total,1
2021,1,2,1,7,1,一般事務費,1839,round,org_subtotal,3
2021,1,2,1,7,2,初春まつり関係費,956,round,total,1
2021,1,2,1,7,3,名誉市民関連事業関係費,586,round,total,1
2021,1,2,1,7,4,憲法・平和都市関係費,2,round,total,1
2021,1,2,1,7,5,国際化推進,241,round,total,1
2021,1,2,1,7,6,男女共同参画施策推進,859,round,total,1
2021,1,2,1,7,7,市民参加と市民協働に関する審議会関係費,596,round,total,1
2021,1,2,1,7,8,市民活動支援センター関係費,36350,round,total,1
2021,1,2,1,7,9,行政評価関係費,855,round,total,1
2021,1,2,1,7,10,東京２０２０大会に向けた気運醸成事業,11249,round,total,1
2021,1,2,1,7,11,市民公益活動団体補助,768,round,total,1
2021,1,2,1,7,12,人権尊重推進関係費,1366,round,total,1
2021,1,2,1,7,13,市民活動関係費,9292,round,total,1
2021,1,2,1,7,14,ＩＣＴ活用推進関係費,2762,floor,org_subtotal,2
2021,1,2,1,7,15,ミライ×チャレンジ,78,ceil,total,1
2021,1,2,1,7,16,市史編さん事業費,24679,ceil,total,1
2021,1,2,1,7,17,桜まつり関係費ｽ,2767,round,total,1
2021,1,2,1,7,18,えきまえ広場関係費,1549,round,total,1
2021,1,2,1,7,19,「絵手紙発祥の地－狛江」推進関係費,2887,round,total,1
2021,1,2,1,7,20,「音楽の街－狛江」推進関係費,3145,round,total,1
2021,1,2,1,7,21,市制施行５０周年記念関係費,73,round,total,1
2021,1,2,1,8,1,計算事務費,113287,round,org_subtotal,2
2021,1,2,1,8,2,電子自治体推進費,9933,round,total,1
2021,1,2,1,9,1,一般事務費,103,round,total,1
2021,1,2,1,9,2,友好都市交流推進事業関係費,7,round,total,1
2021,1,2,1,9,3,市民まつり関係費,5000,round,total,1
2021,1,2,1,9,4,コミュニティ活動活性化助成,1203,round,total,1
2021,1,2,1,10,1,訴訟関係費,1980,round,total,1
2021,1,2,2,1,1,人件費,215802,round,total,1
2021,1,2,2,1,2,一般事務費,244,round,org_subtotal,2
2021,1,2,2,2,1,一般事務費,52589,floor,org_subtotal,2
2021,1,2,2,3,1,固定資産評価審査委員会費,30,floor,total,1
2021,1,2,3,1,1,人件費,105891,round,total,1
2021,1,2,3,1,2,一般事務費,84741,round,total,1
2021,1,2,3,1,3,人口動態調査,82,round,total,1
2021,1,2,3,1,4,住民基本台帳人口調査,201,round,total,1
2021,1,2,3,1,5,中長期在留者住居地届出等事務,50,round,total,1
2021,1,2,3,1,6,個人番号カード交付事業,40436,round,total,1
2021,1,2,3,1,7,証明書コンビニ交付事業,13130,round,total,1
2021,1,2,3,1,8,議場結婚式関係費,87,round,total,1
2021,1,2,3,2,1,住居表示関係費,535,round,total,1
2021,1,2,4,1,1,人件費,21184,round,total,1
2021,1,2,4,1,2,選挙管理委員会費,2814,floor,total,1
2021,1,2,4,2,1,選挙啓発費,49,round,total,1
2021,1,2,4,3,1,人件費,1063,round,total,1
2021,1,2,4,3,2,東京都議会議員選挙費,34199,round,total,1
2021,1,2,4,4,1,人件費,1060,round,total,1
2021,1,2,4,4,2,衆議院議員選挙費,29554,round,total,1
2021,1,2,5,1,1,一般事務費,5,round,total,1
2021,1,2,5,2,1,学校基本調査,15,round,total,1
2021,1,2,5,2,2,経済センサス調査区管理,3,round,total,1
2021,1,2,5,2,3,建設工事統計調査,48,round,total,1
2021,1,2,5,2,4,令和３年経済センサス活動調査,2631,round,total,1
2021,1,2,6,1,1,人件費,20988,round,total,1
2021,1,2,6,1,2,監査委員関係費,2337,round,total,1
2021,1,3,1,1,1,人件費,406369,round,total,1
2021,1,3,1,1,2,一般事務費,4426,floor,org_subtotal,1
2021,1,3,1,1,4,民生委員，児童委員関係費,11461,round,total,1
2021,1,3,1,1,5,民生委員，児童委員協力員関係費,469,round,total,1
2021,1,3,1,1,6,市民福祉推進委員会関係費,1852,round,total,1
2021,1,3,1,1,8,社会福祉協議会,85360,round,org_subtotal,2
2021,1,3,1,1,9,福祉サービス第三者評価事業,1657,round,total,1
2021,1,3,1,1,10,権利擁護事業,23144,round,total,1
2021,1,3,1,1,11,避難行動要支援者支援事業,9699,round,total,1
2021,1,3,1,1,12,地域福祉推進事業補助,353,round,total,1
2021,1,3,1,1,13,社会福祉法人等指導監査等事業,536,round,total,1
2021,1,3,1,1,14,福祉有償運送事業,8597,round,total,1
2021,1,3,1,1,15,地域共生社会推進事業,15135,round,total,1
2021,1,3,1,1,17,特別弔慰金事務費,4,floor,total,1
2021,1,3,1,1,18,保護司費,1141,round,total,1
2021,1,3,1,1,19,多世代交流拠点整備アクション市リサーチ事業,62,round,total,1
2021,1,3,1,1,20,行旅病人・死亡人取扱費,1147,round,total,1
2021,1,3,1,1,21,緊急援護資金貸付,255,round,total,1
2021,1,3,1,1,22,障害支援区分判定審査会,2987,round,total,1
2021,1,3,1,1,23,地域自立支援協議会関係費,405,round,total,1
2021,1,3,1,1,24,中国残留邦人生活支援事業,7814,round,total,1
2021,1,3,1,1,25,受験生チャレンジ支援貸付事業,3292,round,total,1
2021,1,3,1,1,26,生活困窮者自立相談支援事業,114064,round,total,1
2021,1,3,1,1,27,障がい者虐待防止対策事業,5005,round,total,1
2021,1,3,1,1,28,入浴補助事業,608,round,total,1
2021,1,3,1,1,29,ふれあいサロン運営費補助,3150,round,total,1
2021,1,3,1,1,30,障がい者（児）ホームヘルパー研修,300,round,total,1
2021,1,3,1,1,31,障がい者就労・生活支援,23377,round,total,1
2021,1,3,1,1,32,障がい者理解促進・啓発事業,6,round,total,1
2021,1,3,1,1,33,青少年・若者支援事業,821,floor,total,1
2021,1,3,1,1,34,青少年問題協議会費,1005,round,total,1
2021,1,3,1,1,35,青少年育成委員会事業,686,round,total,1
2021,1,3,1,1,36,青少年委員関係費,3998,round,total,1
2021,1,3,1,1,37,国民健康保険特別会計繰出,822054,round,total,1
2021,1,3,1,1,38,生活応援プレミアム付商品券配布事業,54670,round,total,1
2021,1,3,1,1,39,生活困窮者自立支援金,79852,round,total,1
2021,1,3,1,1,40,新型コロナウイルス感染症緊急対策生活応援事業,4867,round,total,1
2021,1,3,1,1,41,住民税非課税世帯等に対する臨時特別給付金,503205,round,total,1
2021,1,3,1,2,1,一般事務費,333,round,total,1
2021,1,3,1,2,2,難病者相談設置,30,round,total,1
2021,1,3,1,2,3,身体障がい者相談,93,round,total,1
2021,1,3,1,2,5,心身障がい者福祉手当,146920,round,total,1
2021,1,3,1,2,6,特別障がい者手当等,20316,floor,total,1
2021,1,3,1,2,7,難病者福祉手当,42229,round,total,1
2021,1,3,1,2,8,重度脳性マヒ者介護人派遣,944,floor,total,1
2021,1,3,1,2,9,障がい者福祉センター,42715,round,total,1
2021,1,3,1,2,10,重度心身障がい者（児）介護用品費支給,348,round,total,1
2021,1,3,1,2,11,障がい者移送サービス事業,11397,round,total,1
2021,1,3,1,2,12,心身障がい者（児）医療費助成,97,round,total,1
2021,1,3,1,3,1,知的障がい者相談,61,round,total,1
2021,1,3,1,3,3,知的障がい者入所施設整備確保事業,1245,round,total,1
2021,1,3,1,3,4,知的障がい者生活寮,4525,round,total,1
2021,1,3,1,4,1,一般事務費,114,round,total,1
2021,1,3,1,4,2,老人保護措置費,1520,round,org_subtotal,2
2021,1,3,1,4,3,虐待防止・見守りﾈネットワーク事業,882,round,total,1
2021,1,3,1,4,4,高齢者地域相談事業,21798,round,total,1
2021,1,3,1,4,5,老人福祉センター,2483,round,total,1
2021,1,3,1,4,6,シルバー人材センター運営費助成,43015,round,total,1
2021,1,3,1,4,7,シルバー人材センターを活用した保育人材等確保支援事業,3600,round,total,1
2021,1,3,1,4,8,老人クラブ助成事業,4141,round,total,1
2021,1,3,1,4,9,敬老事業,8934,ceil,total,1
2021,1,3,1,4,10,高齢者週間行事,4,round,total,1
2021,1,3,1,4,11,高齢者緊急時通報事業,4131,round,total,1
2021,1,3,1,4,12,高齢者配食サービス事業,5701,round,total,1
2021,1,3,1,4,13,高齢者居宅内ごみ出しサポート事業,385,round,total,1
2021,1,3,1,4,14,熱中症予防事業,221,round,total,1
2021,1,3,1,4,15,在宅高齢者等おむつ支給事業,16997,round,total,1
2021,1,3,1,4,16,高齢者自立支援日常生活用具給付,353,round,total,1
2021,1,3,1,4,17,理美容サービス事業,563,round,total,1
2021,1,3,1,4,18,特別養護老人ホームベッド確保,20000,round,total,1
2021,1,3,1,4,19,生計困難者に対する利用者負担軽減措置事業,358,round,total,1
2021,1,3,1,4,20,認知症理解促進・啓発事業,778,round,total,1
2021,1,3,1,4,21,介護者支援事業,143,round,total,1
2021,1,3,1,4,22,認知症高齢者位置情報提供サービス,499,round,total,1
2021,1,3,1,4,23,介護職員研修受講費助成事業,721,round,total,1
2021,1,3,1,4,24,介護予防活動推進事業,11000,round,total,1
2021,1,3,1,4,25,在宅医療・介護連携事業,13617,ceil,total,1
2021,1,3,1,4,26,後期高齢者医療特別会計繰出,953224,round,total,1
2021,1,3,1,4,27,介護保険特別会計繰出,1000210,round,total,1
2021,1,3,1,5,1,人件費,3269,ceil,total,1
2021,1,3,1,5,2,国民年金事務費,10553,round,total,1
2021,1,3,1,6,1,地域・地区センター費地,41767,round,total,1
2021,1,3,1,6,2,地域センター運営協議会助成,58164,round,total,1
2021,1,3,1,7,1,一般事務費,26,round,total,1
2021,1,3,1,7,2,居住支援協議会関係費,508,round,total,1
2021,1,3,1,7,4,高齢者自立支援住宅改修事業,9041,round,total,1
2021,1,3,1,7,5,シルバーピア,51625,ceil,org_subtotal,1
2021,1,3,1,7,6,住宅耐震診断等助成,5473,round,total,1
2021,1,3,1,7,7,空家等対策関係費,5639,round,total,1
2021,1,3,1,7,8,都営住宅募集事務,23,round,total,1
2021,1,3,1,7,9,マンション適正管理促進関係費,30,ceil,total,1
2021,1,3,1,8,1,一般事務費,233,ceil,org_subtotal,2
2021,1,3,1,8,2,精神保健福祉事業,666,round,total,1
2021,1,3,1,8,3,重度訪問介護利用者大学等修学支援事業,363,round,total,1
2021,1,3,1,8,4,施設サービス費,742804,round,total,1
2021,1,3,1,8,5,居宅介護（ホームヘルプ）,202553,round,total,1
2021,1,3,1,8,6,短期入所（ショートステイ）,39069,round,total,1
2021,1,3,1,8,7,地域生活援助,231042,round,total,1
2021,1,3,1,8,8,サービス利用計画,27371,round,total,1
2021,1,3,1,8,9,高額障がい者福祉サービス費,5,round,total,1
2021,1,3,1,8,10,自立支援医療給付費（更生医療）,91273,round,total,1
2021,1,3,1,8,11,自立支援医療給付費（育成医療）,4,round,total,1
2021,1,3,1,8,12,補装具費支給事業,13990,round,total,1
2021,1,3,1,8,13,精神障がい者地域生活支援事業,7840,round,total,1
2021,1,3,1,8,14,意思疎通支援事業,3974,round,total,1
2021,1,3,1,8,15,日常生活用具費給付事業,19201,round,total,1
2021,1,3,1,8,16,移動支援費支給事業,22717,round,total,1
2021,1,3,1,8,17,地域活動支援センター事業,28720,round,total,1
2021,1,3,1,8,18,日中一時支援費支給事業,3555,round,total,1
2021,1,3,1,8,19,障がい者訪問入浴サービス,1752,round,total,1
2021,1,3,1,8,20,視覚障がい者情報支援,149,round,total,1
2021,1,3,1,8,21,更生訓練費,6,round,total,1
2021,1,3,1,8,25,障がい者通所施設等支援事業,2500,round,total,1
2021,1,3,1,8,26,障がい者日中活動系サービス推進事業,41828,round,total,1
2021,1,3,1,8,27,発達障がい者（児）支援事業,1200,round,total,1
2021,1,3,1,8,29,重症心身障がい児（者）在宅レスパイト事業,126,ceil,total,1
2021,1,3,1,8,30,障がい福祉サービス事業者等支援事業,600,round,total,1
2021,1,3,2,1,1,人件費,196585,round,total,1
2021,1,3,2,1,2,一般事務費,12753,ceil,org_subtotal,3
2021,1,3,2,1,3,障がい児支援事業,364657,round,org_subtotal,2
2021,1,3,2,1,4,障がい児通所施設等支援事業,6840,round,total,1
2021,1,3,2,1,5,児童育成手当,107821,round,total,1
2021,1,3,2,1,6,児童手当,1093135,round,total,1
2021,1,3,2,1,7,児童扶養手当,147854,round,total,1
2021,1,3,2,1,8,みんなで子育て事業,1159,round,total,1
2021,1,3,2,1,9,子育てサイト事業ｱ,2737,round,total,1
2021,1,3,2,1,10,子ども・子育て会議関係費,252,round,total,1
2021,1,3,2,1,11,子育て世帯緊急対策応援事業,2292,round,total,1
2021,1,3,2,1,12,地域課題解決型子ども議会事業,1744,round,total,1
2021,1,3,2,1,13,プレーパーク,7953,round,total,1
2021,1,3,2,1,14,自主保育支援,157,round,total,1
2021,1,3,2,1,15,要保護児童対策事業,7381,round,total,1
2021,1,3,2,1,16,低所得の子育て世帯に対する子育て世帯生活支援特別給付金,58911,round,total,1
2021,1,3,2,1,17,ひとり親世帯プレミアム付ﾌ商品券配布事業,4415,round,total,1
2021,1,3,2,1,18,子育て世帯への臨時特別給付（先行給付金）,457100,round,total,1
2021,1,3,2,1,19,子育て世帯への臨時特別給付（追加分）,454726,round,total,1
2021,1,3,2,1,20,子育て世帯への臨時特別給付（支援給付金）,2702,round,total,1
2021,1,3,2,2,2,ひとり親家庭等医療費助成,18841,round,total,1
2021,1,3,2,2,3,乳幼児医療費助成,163848,round,total,1
2021,1,3,2,2,4,義務教育就学児医療費助成,118547,round,total,1
2021,1,3,2,2,5,高校生世代医療費助成事業,341,round,total,1
2021,1,3,2,2,7,ひとり親家庭等生活支援事業,24815,round,total,1
2021,1,3,2,2,8,養育費受け取り支援事業,91,round,total,1
2021,1,3,2,2,9,保育所等児童運営費,3312238,round,total,1
2021,1,3,2,2,10,保育施設等利用児童保護者負担軽減,32244,round,total,1
2021,1,3,2,2,11,子ども家庭在宅サービス事業費,5736,floor,total,1
2021,1,3,2,3,1,子育て・教育支援複合施設関係費,17550,round,total,1
2021,1,3,2,3,2,子ども家庭支援センター事業運営費,61570,round,total,1
2021,1,3,2,3,3,児童遊園費,22790,round,total,1
2021,1,3,2,4,1,人件費,563116,round,total,1
2021,1,3,2,4,2,病児・病後児保育,8077,round,total,1
2021,1,3,2,4,3,保育園維持管理費,267885,floor,total,1
2021,1,3,2,5,1,人件費,46623,round,total,1
2021,1,3,2,5,2,学童保育所維持管理費,53618,round,org_subtotal,2
2021,1,3,2,5,4,放課後クラブ,83050,round,total,1
2021,1,3,2,5,5,こどもクラブ,15640,round,total,1
2021,1,3,2,6,1,児童館関係費,232301,round,total,1
2021,1,3,3,1,1,人件費,122405,round,total,1
2021,1,3,3,1,2,一般事務費,50018,round,total,1
2021,1,3,3,2,1,生活保護費,2259179,round,total,1
2021,1,4,1,1,1,人件費,114091,round,total,1
2021,1,4,1,1,2,一般事務費,20841,round,total,1
2021,1,4,1,1,3,あいとぴあセンター管理運営費,77467,round,total,1
2021,1,4,1,1,4,健康づくり推進協議会関係費,266,round,total,1
2021,1,4,1,1,5,健康診査,64697,round,total,1
2021,1,4,1,1,6,がん検診,59093,round,total,1
2021,1,4,1,1,7,健康教育,382,round,total,1
2021,1,4,1,1,8,母子保健事業関係費,98414,round,total,1
2021,1,4,1,1,9,使用済み注射針回収事業補助,350,round,total,1
2021,1,4,1,1,10,食育推進事業,307,round,total,1
2021,1,4,1,1,11,養育医療,4494,round,total,1
2021,1,4,1,1,12,災害医療コーディネーター関係費ﾈ,1386,round,total,1
2021,1,4,1,1,13,健康ポイント制度関係費,643,round,total,1
2021,1,4,1,1,14,専用水道事務等事務委託費,1078,round,total,1
2021,1,4,1,1,15,自殺対策関係費,73,round,total,1
2021,1,4,1,1,16,乳がん啓発事業,104,round,total,1
2021,1,4,1,1,18,新型コロナウイルス感染症自宅療養者医療支援事業,1067,round,total,1
2021,1,4,1,2,1,予防接種,244725,ceil,total,1
2021,1,4,1,2,2,結核検診,13,round,total,1
2021,1,4,1,2,3,感染症予防,2200,round,total,1
2021,1,4,1,2,4,在宅ねたきり高齢者訪問歯科診療,1266,round,total,1
2021,1,4,1,2,5,休日診療所等関係費,36072,round,total,1
2021,1,4,1,2,6,健康増進,6803,round,total,1
2021,1,4,1,2,7,狂犬病予防,872,ceil,total,1
2021,1,4,1,2,8,小児初期救急平日準夜間診療事業,2562,round,total,1
2021,1,4,1,2,9,飼い主のいない猫の不妊去勢手術費助成事業,36,round,total,1
2021,1,4,1,2,10,新型コロナウイルス感染症P予防,2812,round,org_subtotal,2
2021,1,4,1,2,11,新型コロナウイルスPＰＣＲ検査センター関係費,6138,round,total,1
2021,1,4,1,2,12,新型コロナ予防接種,787921,round,total,1
2021,1,4,1,3,1,環境美化推進事業,4208,round,total,1
2021,1,4,1,4,1,人件費,28183,ceil,total,1
2021,1,4,1,4,2,公害対策費,2550,round,total,1
2021,1,4,1,4,3,環境学習,95,round,total,1
2021,1,4,1,4,4,環境保全実施計画推進,2752,round,total,1
2021,1,4,1,4,5,地球温暖化対策関連事業,4674,round,total,1
2021,1,4,1,4,6,ＰＣＢ含有物処理費,154,round,total,1
2021,1,4,1,5,1,人件費,72935,round,total,1
2021,1,4,1,5,2,一般事務費,198,round,total,1
2021,1,4,1,5,3,自然保護費,13234,floor,total,1
2021,1,4,1,5,4,緑化推進,1111,round,total,1
2021,1,4,1,5,5,水辺の楽校推進,589,round,total,1
2021,1,4,1,5,6,生物多様性保全事業,2767,round,total,1
2021,1,4,2,1,1,人件費,57071,round,total,1
2021,1,4,2,1,2,一般事務費,2660,round,total,1
2021,1,4,2,1,3,清掃施設整備基金費,50163,round,total,1
2021,1,4,2,2,1,一般事務費,1258,round,total,1
2021,1,4,2,2,2,塵芥処理費,175612,round,total,1
2021,1,4,2,2,3,不燃ごみ，資源物，粗大ごみ処理費,299156,round,total,1
2021,1,4,2,2,4,ごみ減量対策費,97725,round,total,1
2021,1,4,2,2,5,組合維持管理費,481794,round,total,1
2021,1,4,2,2,6,使用済小型家電リサイクル関係費,4511,round,total,1
2021,1,4,2,3,1,し尿処理費,3564,round,total,1
2021,1,4,2,3,2,多摩川衛生組合維持管理費,3525,round,total,1
2021,1,4,2,4,1,リサイクルセンター維持管理費,19115,round,total,1
2021,1,4,2,4,2,リサイクルセンター事業費,44772,round,total,1
2021,1,4,2,4,3,ストックヤード維持管理費,119,round,total,1
2021,1,5,2,1,1,勤労者互助会関係費,3358,round,total,1
2021,1,6,1,1,1,農業委員会関係費,5724,round,total,1
2021,1,6,1,2,1,人件費,12088,round,total,1
2021,1,6,1,2,2,一般事務費,6,round,total,1
2021,1,6,1,3,2,農業振興関係費,13048,round,total,1
2021,1,6,1,4,1,市民農園関係費,4116,round,total,1
2021,1,7,1,1,1,人件費,51701,round,total,1
2021,1,7,1,1,2,一般事務費,4474,round,total,1
2021,1,7,1,2,1,中小企業者事業資金融資あっ旋等関係費,4510,round,total,1
2021,1,7,1,2,2,商工振興補助,13159,round,total,1
2021,1,7,1,2,3,就労・創業支援事業,3803,round,total,1
2021,1,7,1,2,4,商店街チャレンジ戦略ｲﾍ支援事業費補助,759,round,total,1
2021,1,7,1,2,5,こまえ元気わくわく事業,1795,round,total,1
2021,1,7,1,2,6,中小企業者緊急対策応援事業,60800,round,total,1
2021,1,7,1,2,7,プレミアム付商品券事業,162332,round,total,1
2021,1,7,1,3,1,消費経済対策費,6362,round,total,1
2021,1,7,1,4,1,観光協会補助,1473,round,total,1
2021,1,8,1,1,1,人件費,122054,round,total,1
2021,1,8,1,1,2,一般事務費,68,round,org_subtotal,3
2021,1,8,1,1,3,土地開発公社運営関係費,189,floor,total,1
2021,1,8,2,1,1,一般事務費,4598,ceil,org_subtotal,2
2021,1,8,2,2,1,道路維持費,96239,round,org_subtotal,2
2021,1,8,2,3,1,道路新設改良費,69055,round,total,1
2021,1,8,2,3,2,市道３２号線（八幡通り）整備事業,24964,round,total,1
2021,1,8,2,3,3,ぽかぽか広場関係費,65571,round,total,1
2021,1,8,2,4,1,街路灯維持管理費,28371,round,total,1
2021,1,8,2,5,1,交通安全対策費,3546,floor,total,1
2021,1,8,2,5,2,自転車整理関係費,17484,round,total,1
2021,1,8,2,5,3,交通安全施設整備費,21480,round,total,1
2021,1,8,3,1,1,河川維持改修費,975,round,total,1
2021,1,8,3,1,2,河川環境整備費,27,ceil,total,1
2021,1,8,3,1,3,多摩川河川敷環境保全事業,37289,round,total,1
2021,1,8,3,1,4,多摩川利活用推進,9252,round,total,1
2021,1,8,4,1,1,人件費,214844,round,total,1
2021,1,8,4,1,2,一般事務費,3749,round,total,1
2021,1,8,4,1,3,都市計画審議会関係費,453,round,total,1
2021,1,8,4,1,4,協働まちづくり関係費,1041,round,total,1
2021,1,8,4,1,5,地区計画関係費,13984,round,total,1
2021,1,8,4,1,6,和泉多摩川緑地都立公園化公整備推進関係費,86,round,total,1
2021,1,8,4,1,7,都市計画マスタープラン等関係費,9364,round,total,1
2021,1,8,4,1,8,コミュニティバス関係費,18041,round,total,1
2021,1,8,4,1,9,都市計画関係費,11931,round,total,1
2021,1,8,4,1,10,都市計画事業基金費,300001,round,total,1
2021,1,8,4,2,1,駐車場事業特別会計繰出,92007,round,total,1
2021,1,8,4,3,1,調布都市計画道路３・４・１６号線整備費（電中研前）,38932,round,total,1
2021,1,8,4,3,2,調布都市計画道路３・４・１６号線整備費（岩戸北区間）,10715,round,total,1
2021,1,8,4,4,1,都市公園維持管理費,143637,round,total,1
2021,1,8,4,4,2,弁財天池緑地管理費,5560,round,total,1
2021,1,8,4,4,3,自主管理公園費,1342,round,total,1
2021,1,8,4,4,4,「花いっぱいエリア」事業,278,round,org_subtotal,2
2021,1,8,4,4,5,都市計画公園整備費,10230,round,total,1
2021,1,8,4,4,6,緑化基金費,17031,round,total,1
2021,1,8,4,5,1,下水道事業会計繰出,419187,round,total,1
2021,1,9,1,1,1,常備消防事務委託費,1076556,round,total,1
2021,1,9,1,2,1,分団関係費,40837,round,total,1
2021,1,9,1,2,2,消防施設維持管理費,44970,ceil,total,1
2021,1,9,1,3,1,消防施設整備費,721,round,total,1
2021,1,9,1,4,2,災害対策関係費,81629,round,total,1
2021,1,9,1,4,3,国民保護関係費,685,round,total,1
2021,1,9,1,4,4,災害見舞金,50,round,total,1
2021,1,9,1,4,5,参加型防災セミナーｱ,205,round,total,1
2021,1,10,1,1,1,委員会関係費,4103,round,total,1
2021,1,10,1,2,1,人件費,152129,round,total,1
2021,1,10,1,2,2,一般事務費,4237,round,org_subtotal,3
2021,1,10,1,2,3,教育広報関係費,2810,floor,total,1
2021,1,10,1,2,4,奨学金支給事務,3794,round,total,1
2021,1,10,1,2,5,西和泉体育館，西和泉グランド維持管理費,3176,round,total,1
2021,1,10,1,2,6,学校安全対策費,12044,round,total,1
2021,1,10,1,2,7,教職員給与支給事務,10,round,total,1
2021,1,10,1,3,1,就学事務費,4338,round,org_subtotal,2
2021,1,10,1,3,2,就学相談関係費,7747,round,total,1
2021,1,10,1,3,3,特別支援教育支援員,8222,round,total,1
2021,1,10,1,3,4,指導一般事務費,21614,round,total,1
2021,1,10,1,3,5,教育相談関係費,20002,round,total,1
2021,1,10,1,3,6,不登校対策支援,18131,round,total,1
2021,1,10,1,3,7,特別支援教育推進,4597,round,org_subtotal,2
2021,1,10,1,3,8,夏季休業水泳指導,220,round,total,1
2021,1,10,1,3,9,学校と家庭の連携推進,2962,round,total,1
2021,1,10,1,3,10,教職員福利厚生費,7750,round,total,1
2021,1,10,1,3,11,教育支援センター関係費,1504,round,org_subtotal,2
2021,1,10,1,3,12,講師派遣,11594,round,total,1
2021,1,10,1,3,13,ティーチングアシスタント,776,round,total,1
2021,1,10,1,3,14,教育研究推進,3850,round,total,1
2021,1,10,1,3,15,地域交流推進,500,round,total,1
2021,1,10,1,3,16,副読本関係費,1091,round,total,1
2021,1,10,1,3,17,連合行事・音楽鑑賞関係費,153,round,total,1
2021,1,10,1,3,18,児童・生徒健全育成,561,round,total,1
2021,1,10,1,3,19,国際理解教育促進,15719,floor,total,1
2021,1,10,1,3,20,情報教育推進費,163952,round,total,1
2021,1,10,1,3,21,学校プール指導員配置,170,round,total,1
2021,1,10,1,3,23,学力向上推進,714,ceil,total,1
2021,1,10,1,3,24,指導事業,349,round,total,1
2021,1,10,1,3,25,学力調査,1807,round,total,1
2021,1,10,1,3,27,学校運営改善・発展のための事業,376,round,total,1
2021,1,10,1,3,28,オリンピック・パラリンピックｵ教育推進,6292,round,total,1
2021,1,10,1,3,29,いじめ問題等対策推進,18,round,total,1
2021,1,10,1,3,30,主権者教育推進,200,round,total,1
2021,1,10,1,3,31,笑育,2805,round,total,1
2021,1,10,1,3,32,家庭学習通信環境整備支援,110,round,total,1
2021,1,10,1,3,33,授業改善推進拠点校事業,330,round,total,1
2021,1,10,1,3,34,社会の力活用事業,143,round,total,1
2021,1,10,1,3,35,特別支援教育に関する実践研究充実事業,2391,round,total,1
2021,1,10,2,1,1,学校維持管理費,238961,round,total,1
2021,1,10,2,1,2,学校管理用備品整備,5900,round,total,1
2021,1,10,2,2,1,教育振興費,25517,round,total,1
2021,1,10,2,2,2,就学援助,17072,ceil,total,1
2021,1,10,2,2,3,理科教育等設備整備費,1699,round,total,1
2021,1,10,2,2,4,教科書採択関係費,560,round,total,1
2021,1,10,2,2,5,図書整備,19121,round,total,1
2021,1,10,2,2,6,夏季施設関係費,1712,round,total,1
2021,1,10,2,2,7,移動教室関係費,1416,round,total,1
2021,1,10,2,3,1,特別支援教育就学奨励費,2288,round,total,1
2021,1,10,2,3,2,特別支援学級維持管理費,22517,ceil,total,1
2021,1,10,2,3,3,特別支援教室関係費,1979,round,total,1
2021,1,10,2,4,1,学校保健衛生費,15367,round,total,1
2021,1,10,2,4,2,学校医報償,16890,round,total,1
2021,1,10,2,4,3,検診事業,4907,round,total,1
2021,1,10,2,4,4,災害共済掛金,4382,round,total,1
2021,1,10,2,5,1,人件費,25925,round,total,1
2021,1,10,2,5,2,学校給食費,419128,ceil,total,1
2021,1,10,2,6,1,既存施設改修工事,669367,round,total,1
2021,1,10,3,1,1,人件費,26403,floor,total,1
2021,1,10,3,1,2,学校維持管理費,106149,round,total,1
2021,1,10,3,1,3,学校管理用備品整備,1781,round,total,1
2021,1,10,3,2,1,教育振興費,19029,ceil,total,1
2021,1,10,3,2,2,就学援助,17991,round,total,1
2021,1,10,3,2,3,理科教育等設備整備費,2562,round,total,1
2021,1,10,3,2,4,教科書採択関係費,7600,round,total,1
2021,1,10,3,2,5,図書整備,12821,round,total,1
2021,1,10,3,2,6,移動教室関係費,5404,round,total,1
2021,1,10,3,2,7,修学旅行関係費,4209,round,total,1
2021,1,10,3,2,8,部活動助成,10075,round,total,1
2021,1,10,3,3,1,特別支援教育就学奨励費,1439,round,total,1
2021,1,10,3,3,2,特別支援学級維持管理費,8391,round,total,1
2021,1,10,3,3,3,特別支援教室関係費,461,round,total,1
2021,1,10,3,4,1,学校保健衛生費,12998,round,total,1
2021,1,10,3,4,2,学校医報償,10663,round,total,1
2021,1,10,3,4,3,検診事業,3493,floor,total,1
2021,1,10,3,4,4,災害共済掛金,1616,round,total,1
2021,1,10,3,5,1,人件費,27428,round,total,1
2021,1,10,3,5,2,給食センター管理運営費,53119,round,total,1
2021,1,10,3,5,3,中学校給食費,175896,round,total,1
2021,1,10,3,6,1,既存施設改修工事,374093,round,total,1
2021,1,10,4,1,1,私立幼稚園協会等補助,28638,round,total,1
2021,1,10,4,1,2,私立幼稚園等園児保護者負担軽減,64070,round,total,1
2021,1,10,4,1,3,私立認定こども園等運営費,29178,round,total,1
2021,1,10,4,1,4,子育てのための施設等利用給付,281388,round,total,1
2021,1,10,5,1,1,人件費,182553,round,total,1
2021,1,10,5,1,2,一般事務費,1075,round,total,1
2021,1,10,5,1,3,生涯学習推進関係費,1469,floor,total,1
2021,1,10,5,1,4,放課後子ども教室事業,21278,round,total,1
2021,1,10,5,1,5,社会教育委員関係費,414,round,total,1
2021,1,10,5,1,6,学校開放,3392,round,total,1
2021,1,10,5,1,7,こどもかけこみ１１０番,246,round,total,1
2021,1,10,5,1,8,文化財専門委員関係費,61,round,total,1
2021,1,10,5,1,9,文化財保護関係費,1903,round,total,1
2021,1,10,5,1,10,埋蔵文化財保護関係費,2395,round,total,1
2021,1,10,5,1,11,古民家園管理運営費,12385,round,total,1
2021,1,10,5,1,12,文化財保存事業費補助,290,round,total,1
2021,1,10,5,1,13,地域学校協働活動推進事業,835,round,total,1
2021,1,10,5,1,14,歴史公園維持管理費,3213,round,total,1
2021,1,10,5,2,1,市民センター管理費,5162,round,org_subtotal,2
2021,1,10,5,3,1,西河原公民館管理費,57299,round,total,1
2021,1,10,5,3,2,公民館運営費,26786,ceil,total,1
2021,1,10,5,3,3,少年事業,1576,round,total,1
2021,1,10,5,3,4,青年教室事業,262,round,total,1
2021,1,10,5,3,5,チャレンジ青年学級,239,round,total,1
2021,1,10,5,3,6,成人学習事業,208,round,total,1
2021,1,10,5,3,7,女性セミナー,754,round,total,1
2021,1,10,5,3,8,学習グループ保育,739,round,total,1
2021,1,10,5,3,9,日本語教室事業,386,round,total,1
2021,1,10,5,3,10,市民劇場,653,round,total,1
2021,1,10,5,3,12,図書室,8940,round,total,1
2021,1,10,5,3,13,こまえ市民大学,808,round,total,1
2021,1,10,5,3,14,情報学習事業,1213,round,total,1
2021,1,10,5,3,15,居場所事業,149,round,total,1
2021,1,10,5,4,1,中央図書館運営費,71903,round,total,1
2021,1,10,5,4,2,図書館協議会委員関係費,423,round,total,1
2021,1,10,5,4,3,子ども読書活動推進事業,325,round,total,1
2021,1,10,5,4,4,子ども読書啓発事業ﾌ,3077,round,total,1
2021,1,10,5,4,5,利用支援サービス事業,520,ceil,total,1
2021,1,10,5,4,6,図書館ボランティアﾎ関係費,87,round,total,1
2021,1,10,5,4,7,新図書館整備基本構想検討委員関係費,146,round,total,1
2021,1,10,5,5,1,市民ホール関係費,209052,ceil,org_subtotal,2
2021,1,10,6,1,1,一般事務費,16,round,total,1
2021,1,10,6,1,3,少年少女スポーツ振興,2511,round,total,1
2021,1,10,6,1,4,市民スポーツ大会関係費,3135,round,total,1
2021,1,10,6,1,5,スポーツ推進審議会関係費,61,round,total,1
2021,1,10,6,1,6,市民スポーツ振興費現,10177,round,total,1
2021,1,10,6,2,1,体育施設維持管理費,10924,floor,total,1
2021,1,10,6,2,2,体育施設指定管理業務費,100322,round,total,1
2021,1,10,6,2,3,体育施設新型コロナウイルス感染症対策事業,9000,round,total,1
2021,1,11,1,1,1,長期債償還元金,1614254,ceil,total,1
2021,1,11,1,2,1,長期債，一時借入金償還利子,76492,round,total,1
2021,1,12,1,1,1,財政調整基金費,387661,round,total,1
2021,1,12,1,2,1,減債基金費,1,round,total,1
2022,1,1,1,1,1,人件費,57596,round,total,1
2022,1,1,1,1,2,議会関係費,227715,round,total,1
2022,1,1,1,1,3,一般事務費,20443,round,total,1
2022,1,2,1,1,1,人件費,712012,round,total,1
2022,1,2,1,1,2,一般事務費,12135,round,org_subtotal,2
2022,1,2,1,1,3,表彰関係費,161,round,total,1
2022,1,2,1,1,4,市長の資産等の公開に関する審査会費,34,round,total,1
2022,1,2,1,1,5,行政不服審査及び個人情報保護制度関係費,397,round,total,1
2022,1,2,1,1,6,庁舎維持管理費,175450,round,total,1
2022,1,2,1,1,7,庁用車関係費,592,round,total,1
2022,1,2,1,1,8,職員管理費,638184,round,total,1
2022,1,2,1,1,9,職員健康管理費,17330,round,total,1
2022,1,2,1,1,10,職員福利厚生費,5546,floor,total,1
2022,1,2,1,1,11,職員研修費,9656,floor,total,1
2022,1,2,1,1,12,公務災害関係費,5335,round,total,1
2022,1,2,1,1,13,特別職報酬等審議会費,126,round,total,1
2022,1,2,1,2,1,文書管理関係費,32417,round,total,1
2022,1,2,1,2,2,印刷関係費,4791,round,total,1
2022,1,2,1,3,1,広報関係費,17422,floor,total,1
2022,1,2,1,3,2,ホームページ関係費,2248,round,total,1
2022,1,2,1,3,3,市民相談関係費,2129,round,total,1
2022,1,2,1,4,1,一般事務費,12078,round,total,1
2022,1,2,1,5,1,一般事務費,6653,round,total,1
2022,1,2,1,6,1,財産管理費,1714,round,org_subtotal,2
2022,1,2,1,6,2,公共施設整備基金費,300200,round,total,1
2022,1,2,1,6,3,公共施設修繕基金費,370072,round,total,1
2022,1,2,1,7,1,一般事務費,2324,round,total,1
2022,1,2,1,7,2,憲法・平和都市関係費,62,round,total,1
2022,1,2,1,7,3,国際化推進,450,round,total,1
2022,1,2,1,7,4,男女共同参画施策推進,546,round,total,1
2022,1,2,1,7,5,市民参加と市民協働に関する審議会関係費,575,round,total,1
2022,1,2,1,7,6,市民活動支援センター関係費,38425,round,total,1
2022,1,2,1,7,7,行政評価関係費,1069,round,total,1
2022,1,2,1,7,8,市民公益活動団体補助,47,round,total,1
2022,1,2,1,7,9,人権尊重推進関係費,1569,round,total,1
2022,1,2,1,7,10,市民活動関係費,9276,round,total,1
2022,1,2,1,7,12,市史編さん事業費,14549,round,total,1
2022,1,2,1,7,13,桜まつり関係費,2529,round,total,1
2022,1,2,1,7,14,えきまえ広場関係費,1919,round,total,1
2022,1,2,1,7,15,「絵手紙発祥の地－狛江」推進関係費,2999,round,total,1
2022,1,2,1,7,16,「音楽の街－狛江」推進関係費ｺ,3437,round,total,1
2022,1,2,1,7,17,多摩川流域郷土芸能フェスティバル関係費,1298,round,total,1
2022,1,2,1,7,18,多摩ウェディングプロジェクト関係費踊りを活用した市民交流事業,4314,round,total,1
2022,1,2,1,7,19,「開運なんでも鑑定団ｉｎ狛江」事業関係費,360,round,total,1
2022,1,2,1,7,20,ＤＸ推進関係費,9502,round,total,1
2022,1,2,1,7,22,シティセールス事業関係費,2170,ceil,total,1
2022,1,2,1,7,23,こまえのデザイン．,28343,round,total,1
2022,1,2,1,8,1,計算事務費,243836,round,total,1
2022,1,2,1,8,2,電子自治体推進費,10305,round,total,1
2022,1,2,1,9,1,一般事務費,43,round,total,1
2022,1,2,1,9,2,友好都市交流推進事業関係費,855,round,total,1
2022,1,2,1,9,3,市民まつり関係費,6300,round,total,1
2022,1,2,1,9,4,町会・自治会等関係費,1533,round,total,1
2022,1,2,1,10,1,訴訟関係費,3520,round,total,1
2022,1,2,2,1,1,人件費,216165,round,total,1
2022,1,2,2,1,2,一般事務費,246,round,org_subtotal,2
2022,1,2,2,3,1,固定資産評価審査委員会費,60,round,total,1
2022,1,2,3,1,1,人件費,110663,round,total,1
2022,1,2,3,1,2,一般事務費,86361,ceil,total,1
2022,1,2,3,1,3,人口動態調査,81,round,total,1
2022,1,2,3,1,4,住民基本台帳人口調査,201,round,total,1
2022,1,2,3,1,5,中長期在留者住居地届出等事務,31,round,total,1
2022,1,2,3,1,6,個人番号カード交付事業,47721,round,total,1
2022,1,2,3,1,7,証明書コンビニ交付事業,13593,round,total,1
2022,1,2,3,1,8,議場結婚式関係費,158,round,total,1
2022,1,2,3,1,9,おくやみコーナー,1512,round,total,1
2022,1,2,3,2,1,住居表示関係費,465,round,total,1
2022,1,2,4,1,1,人件費,21849,round,total,1
2022,1,2,4,1,2,選挙管理委員会費,2802,round,total,1
2022,1,2,4,2,1,選挙啓発費,249,round,total,1
2022,1,2,4,3,1,人件費,710,round,total,1
2022,1,2,4,3,2,市長選挙費,27202,round,total,1
2022,1,2,4,4,1,市議会議員補欠選挙費,3194,round,total,1
2022,1,2,4,5,1,人件費,1265,round,total,1
2022,1,2,4,5,2,参議院議員選挙費,41353,round,total,1
2022,1,2,4,6,1,市議会議員選挙費,1711,floor,total,1
2022,1,2,5,1,1,一般事務費,5,round,total,1
2022,1,2,5,2,1,学校基本調査,15,round,total,1
2022,1,2,5,2,2,経済センサス調査区管理,12,round,total,1
2022,1,2,5,2,3,建設工事統計調査,54,round,total,1
2022,1,2,5,2,4,令和４年就業構造基本調査,622,round,total,1
2022,1,2,5,2,5,令和５年住宅・土地統計調査単位区設定,632,round,total,1
2022,1,2,6,1,1,人件費,21210,round,total,1
2022,1,2,6,1,2,監査委員関係費,2285,ceil,total,1
2022,1,3,1,1,1,人件費,398399,round,total,1
2022,1,3,1,1,2,一般事務費,11385,round,org_subtotal,3
2022,1,3,1,1,3,民生委員推せん会費,68,round,total,1
2022,1,3,1,1,4,民生委員，児童委員関係費,11445,round,total,1
2022,1,3,1,1,5,民生委員，児童委員協力員関係費,415,round,total,1
2022,1,3,1,1,6,市民福祉推進委員会関係費,9741,round,total,1
2022,1,3,1,1,7,福祉のまちづくり推進事業,600,round,total,1
2022,1,3,1,1,8,社会福祉協議会,86126,round,org_subtotal,2
2022,1,3,1,1,9,福祉サービス第三者評価事業,2213,round,total,1
2022,1,3,1,1,10,権利擁護事業,22612,round,total,1
2022,1,3,1,1,11,避難行動要支援者支援事業,3642,round,total,1
2022,1,3,1,1,12,地域福祉推進事業補助,500,round,total,1
2022,1,3,1,1,13,社会福祉法人等指導監査等事業,502,round,total,1
2022,1,3,1,1,14,福祉有償運送事業,9226,round,total,1
2022,1,3,1,1,15,重層的支援体制整備事業,54806,round,total,1
2022,1,3,1,1,17,特別弔慰金事務費,1,round,total,1
2022,1,3,1,1,18,保護司費,1173,round,total,1
2022,1,3,1,1,19,行旅病人・死亡人取扱費,991,round,total,1
2022,1,3,1,1,20,緊急援護資金貸付,170,round,total,1
2022,1,3,1,1,21,障害支援区分判定審査会,3028,round,total,1
2022,1,3,1,1,22,地域自立支援協議会関係費,423,round,total,1
2022,1,3,1,1,23,中国残留邦人生活支援事業,7411,ceil,total,1
2022,1,3,1,1,24,受験生チャレンジ支援貸付事業,4983,round,total,1
2022,1,3,1,1,25,生活困窮者自立相談支援事業,85963,round,total,1
2022,1,3,1,1,26,障がい者虐待防止対策事業,5138,round,total,1
2022,1,3,1,1,27,入浴補助事業,550,round,total,1
2022,1,3,1,1,28,ふれあいサロン運営費補助,3000,round,total,1
2022,1,3,1,1,29,障がい者就労・生活支援,24486,round,total,1
2022,1,3,1,1,30,障がい者理解促進・啓発事業,17,round,total,1
2022,1,3,1,1,31,青少年・若者支援事業,2448,round,total,1
2022,1,3,1,1,32,青少年育成委員会事業,774,round,total,1
2022,1,3,1,1,33,青少年委員関係費,1491,round,total,1
2022,1,3,1,1,34,生活困窮者自立支援金,64397,round,total,1
2022,1,3,1,1,35,障がい福祉人材確保対策事業,23,round,total,1
2022,1,3,1,1,36,国民健康保険特別会計繰出,939354,round,total,1
2022,1,3,1,1,37,住民税非課税世帯等に対する臨時特別給付金,488884,round,total,1
2022,1,3,1,1,38,新型コロナウイルス感染症緊急対策社会福祉施設等応援事業,10808,round,total,1
2022,1,3,1,1,39,新型コロナウイルス感染症緊急対策生活応援事業,6088,round,total,1
2022,1,3,1,1,40,電力・ガス・食料品等価格高騰緊急支援給付金,438182,round,total,1
2022,1,3,1,1,41,障がい福祉サービス事業所物価高騰緊急対策事業,5520,round,total,1
2022,1,3,1,1,42,再犯防止推進計画策定関係費,183,round,total,1
2022,1,3,1,2,1,一般事務費,322,round,total,1
2022,1,3,1,2,2,難病者相談設置,30,round,total,1
2022,1,3,1,2,3,身体障がい者相談,93,round,total,1
2022,1,3,1,2,5,心身障がい者福祉手当,146795,round,total,1
2022,1,3,1,2,6,特別障がい者手当等,20428,round,total,1
2022,1,3,1,2,7,難病者福祉手当,43108,round,total,1
2022,1,3,1,2,8,重度脳性マヒ者介護人派遣,945,round,total,1
2022,1,3,1,2,9,障がい者福祉センター,38518,floor,total,1
2022,1,3,1,2,10,重度心身障がい者（児）介護用品費支給,260,round,total,1
2022,1,3,1,2,11,障がい者移送サービス事業,11916,round,total,1
2022,1,3,1,2,12,心身障がい者（児）医療費助成,76,round,total,1
2022,1,3,1,3,1,知的障がい者相談,61,round,total,1
2022,1,3,1,3,3,知的障がい者入所施設整備確保事業,1245,round,total,1
2022,1,3,1,3,4,知的障がい者生活寮,4463,round,total,1
2022,1,3,1,4,1,一般事務費,218,round,total,1
2022,1,3,1,4,2,老人保護措置費,776,round,org_subtotal,2
2022,1,3,1,4,3,虐待防止・見守りﾈネットワーク事業,995,ceil,total,1
2022,1,3,1,4,4,高齢者地域相談事業,21734,round,total,1
2022,1,3,1,4,5,老人福祉センター,3122,round,total,1
2022,1,3,1,4,6,シルバー人材センター運営費助成,43998,round,total,1
2022,1,3,1,4,7,シルバー人材センターを活用した保育人材等確保支援事業,3800,round,total,1
2022,1,3,1,4,8,老人クラブ助成事業,4382,round,total,1
2022,1,3,1,4,9,敬老事業,7941,round,total,1
2022,1,3,1,4,11,高齢者緊急時通報事業,4057,round,total,1
2022,1,3,1,4,12,高齢者配食サービス事業,3178,round,total,1
2022,1,3,1,4,13,高齢者居宅内ごみ出しサポート事業,217,round,total,1
2022,1,3,1,4,14,熱中症予防事業,391,round,total,1
2022,1,3,1,4,15,在宅高齢者等おむつ支給事業,19814,ceil,total,1
2022,1,3,1,4,16,高齢者自立支援日常生活用具給付,385,round,total,1
2022,1,3,1,4,17,理美容サービス事業,559,round,total,1
2022,1,3,1,4,18,生計困難者に対する利用者負担軽減措置事業,319,round,total,1
2022,1,3,1,4,19,認知症理解促進・啓発事業,440,round,total,1
2022,1,3,1,4,20,介護者支援事業,131,round,total,1
2022,1,3,1,4,21,認知症高齢者位置情報提供サービス,516,round,total,1
2022,1,3,1,4,22,介護職員研修受講費助成事業,604,round,total,1
2022,1,3,1,4,23,介護予防活動推進事業,11000,round,total,1
2022,1,3,1,4,24,在宅医療・介護連携事業,6821,round,total,1
2022,1,3,1,4,25,地域包括支援センター,106813,round,total,1
2022,1,3,1,4,26,一般介護予防事業,3400,round,total,1
2022,1,3,1,4,27,後期高齢者医療特別会計繰出,1025594,round,total,1
2022,1,3,1,4,28,介護保険特別会計繰出,1018471,round,total,1
2022,1,3,1,4,29,認知症高齢者グループホーム中整備促進事業,10860,round,total,1
2022,1,3,1,4,31,高齢者物価高騰対策給付金,254601,round,total,1
2022,1,3,1,5,1,人件費,3357,floor,total,1
2022,1,3,1,5,2,国民年金事務費,7058,round,total,1
2022,1,3,1,6,1,地域・地区センター費地,46482,floor,total,1
2022,1,3,1,6,2,地域センター運営協議会助成,64974,round,total,1
2022,1,3,1,7,1,一般事務費,39,ceil,total,1
2022,1,3,1,7,2,居住支援協議会関係費,507,round,total,1
2022,1,3,1,7,3,重度身体障がい者（児）住宅設備改善費給付,180,round,total,1
2022,1,3,1,7,4,高齢者自立支援住宅改修事業,4454,round,total,1
2022,1,3,1,7,5,シルバーピア,4493,round,org_subtotal,2
2022,1,3,1,7,6,住宅等耐震化促進関係費,6801,round,total,1
2022,1,3,1,7,7,空家等対策関係費,357,round,total,1
2022,1,3,1,7,8,都営住宅募集事務,29,round,total,1
2022,1,3,1,7,9,マンション適正管理促進関係費,35,round,total,1
2022,1,3,1,8,1,一般事務費,389,round,org_subtotal,2
2022,1,3,1,8,2,精神保健福祉事業,643,round,total,1
2022,1,3,1,8,3,重度訪問介護利用者大学等修学支援事業,1107,round,total,1
2022,1,3,1,8,4,施設サービス費,776044,round,total,1
2022,1,3,1,8,5,居宅介護（ホームヘルプ）,190490,round,total,1
2022,1,3,1,8,6,短期入所（ショートステイ）,29945,round,total,1
2022,1,3,1,8,7,地域生活援助,255928,round,total,1
2022,1,3,1,8,8,サービス利用計画,30006,round,total,1
2022,1,3,1,8,9,高額障がい者福祉サービス費,11,round,total,1
2022,1,3,1,8,10,自立支援医療給付費（更生医療）,84551,floor,total,1
2022,1,3,1,8,12,補装具費支給事業,14368,round,total,1
2022,1,3,1,8,13,精神障がい者地域生活支援事業,7840,round,total,1
2022,1,3,1,8,14,意思疎通支援事業,1240,round,total,1
2022,1,3,1,8,15,日常生活用具費給付事業,19596,round,total,1
2022,1,3,1,8,16,移動支援費支給事業,21809,round,total,1
2022,1,3,1,8,17,地域活動支援センター事業,28720,round,total,1
2022,1,3,1,8,18,日中一時支援費支給事業,3194,round,total,1
2022,1,3,1,8,19,障がい者訪問入浴サービス,1722,round,total,1
2022,1,3,1,8,20,視覚障がい者情報支援,30,round,total,1
2022,1,3,1,8,22,自動車運転免許取得,165,round,total,1
2022,1,3,1,8,24,重症心身障がい者（児）通所事業,590,round,total,1
2022,1,3,1,8,25,重度障がい者通所施設支援事業,2000,round,total,1
2022,1,3,1,8,26,障がい者日中活動系サービス推進事業,49637,round,total,1
2022,1,3,1,8,28,重症心身障がい児（者）在宅レスパイト事業,142,round,total,1
2022,1,3,1,8,29,障がい福祉サービス事業者等支援事業,600,round,total,1
2022,1,3,2,1,1,人件費,199134,round,total,1
2022,1,3,2,1,2,一般事務費,360,floor,org_subtotal,1
2022,1,3,2,1,3,障がい児支援事業,361889,round,org_subtotal,2
2022,1,3,2,1,4,障がい児通所施設等支援事業,5040,round,total,1
2022,1,3,2,1,5,児童育成手当,108929,round,total,1
2022,1,3,2,1,6,児童手当,1021667,round,total,1
2022,1,3,2,1,7,児童扶養手当,143582,round,total,1
2022,1,3,2,1,8,みんなで子育て事業ｵ,1593,floor,total,1
2022,1,3,2,1,9,子育てサイト事業ｱ,2781,floor,total,1
2022,1,3,2,1,10,子ども・若者・子育て会議関係費,392,round,total,1
2022,1,3,2,1,11,地域課題解決型子ども議会事業ﾜｰ,1748,round,total,1
2022,1,3,2,1,12,プレーパーク,7931,round,total,1
2022,1,3,2,1,13,自主保育支援,128,round,total,1
2022,1,3,2,1,14,要保護児童対策事業,7121,round,total,1
2022,1,3,2,1,15,子育て世帯への臨時特別給付（先行給付金）,1750,round,total,1
2022,1,3,2,1,16,子育て世帯への臨時特別給付（追加分）,1750,round,total,1
2022,1,3,2,1,17,子育て世帯への臨時特別給付（支援給付金）,877,round,total,1
2022,1,3,2,1,18,子育て世帯緊急対策応援事業,271320,round,total,1
2022,1,3,2,1,19,子育て世帯家事応援事業,21600,floor,total,1
2022,1,3,2,1,20,低所得の子育て世帯に対する子育て世帯生活支援特別給付金1,55138,round,total,1
2022,1,3,2,2,2,ひとり親家庭等医療費助成,17473,round,total,1
2022,1,3,2,2,3,乳幼児医療費助成,165576,round,total,1
2022,1,3,2,2,4,義務教育就学児医療費助成,139824,round,total,1
2022,1,3,2,2,5,高校生世代医療費助成,580,round,total,1
2022,1,3,2,2,7,ひとり親家庭等生活支援事業,22731,round,total,1
2022,1,3,2,2,8,養育費受け取り支援事業,134,round,total,1
2022,1,3,2,2,9,保育所等児童運営費,3356244,round,total,1
2022,1,3,2,2,10,保育施設等利用児童保護者負担軽減,29655,round,total,1
2022,1,3,2,2,11,子ども家庭在宅サービス事業費,4752,round,total,1
2022,1,3,2,2,12,新型コロナウイルス感染症緊急対策保育所等応援事業,13000,round,total,1
2022,1,3,2,2,13,高校生等医療費助成,12759,round,total,1
2022,1,3,2,2,14,保育所等物価高騰緊急対策事業,1,round,org_subtotal,2
2022,1,3,2,3,1,子育て・教育支援複合施設関係費,20463,round,total,1
2022,1,3,2,3,2,子ども家庭支援センター事業運営費,61532,round,total,1
2022,1,3,2,4,1,人件費,557049,round,total,1
2022,1,3,2,4,2,病児・病後児保育,8273,round,total,1
2022,1,3,2,4,3,保育園維持管理費,306571,ceil,total,1
2022,1,3,2,5,1,人件費,48657,round,total,1
2022,1,3,2,5,2,学童保育所維持管理費,43613,round,total,1
2022,1,3,2,5,3,放課後クラブ,90068,round,total,1
2022,1,3,2,5,4,こどもクラブ,16051,round,total,1
2022,1,3,2,6,1,児童館関係費,235662,round,total,1
2022,1,3,3,1,1,人件費,122478,round,total,1
2022,1,3,3,1,2,一般事務費,49829,round,total,1
2022,1,3,3,2,1,生活保護費,2236453,round,total,1
2022,1,4,1,1,1,人件費,105580,ceil,total,1
2022,1,4,1,1,2,一般事務費,13529,round,total,1
2022,1,4,1,1,3,あいとぴあセンター管理運営費,88418,round,total,1
2022,1,4,1,1,4,健康づくり推進協議会関係費,245,round,total,1
2022,1,4,1,1,5,健康診査,64714,round,total,1
2022,1,4,1,1,6,がん検診,75447,ceil,total,1
2022,1,4,1,1,7,健康教育,1502,round,total,1
2022,1,4,1,1,8,母子保健事業関係費,100304,round,total,1
2022,1,4,1,1,9,使用済み注射針回収事業補助,400,round,total,1
2022,1,4,1,1,10,食育推進事業,481,round,total,1
2022,1,4,1,1,11,養育医療,5813,round,total,1
2022,1,4,1,1,12,災害医療コーディネーター関係費ｨ,2594,round,total,1
2022,1,4,1,1,13,健康ポイント関係費,607,round,total,1
2022,1,4,1,1,14,専用水道事務等事務委託費,677,round,total,1
2022,1,4,1,1,15,自殺対策関係費,81,round,total,1
2022,1,4,1,1,16,新型コロナウイルス感染症自宅療養者医療支援事業,3718,round,total,1
2022,1,4,1,2,1,予防接種,292582,round,total,1
2022,1,4,1,2,2,結核検診,15,round,total,1
2022,1,4,1,2,4,休日診療所等関係費,36234,round,total,1
2022,1,4,1,2,5,健康増進,7009,round,total,1
2022,1,4,1,2,6,狂犬病予防,976,round,total,1
2022,1,4,1,2,7,小児初期救急平日準夜間診療事業,2568,round,total,1
2022,1,4,1,2,8,飼い主のいない猫の不妊去勢手術費助成事業,114,round,total,1
2022,1,4,1,2,9,新型コロナ予防接種,489139,round,total,1
2022,1,4,1,2,10,新型コロナウイルス感染症予防,20,round,org_subtotal,2
2022,1,4,1,3,1,環境美化推進事業,3965,round,total,1
2022,1,4,1,4,1,人件費,32862,floor,total,1
2022,1,4,1,4,2,公害対策費,2331,round,total,1
2022,1,4,1,4,3,環境学習,861,round,total,1
2022,1,4,1,4,4,環境保全実施計画推進,3859,round,total,1
2022,1,4,1,4,5,地球温暖化対策関連事業,15322,round,total,1
2022,1,4,1,4,6,ＰＣＢ含有物処理費,1445,round,total,1
2022,1,4,1,4,7,小学生環境サミット,433,round,total,1
2022,1,4,1,5,1,人件費,91434,round,total,1
2022,1,4,1,5,2,一般事務費,1233,round,total,1
2022,1,4,1,5,3,自然保護費,9552,round,total,1
2022,1,4,1,5,4,緑化推進,870,round,total,1
2022,1,4,1,5,5,水辺の楽校推進,593,round,total,1
2022,1,4,1,5,6,生物多様性保全事業,2171,round,total,1
2022,1,4,2,1,1,人件費,51774,round,total,1
2022,1,4,2,1,2,一般事務費,2623,round,total,1
2022,1,4,2,1,3,清掃施設整備基金費,50163,round,total,1
2022,1,4,2,2,1,一般事務費,870,round,total,1
2022,1,4,2,2,2,塵芥処理費,178440,round,total,1
2022,1,4,2,2,3,不燃ごみ，資源物，粗大ごみ処理費,300586,round,total,1
2022,1,4,2,2,4,ごみ減量対策費,102100,round,total,1
2022,1,4,2,2,5,組合維持管理費,445886,round,total,1
2022,1,4,2,2,6,使用済小型家電リサイクル関係費,2339,round,total,1
2022,1,4,2,3,1,し尿処理費,3564,round,total,1
2022,1,4,2,3,2,多摩川衛生組合維持管理費,3707,round,total,1
2022,1,4,2,4,1,リサイクルセンター維持管理費,18606,round,total,1
2022,1,4,2,4,2,リサイクルセンター事業費,51672,round,total,1
2022,1,4,2,4,3,ストックヤード維持管理費,119,round,total,1
2022,1,5,2,1,1,勤労者互助会関係費,3245,round,total,1
2022,1,6,1,1,1,農業委員会関係費,5878,round,total,1
2022,1,6,1,2,1,人件費,12693,round,total,1
2022,1,6,1,2,2,一般事務費,85,round,total,1
2022,1,6,1,3,1,一般事務費,11,round,total,1
2022,1,6,1,3,2,農業振興関係費,15392,round,total,1
2022,1,6,1,4,1,市民農園関係費,15784,round,total,1
2022,1,7,1,1,1,人件費,53725,round,total,1
2022,1,7,1,1,2,一般事務費,1863,floor,total,1
2022,1,7,1,2,1,中小企業者事業資金融資あっ旋等関係費,5115,round,total,1
2022,1,7,1,2,2,商工振興補助,12489,round,total,1
2022,1,7,1,2,3,就労・創業支援事業,6192,round,total,1
2022,1,7,1,2,4,商店街チャレンジ戦略支援事業費補助,1714,round,total,1
2022,1,7,1,2,5,プレミアム付商品券事業,111507,round,total,1
2022,1,7,1,2,8,中小企業者緊急対策応援事業,16138,round,total,1
2022,1,7,1,3,1,消費経済対策費,6426,round,total,1
2022,1,7,1,4,1,観光協会補助,3555,round,total,1
2022,1,8,1,1,1,人件費,124787,round,total,1
2022,1,8,1,1,2,一般事務費,68,round,org_subtotal,3
2022,1,8,1,1,3,土地開発公社運営関係費,232,floor,total,1
2022,1,8,2,2,1,道路維持費,100228,round,org_subtotal,2
2022,1,8,2,3,1,道路新設改良費,60644,round,total,1
2022,1,8,2,3,2,市道３２号線（八幡通り）整備事業,48690,round,total,1
2022,1,8,2,3,3,ぽかぽか広場関係費,75868,round,total,1
2022,1,8,2,4,1,街路灯維持管理費,32991,round,total,1
2022,1,8,2,5,1,交通安全対策費,3185,round,total,1
2022,1,8,2,5,2,自転車整理関係費,18551,round,total,1
2022,1,8,2,5,3,交通安全施設整備費,15090,round,total,1
2022,1,8,3,1,1,河川維持改修費,968,round,total,1
2022,1,8,3,1,2,河川環境整備費,650,ceil,total,1
2022,1,8,3,1,3,多摩川河川敷環境保全事業,10691,round,total,1
2022,1,8,3,1,4,多摩川利活用推進,6615,round,total,1
2022,1,8,4,1,1,人件費,203734,floor,total,1
2022,1,8,4,1,2,一般事務費,3182,round,total,1
2022,1,8,4,1,3,都市計画審議会関係費,468,round,total,1
2022,1,8,4,1,4,協働まちづくり関係費,597,round,total,1
2022,1,8,4,1,5,地区計画関係費,16570,round,total,1
2022,1,8,4,1,6,和泉多摩川緑地都立公園化公整備推進関係費,76,round,total,1
2022,1,8,4,1,7,都市計画マスタープラン等関係費都,8911,round,total,1
2022,1,8,4,1,8,コミュニティバス関係費,20206,round,total,1
2022,1,8,4,1,9,都市計画関係費,15317,round,total,1
2022,1,8,4,1,10,都市計画事業基金費,350004,round,total,1
2022,1,8,4,2,1,駐車場事業特別会計繰出,268278,round,total,1
2022,1,8,4,3,1,調布都市計画道路３・４・１６号線整備費（電中研前）,1276,round,total,1
2022,1,8,4,3,2,調布都市計画道路３・４・１６号線整備費(（岩戸北区間）,243804,round,total,1
2022,1,8,4,4,1,都市公園維持管理費,175430,round,total,1
2022,1,8,4,4,2,弁財天池緑地管理費,4810,round,total,1
2022,1,8,4,4,3,自主管理公園費,1337,round,total,1
2022,1,8,4,4,4,「花いっぱいエリア」事業,146,round,org_subtotal,2
2022,1,8,4,4,5,都市計画公園整備費,5617,round,total,1
2022,1,8,4,4,6,緑化基金費,13089,round,total,1
2022,1,8,4,4,7,（仮称）駒井公園整備事業,79940,round,total,1
2022,1,8,4,5,1,下水道事業会計繰出,441253,round,total,1
2022,1,9,1,1,1,常備消防事務委託費,1045228,round,total,1
2022,1,9,1,2,1,分団関係費,38585,round,total,1
2022,1,9,1,2,2,消防施設維持管理費,50339,round,total,1
2022,1,9,1,2,3,消防団の力向上モデル事業,807,round,total,1
2022,1,9,1,4,2,災害対策関係費,76984,round,total,1
2022,1,9,1,4,3,国民保護関係費,646,round,total,1
2022,1,9,1,4,4,災害見舞金,100,round,total,1
2022,1,9,1,4,5,電柱に想定浸水深の位置を表示するプロジェクト,181,round,total,1
2022,1,10,1,1,1,委員会関係費,4131,round,total,1
2022,1,10,1,2,1,人件費,148893,round,total,1
2022,1,10,1,2,2,一般事務費,2011,round,org_subtotal,3
2022,1,10,1,2,3,教育広報関係費,2825,round,total,1
2022,1,10,1,2,4,奨学金支給事務,2968,round,total,1
2022,1,10,1,2,5,西和泉体育館，西和泉グランド維持管理費,3610,round,total,1
2022,1,10,1,2,6,学校安全対策費,8552,round,total,1
2022,1,10,1,2,7,教職員給与支給事務,61,round,total,1
2022,1,10,1,2,8,コミュニティ・スクール,2518,round,total,1
2022,1,10,1,3,1,就学事務費,4709,round,org_subtotal,2
2022,1,10,1,3,2,就学相談関係費,8765,round,total,1
2022,1,10,1,3,3,特別支援教育支援員,4109,round,total,1
2022,1,10,1,3,4,指導一般事務費,23033,round,org_subtotal,2
2022,1,10,1,3,5,教育相談関係費,20783,round,total,1
2022,1,10,1,3,6,不登校対策支援,18391,round,total,1
2022,1,10,1,3,7,特別支援教育推進,113,round,org_subtotal,2
2022,1,10,1,3,8,プール指導員配置,15,round,org_subtotal,1
2022,1,10,1,3,9,学校と家庭の連携推進,2920,round,total,1
2022,1,10,1,3,10,教職員福利厚生費,7468,round,total,1
2022,1,10,1,3,11,教育支援センター関係費,1504,round,org_subtotal,2
2022,1,10,1,3,12,講師派遣,12680,round,total,1
2022,1,10,1,3,13,ティーチングアシスタント,639,round,total,1
2022,1,10,1,3,14,教育研究推進,3709,round,total,1
2022,1,10,1,3,15,地域交流推進,554,round,total,1
2022,1,10,1,3,16,副読本関係費,3125,round,total,1
2022,1,10,1,3,17,連合行事・音楽鑑賞関係費,2836,round,total,1
2022,1,10,1,3,18,児童・生徒健全育成,520,round,total,1
2022,1,10,1,3,19,国際理解教育促進,13163,round,total,1
2022,1,10,1,3,20,情報教育推進費,203281,round,total,1
2022,1,10,1,3,22,学力向上推進,774,round,total,1
2022,1,10,1,3,23,指導事業,376,round,total,1
2022,1,10,1,3,24,児童・生徒の実態把握Wに係る調査,6582,round,total,1
2022,1,10,1,3,25,小中連携の更なる推進,12,round,total,1
2022,1,10,1,3,26,学校運営改善・発展のための事業,298,round,total,1
2022,1,10,1,3,27,オリンピック・パラリンピックｱ教育推進,5796,round,total,1
2022,1,10,1,3,28,いじめ問題等対策推進,18,round,total,1
2022,1,10,1,3,29,主権者教育推進,240,round,total,1
2022,1,10,1,3,30,笑育,2156,round,total,1
2022,1,10,1,3,31,授業改善推進拠点校事業,393,round,total,1
2022,1,10,1,3,32,社会の力活用事業,597,round,total,1
2022,1,10,1,3,33,特別支援教育に関する実践研究充実事業,2802,round,total,1
2022,1,10,2,1,1,学校維持管理費,291815,round,total,1
2022,1,10,2,1,2,学校管理用備品整備,9611,round,total,1
2022,1,10,2,2,1,教育振興費,27664,round,total,1
2022,1,10,2,2,2,就学援助,18064,round,total,1
2022,1,10,2,2,3,理科教育等設備整備費,1664,round,total,1
2022,1,10,2,2,5,図書整備,18349,floor,total,1
2022,1,10,2,2,6,遠足・集団宿泊的行事,9082,round,total,1
2022,1,10,2,3,1,特別支援教育就学奨励費,2501,round,total,1
2022,1,10,2,3,2,特別支援学級維持管理費,23820,round,total,1
2022,1,10,2,3,3,特別支援教室関係費,2187,round,total,1
2022,1,10,2,4,1,学校保健衛生費,16187,round,total,1
2022,1,10,2,4,2,学校医報償,16902,round,total,1
2022,1,10,2,4,3,検診事業,5030,round,total,1
2022,1,10,2,4,4,災害共済掛金,4477,round,total,1
2022,1,10,2,5,1,人件費,26518,round,total,1
2022,1,10,2,5,2,学校給食費,434758,round,total,1
2022,1,10,2,6,1,既存施設改修工事,355688,round,total,1
2022,1,10,3,1,1,人件費,23598,round,total,1
2022,1,10,3,1,2,学校維持管理費,144744,round,total,1
2022,1,10,3,1,3,学校管理用備品整備,2964,round,total,1
2022,1,10,3,2,1,教育振興費,17942,round,total,1
2022,1,10,3,2,2,就学援助,18374,round,total,1
2022,1,10,3,2,3,理科教育等設備整備費,2693,round,total,1
2022,1,10,3,2,4,教科書採択関係費,27,round,total,1
2022,1,10,3,2,5,図書整備,12805,round,total,1
2022,1,10,3,2,6,部活動助成,9807,round,total,1
2022,1,10,3,2,7,旅行・集団宿泊的行事,9622,round,total,1
2022,1,10,3,3,1,特別支援教育就学奨励費,1810,round,total,1
2022,1,10,3,3,2,特別支援学級維持管理費,12787,ceil,total,1
2022,1,10,3,3,3,特別支援教室関係費,306,round,total,1
2022,1,10,3,4,1,学校保健衛生費,6934,round,total,1
2022,1,10,3,4,2,学校医報償,10677,round,total,1
2022,1,10,3,4,3,検診事業,3494,round,total,1
2022,1,10,3,4,4,災害共済掛金,1683,round,total,1
2022,1,10,3,5,1,人件費,26622,round,total,1
2022,1,10,3,5,2,給食センター管理運営費,36554,round,total,1
2022,1,10,3,5,3,中学校給食費,184102,floor,total,1
2022,1,10,3,6,1,既存施設改修工事,181663,round,total,1
2022,1,10,4,1,1,私立幼稚園協会等補助,24965,round,total,1
2022,1,10,4,1,2,私立幼稚園等園児保護者負担軽減,12999,round,total,1
2022,1,10,4,1,3,私立認定こども園等運営費,32347,round,total,1
2022,1,10,4,1,4,子育てのための施設等利用給付,310701,ceil,total,1
2022,1,10,5,1,1,人件費,186519,round,total,1
2022,1,10,5,1,2,一般事務費,859,round,total,1
2022,1,10,5,1,3,放課後子ども教室事業,23511,round,total,1
2022,1,10,5,1,4,社会教育委員関係費,461,round,total,1
2022,1,10,5,1,5,学校開放,6440,round,total,1
2022,1,10,5,1,6,こどもかけこみ１１０番,246,round,total,1
2022,1,10,5,1,7,文化財専門委員関係費,83,round,total,1
2022,1,10,5,1,8,文化財保護関係費,3906,round,total,1
2022,1,10,5,1,9,埋蔵文化財保護関係費,19307,round,total,1
2022,1,10,5,1,10,古民家園管理運営費,34902,round,total,1
2022,1,10,5,1,11,文化財保存事業費補助,300,round,total,1
2022,1,10,5,1,12,地域学校協働活動推進事業,792,round,total,1
2022,1,10,5,1,13,歴史公園維持管理費,2655,round,total,1
2022,1,10,5,2,1,市民センター管理費,30728,round,org_subtotal,2
2022,1,10,5,3,1,西河原公民館管理費,58343,round,total,1
2022,1,10,5,3,2,公民館運営費,28048,round,total,1
2022,1,10,5,3,3,子ども・若者事業,1804,round,total,1
2022,1,10,5,3,4,チャレンジ学級,521,round,total,1
2022,1,10,5,3,5,成人学習事業,366,round,total,1
2022,1,10,5,3,6,子育てセミナー,685,round,total,1
2022,1,10,5,3,7,学習グループ保育,650,round,total,1
2022,1,10,5,3,8,日本語教室事業,496,round,total,1
2022,1,10,5,3,9,市民劇場,507,round,total,1
2022,1,10,5,3,10,公民館交流事業,207,round,total,1
2022,1,10,5,3,11,図書室,9129,round,total,1
2022,1,10,5,3,12,こまえ市民大学,1078,round,total,1
2022,1,10,5,3,13,情報学習事業,1087,round,total,1
2022,1,10,5,3,14,居場所事業,371,round,total,1
2022,1,10,5,4,1,中央図書館運営費,70847,round,total,1
2022,1,10,5,4,2,図書館協議会委員関係費,355,round,total,1
2022,1,10,5,4,3,子ども読書活動推進事業,619,round,total,1
2022,1,10,5,4,4,子ども読書啓発事業ﾌ,2673,round,total,1
2022,1,10,5,4,5,利用支援サービス事業,561,round,total,1
2022,1,10,5,4,6,図書館ボランティアﾎ関係費,121,floor,total,1
2022,1,10,5,4,7,新図書館整備基本構想検討委員関係費,156,round,total,1
2022,1,10,5,4,8,新図書館整備関係費,4400,round,total,1
2022,1,10,5,5,1,市民ホール関係費,608157,round,org_subtotal,2
2022,1,10,6,1,1,一般事務費,420,round,total,1
2022,1,10,6,1,2,スポーツ推進委員関係費,2448,round,total,1
2022,1,10,6,1,3,少年少女スポーツ振興,1564,round,total,1
2022,1,10,6,1,4,市民スポーツ大会関係費市,2526,round,total,1
2022,1,10,6,1,5,スポーツ推進審議会関係費,62,ceil,total,1
2022,1,10,6,1,6,市民スポーツ振興費,10166,round,total,1
2022,1,10,6,2,1,体育施設維持管理費,20726,round,total,1
2022,1,10,6,2,2,体育施設指定管理業務費,121843,floor,total,1
2022,1,11,1,1,1,長期債償還元金,1588115,round,total,1
2022,1,11,1,2,1,長期債，一時借入金償還利子,60865,floor,total,1
2022,1,12,1,1,1,財政調整基金費,648984,round,total,1
2022,1,12,1,2,1,減債基金費,1,round,total,1
2023,1,1,1,1,1,人件費,56482,round,total,1
2023,1,1,1,1,2,議会関係費,231573,round,total,1
2023,1,1,1,1,3,一般事務費,22634,round,total,1
2023,1,2,1,1,1,人件費,737560,round,total,1
2023,1,2,1,1,2,一般事務費,12932,round,org_subtotal,5
2023,1,2,1,1,3,表彰関係費,109,round,total,1
2023,1,2,1,1,5,行政不服審査及び個人情報保護制度関係費,1222,round,total,1
2023,1,2,1,1,6,庁舎維持管理費,153638,round,total,1
2023,1,2,1,1,7,庁用車関係費,1060,round,total,1
2023,1,2,1,1,8,職員管理費,557348,round,total,1
2023,1,2,1,1,9,職員健康管理費,18508,round,total,1
2023,1,2,1,1,10,職員福利厚生費,5431,round,total,1
2023,1,2,1,1,11,職員研修費,9458,ceil,total,1
2023,1,2,1,1,12,公務災害関係費,5450,round,total,1
2023,1,2,1,2,1,文書管理関係費,29475,round,total,1
2023,1,2,1,2,2,印刷関係費,5007,round,total,1
2023,1,2,1,3,1,広報関係費,19816,round,total,1
2023,1,2,1,3,2,ホームページ関係費ﾄ,2248,round,total,1
2023,1,2,1,3,3,市民相談関係費,1955,round,total,1
2023,1,2,1,4,1,一般事務費,11728,ceil,total,1
2023,1,2,1,5,1,一般事務費,14085,round,total,1
2023,1,2,1,6,1,財産管理費,2070,round,org_subtotal,2
2023,1,2,1,6,2,高架下施設関係費,1100,round,total,1
2023,1,2,1,6,3,公共施設整備基金費,200560,round,total,1
2023,1,2,1,6,4,公共施設修繕基金費,400073,round,total,1
2023,1,2,1,7,1,一般事務費,1812,round,total,1
2023,1,2,1,7,2,シティセールス事業関係費,2284,round,total,1
2023,1,2,1,7,3,憲法・平和都市関係費,31,round,total,1
2023,1,2,1,7,4,多文化共生推進,557,round,total,1
2023,1,2,1,7,5,男女共同参画施策推進,1202,round,total,1
2023,1,2,1,7,6,市民参加と市民協働に関する審議会関係費,555,round,total,1
2023,1,2,1,7,7,市民活動支援センター関係費,38647,round,total,1
2023,1,2,1,7,8,行政評価関係費,978,ceil,total,1
2023,1,2,1,7,9,市民公益活動団体補助,608,round,total,1
2023,1,2,1,7,10,人権尊重推進関係費,1747,round,total,1
2023,1,2,1,7,11,市民活動関係費,10256,round,total,1
2023,1,2,1,7,12,多摩マッチングプロジェクト関係費,4247,round,total,1
2023,1,2,1,7,13,基本計画策定関係費,973,round,total,1
2023,1,2,1,7,14,旧第四小学校跡地利活用関係費,2525,round,total,1
2023,1,2,1,7,15,こまえのデザイン．,15172,round,total,1
2023,1,2,1,7,16,ＤＸ推進関係費,60493,round,total,1
2023,1,2,1,7,17,桜まつり関係費,2707,round,total,1
2023,1,2,1,7,18,えきまえ広場関係費,1528,round,total,1
2023,1,2,1,7,19,「絵手紙発祥の地－狛江」推進関係費,2942,round,total,1
2023,1,2,1,7,20,「音楽の街－狛江」推進関係費ｺ,4300,round,total,1
2023,1,2,1,7,21,多摩川流域郷土芸能フェスティバル関係費,593,round,total,1
2023,1,2,1,8,1,計算事務費,252523,round,total,1
2023,1,2,1,8,2,電子自治体推進費,10305,round,total,1
2023,1,2,1,9,1,一般事務費,1019,round,total,1
2023,1,2,1,9,2,友好都市交流推進事業関係費地,2154,round,total,1
2023,1,2,1,9,3,市民まつり関係費,6600,round,total,1
2023,1,2,1,9,4,町会・自治会等関係費,2348,round,total,1
2023,1,2,1,10,1,訴訟関係費,1320,round,total,1
2023,1,2,2,1,1,人件費,217286,round,total,1
2023,1,2,2,1,2,一般事務費,258,ceil,org_subtotal,2
2023,1,2,2,2,1,一般事務費,63877,round,org_subtotal,2
2023,1,2,2,3,1,固定資産評価審査委員会費,47,round,total,1
2023,1,2,3,1,1,人件費,115692,ceil,total,1
2023,1,2,3,1,2,一般事務費,81321,ceil,total,1
2023,1,2,3,1,3,人口動態調査,82,round,total,1
2023,1,2,3,1,4,住民基本台帳人口調査,200,round,total,1
2023,1,2,3,1,5,中長期在留者住居地届出等事務,52,round,total,1
2023,1,2,3,1,6,個人番号カード交付事業,28565,round,total,1
2023,1,2,3,1,7,証明書コンビニ交付事業,14365,round,total,1
2023,1,2,3,1,8,議場結婚式関係費,75,round,total,1
2023,1,2,3,1,9,おくやみコーナー,1476,round,total,1
2023,1,2,3,2,1,住居表示関係費,602,round,total,1
2023,1,2,4,1,1,人件費,21227,round,total,1
2023,1,2,4,1,2,選挙管理委員会費,3921,round,total,1
2023,1,2,4,2,1,選挙啓発費,141,round,total,1
2023,1,2,4,3,1,人件費,767,round,total,1
2023,1,2,4,3,2,市議会議員選挙費,50915,round,total,1
2023,1,2,5,1,1,一般事務費,5,round,total,1
2023,1,2,5,2,1,学校基本調査,15,round,total,1
2023,1,2,5,2,2,経済センサス調査区管理,12,round,total,1
2023,1,2,5,2,3,建設工事統計調査,51,round,total,1
2023,1,2,5,2,4,令和５年住宅・土地統計調査,5984,round,total,1
2023,1,2,5,2,7,統計調査員確保対策,18,round,total,1
2023,1,2,6,1,1,人件費,21904,round,total,1
2023,1,2,6,1,2,監査委員関係費,2572,round,total,1
2023,1,3,1,1,1,人件費,415926,round,total,1
2023,1,3,1,1,2,一般事務費,2032,round,org_subtotal,1
2023,1,3,1,1,3,民生委員推せん会費,31,round,total,1
2023,1,3,1,1,4,民生委員、児童委員関係費,11972,floor,total,1
2023,1,3,1,1,5,民生委員、児童委員協力員関係費,480,round,total,1
2023,1,3,1,1,6,市民福祉推進委員会関係費,11961,round,total,1
2023,1,3,1,1,7,福祉のまちづくり推進事業,138,round,total,1
2023,1,3,1,1,8,社会福祉協議会,90526,round,org_subtotal,2
2023,1,3,1,1,9,福祉サービス第三者評価事業,1787,round,total,1
2023,1,3,1,1,10,権利擁護事業,23091,round,total,1
2023,1,3,1,1,11,避難行動要支援者支援事業,3467,round,total,1
2023,1,3,1,1,13,社会福祉法人等指導監査等事業,405,round,total,1
2023,1,3,1,1,14,福祉有償運送事業,11199,round,total,1
2023,1,3,1,1,15,重層的支援体制整備事業,23689,round,total,1
2023,1,3,1,1,17,特別弔慰金事務費,1,round,total,1
2023,1,3,1,1,18,保護司費,1322,round,total,1
2023,1,3,1,1,19,多世代・多機能型交流拠点運営費,16655,round,total,1
2023,1,3,1,1,20,再犯防止推進計画策定関係費,2021,round,total,1
2023,1,3,1,1,21,行旅病人・死亡人取扱費,620,round,total,1
2023,1,3,1,1,22,緊急援護資金貸付,85,round,total,1
2023,1,3,1,1,23,障害支援区分判定審査会,3010,round,total,1
2023,1,3,1,1,24,地域自立支援協議会関係費,469,round,total,1
2023,1,3,1,1,25,中国残留邦人生活支援事業,10556,round,total,1
2023,1,3,1,1,26,受験生チャレンジ支援貸付事業,7333,round,total,1
2023,1,3,1,1,27,生活困窮者自立相談支援事業,74744,round,total,1
2023,1,3,1,1,28,障がい者虐待防止対策事業,4817,round,total,1
2023,1,3,1,1,29,入浴補助事業,494,round,total,1
2023,1,3,1,1,30,ふれあいサロン運営費補助,2850,round,total,1
2023,1,3,1,1,31,障がい者就労・生活支援,24764,round,total,1
2023,1,3,1,1,32,障がい者理解促進・啓発事業,310,round,total,1
2023,1,3,1,1,33,障がい福祉人材確保対策事業,12,floor,total,1
2023,1,3,1,1,34,青少年・若者支援事業,3889,round,total,1
2023,1,3,1,1,35,青少年育成委員会事業,836,round,total,1
2023,1,3,1,1,36,青少年委員関係費,1222,round,total,1
2023,1,3,1,1,37,国民健康保険特別会計繰出,1126789,round,total,1
2023,1,3,1,1,38,住民税非課税世帯特別給付金,304810,round,total,1
2023,1,3,1,1,39,住民税非課税世帯特別給付金（追加的給付）,630328,round,total,1
2023,1,3,1,1,40,物価高騰対応生活応援給付金,77688,round,total,1
2023,1,3,1,2,1,一般事務費,330,round,total,1
2023,1,3,1,2,2,難病者相談設置,30,round,total,1
2023,1,3,1,2,3,身体障がい者相談,90,round,total,1
2023,1,3,1,2,5,心身障がい者福祉手当,142573,round,total,1
2023,1,3,1,2,6,特別障がい者手当等,20956,round,total,1
2023,1,3,1,2,7,難病者福祉手当,43347,round,total,1
2023,1,3,1,2,8,重度脳性マヒ者介護人派遣,945,round,total,1
2023,1,3,1,2,9,障がい者福祉センター,35930,floor,total,1
2023,1,3,1,2,10,重度心身障がい者（児）介護用品費支給,267,round,total,1
2023,1,3,1,2,11,障がい者移送サービス事業,11907,round,total,1
2023,1,3,1,2,12,心身障がい者（児）医療費助成,90,round,total,1
2023,1,3,1,3,1,知的障がい者相談,60,round,total,1
2023,1,3,1,3,3,知的障がい者生活寮,5079,round,total,1
2023,1,3,1,4,1,一般事務費,236,round,total,1
2023,1,3,1,4,2,認知症高齢者グループホーム中整備促進事業,114192,round,total,1
2023,1,3,1,4,3,老人保護措置費,636,round,org_subtotal,2
2023,1,3,1,4,4,虐待防止・見守りﾈネットワーク事業,904,round,total,1
2023,1,3,1,4,5,高齢者地域相談事業,21923,round,total,1
2023,1,3,1,4,6,老人福祉センター,3043,round,total,1
2023,1,3,1,4,7,シルバー人材センター運営費助成,50144,round,total,1
2023,1,3,1,4,8,老人クラブ助成事業,4522,round,total,1
2023,1,3,1,4,9,敬老事業,8085,round,total,1
2023,1,3,1,4,10,高齢者週間行事,2238,round,total,1
2023,1,3,1,4,11,高齢者緊急時通報事業,4093,round,total,1
2023,1,3,1,4,12,高齢者居宅内ごみ出しサポート事業,413,round,total,1
2023,1,3,1,4,13,熱中症予防事業,487,round,total,1
2023,1,3,1,4,14,在宅高齢者等おむつ支給事業,23357,round,total,1
2023,1,3,1,4,15,高齢者自立支援日常生活用具給付,298,round,total,1
2023,1,3,1,4,16,理美容サービス事業,676,round,total,1
2023,1,3,1,4,17,生計困難者に対する利用者負担軽減措置事業,629,round,total,1
2023,1,3,1,4,18,認知症理解促進・啓発事業,451,round,total,1
2023,1,3,1,4,19,介護者支援事業,239,round,total,1
2023,1,3,1,4,20,認知症高齢者位置情報提供サービス,406,round,total,1
2023,1,3,1,4,21,介護職員研修受講費助成事業,1024,round,total,1
2023,1,3,1,4,22,介護予防活動推進事業,11000,round,total,1
2023,1,3,1,4,23,在宅医療・介護連携事業,6762,round,total,1
2023,1,3,1,4,24,地域包括支援センター,107950,round,total,1
2023,1,3,1,4,25,地域介護予防活動支援事業,1986,round,total,1
2023,1,3,1,4,26,高齢者就労的活動マッチング事業,25,round,total,1
2023,1,3,1,4,27,高齢者交流促進事業,403,round,total,1
2023,1,3,1,4,28,後期高齢者医療特別会計繰出,1075447,round,total,1
2023,1,3,1,4,29,介護保険特別会計繰出,1057818,round,total,1
2023,1,3,1,5,1,人件費,3501,round,total,1
2023,1,3,1,5,2,国民年金事務費,6591,round,total,1
2023,1,3,1,6,1,地域・地区センター費,2904,round,org_subtotal,2
2023,1,3,1,6,2,地域センター運営協議会助成,68167,round,total,1
2023,1,3,1,7,1,一般事務費,34,round,total,1
2023,1,3,1,7,2,居住支援協議会関係費,551,round,total,1
2023,1,3,1,7,3,重度身体障がい者（児）住宅設備改善費給付,180,round,total,1
2023,1,3,1,7,4,高齢者自立支援住宅改修事業,5943,floor,total,1
2023,1,3,1,7,5,シルバーピア,4498,floor,org_subtotal,2
2023,1,3,1,7,6,住宅等耐震化促進関係費,14938,round,total,1
2023,1,3,1,7,7,空家等対策関係費,259,round,total,1
2023,1,3,1,7,8,都営住宅募集事務,12,round,total,1
2023,1,3,1,7,9,マンション適正管理促進関係費,35,round,total,1
2023,1,3,1,7,10,近居等促進関係費,363,round,total,1
2023,1,3,1,8,1,一般事務費,471,round,org_subtotal,2
2023,1,3,1,8,2,精神保健福祉事業,787,round,total,1
2023,1,3,1,8,3,重度訪問介護利用者大学等修学支援事業,1843,round,total,1
2023,1,3,1,8,4,施設サービス費,836854,round,total,1
2023,1,3,1,8,5,居宅介護（ホームヘルプ）,195695,round,total,1
2023,1,3,1,8,6,短期入所（ショートステイ）,25242,round,total,1
2023,1,3,1,8,7,地域生活援助,297542,ceil,total,1
2023,1,3,1,8,8,サービス利用計画,35228,round,total,1
2023,1,3,1,8,9,高額障がい者福祉サービス費,38,round,total,1
2023,1,3,1,8,10,自立支援医療給付費（更生医療）,96398,round,total,1
2023,1,3,1,8,11,自立支援医療給付費（育成医療）,3,ceil,total,1
2023,1,3,1,8,12,補装具費支給事業,10812,round,total,1
2023,1,3,1,8,13,精神障がい者地域生活支援事業,7840,round,total,1
2023,1,3,1,8,14,意思疎通支援事業,1747,round,total,1
2023,1,3,1,8,15,日常生活用具費給付事業,19849,round,total,1
2023,1,3,1,8,16,移動支援費支給事業,22280,round,total,1
2023,1,3,1,8,17,地域活動支援センター事業,28720,round,total,1
2023,1,3,1,8,18,日中一時支援費支給事業,2743,round,total,1
2023,1,3,1,8,19,障がい者訪問入浴サービス,1644,round,total,1
2023,1,3,1,8,22,自動車運転免許取得,164,floor,total,1
2023,1,3,1,8,24,重症心身障がい者（児）通所事業,5634,round,total,1
2023,1,3,1,8,25,重度障がい者通所施設支援事業,1500,round,total,1
2023,1,3,1,8,26,障がい者日中活動系サービス推進事業,49130,round,total,1
2023,1,3,1,8,27,在宅レスパイト・就労等支援事業,367,round,total,1
2023,1,3,1,8,28,障がい福祉サービス事業者等支援事業,600,round,total,1
2023,1,3,2,1,1,人件費,216552,round,total,1
2023,1,3,2,1,2,一般事務費,22215,floor,org_subtotal,2
2023,1,3,2,1,3,障がい児支援事業,397873,round,org_subtotal,2
2023,1,3,2,1,4,障がい児通所施設等支援事業,4440,round,total,1
2023,1,3,2,1,5,児童育成手当,103815,round,total,1
2023,1,3,2,1,6,児童手当,960248,round,total,1
2023,1,3,2,1,7,児童扶養手当,133414,round,total,1
2023,1,3,2,1,8,みんなで子育て事業ｵ,1566,round,total,1
2023,1,3,2,1,9,子育てサイト事業ｱ,11843,round,total,1
2023,1,3,2,1,10,子ども・若者・子育て会議関係費,9420,round,total,1
2023,1,3,2,1,11,地域課題解決型子ども議会事業ﾜｰ,3019,round,total,1
2023,1,3,2,1,12,プレーパーク,7940,round,total,1
2023,1,3,2,1,13,自主保育支援,108,round,total,1
2023,1,3,2,1,14,要保護児童対策事業,4125,round,total,1
2023,1,3,2,1,15,子育て世帯緊急対策応援事業,29590,round,total,1
2023,1,3,2,1,16,出産祝金給付事業,8649,round,total,1
2023,1,3,2,1,17,低所得の子育て世帯に対する子育て世帯生活1支援特別給付金,60777,round,total,1
2023,1,3,2,2,1,助産施設措置費,809,round,total,1
2023,1,3,2,2,2,ひとり親家庭等医療費助成,16576,round,total,1
2023,1,3,2,2,3,乳幼児医療費助成,172960,round,total,1
2023,1,3,2,2,4,義務教育就学児医療費助成,189257,round,total,1
2023,1,3,2,2,5,高校生世代医療費助成,43,round,total,1
2023,1,3,2,2,6,高校生等医療費助成,25225,round,total,1
2023,1,3,2,2,8,ひとり親家庭等生活支援事業,42543,round,total,1
2023,1,3,2,2,9,養育費受け取り支援事業,32,round,total,1
2023,1,3,2,2,10,保育所等児童運営費,3815341,round,total,1
2023,1,3,2,2,11,保育施設等利用児童保護者負担軽減,31784,round,total,1
2023,1,3,2,2,12,子ども家庭在宅サービス事業費,5238,round,total,1
2023,1,3,2,2,13,保育所等物価高騰緊急対策事業,1,round,org_subtotal,2
2023,1,3,2,3,1,子育て・教育支援複合施設関係費,18816,round,total,1
2023,1,3,2,3,2,子ども家庭支援センター事業運営費,61678,round,total,1
2023,1,3,2,4,1,人件費,568140,round,total,1
2023,1,3,2,4,2,病児・病後児保育,8464,round,total,1
2023,1,3,2,4,3,保育園維持管理費,350862,round,total,1
2023,1,3,2,6,1,児童館関係費,237809,round,total,1
2023,1,3,3,1,1,人件費,133401,round,total,1
2023,1,3,3,1,2,一般事務費,51622,round,total,1
2023,1,3,3,2,1,生活保護費,2306546,round,total,1
2023,1,4,1,1,1,人件費,103200,round,total,1
2023,1,4,1,1,2,一般事務費,14163,round,total,1
2023,1,4,1,1,3,あいとぴあセンター管理運営費,84049,round,total,1
2023,1,4,1,1,4,健康づくり推進協議会関係費,3970,round,total,1
2023,1,4,1,1,5,健康診査,68587,round,total,1
2023,1,4,1,1,6,がん検診,71591,round,total,1
2023,1,4,1,1,7,健康教育,1598,round,total,1
2023,1,4,1,1,8,母子保健事業関係費,180056,round,total,1
2023,1,4,1,1,9,使用済み注射針回収事業補助,400,round,total,1
2023,1,4,1,1,10,食育推進事業,535,ceil,total,1
2023,1,4,1,1,11,養育医療,4326,round,total,1
2023,1,4,1,1,12,災害医療コーディネーター関係費ｨ,1399,round,total,1
2023,1,4,1,1,13,健康ポイント関係費,710,round,total,1
2023,1,4,1,1,14,専用水道事務等事務委託費,1089,round,total,1
2023,1,4,1,1,15,自殺対策関係費,72,round,total,1
2023,1,4,1,1,16,新型コロナウイルス感染症自宅療養者医療支援事業,72,round,total,1
2023,1,4,1,2,1,予防接種,261565,round,total,1
2023,1,4,1,2,2,結核検診,4,round,total,1
2023,1,4,1,2,4,休日診療所等関係費,43174,round,total,1
2023,1,4,1,2,5,健康増進,7244,round,total,1
2023,1,4,1,2,6,狂犬病予防,893,ceil,total,1
2023,1,4,1,2,7,小児初期救急平日準夜間診療事業,2568,round,total,1
2023,1,4,1,2,8,飼い主のいない猫の不妊去勢手術費助成事業,40,round,total,1
2023,1,4,1,2,9,新型コロナ予防接種,155262,round,total,1
2023,1,4,1,3,1,環境美化推進事業,4545,round,total,1
2023,1,4,1,4,1,人件費,36101,round,total,1
2023,1,4,1,4,2,公害対策費,2144,round,total,1
2023,1,4,1,4,3,環境学習,728,round,total,1
2023,1,4,1,4,4,環境保全実施計画推進,4081,round,total,1
2023,1,4,1,4,5,地球温暖化対策関連事業,15433,round,total,1
2023,1,4,1,4,6,環境基本計画関係費,5768,round,total,1
2023,1,4,1,5,1,人件費,76644,round,total,1
2023,1,4,1,5,2,一般事務費,906,round,total,1
2023,1,4,1,5,3,自然保護費,11713,round,total,1
2023,1,4,1,5,4,緑化推進,1315,round,total,1
2023,1,4,1,5,5,水辺の楽校推進,688,round,total,1
2023,1,4,1,5,6,生物多様性保全事業,2174,round,total,1
2023,1,4,2,1,1,人件費,53672,round,total,1
2023,1,4,2,1,2,一般事務費,3482,round,total,1
2023,1,4,2,1,3,清掃施設整備基金費,50164,round,total,1
2023,1,4,2,2,1,一般事務費,918,ceil,total,1
2023,1,4,2,2,2,塵芥処理費,181798,round,total,1
2023,1,4,2,2,3,不燃ごみ、資源物、粗大ごみ処理費,302274,round,total,1
2023,1,4,2,2,4,プラスチック類ごみ処理関係費,232022,round,total,1
2023,1,4,2,2,5,使用済小型家電リサイクル関係費,2834,round,total,1
2023,1,4,2,2,6,ごみ減量対策費,105252,round,total,1
2023,1,4,2,2,7,組合維持管理費,497366,round,total,1
2023,1,4,2,3,1,し尿処理費,3564,round,total,1
2023,1,4,2,3,2,多摩川衛生組合維持管理費,4338,round,total,1
2023,1,4,2,4,1,リサイクルセンター維持管理費,35528,floor,total,1
2023,1,4,2,4,2,リサイクルセンター事業費,55436,round,total,1
2023,1,4,2,4,3,ストックヤード維持管理費,121,round,total,1
2023,1,5,2,1,1,勤労者互助会関係費,3224,round,total,1
2023,1,6,1,1,1,農業委員会関係費,6132,round,total,1
2023,1,6,1,2,1,人件費,13571,round,total,1
2023,1,6,1,2,2,一般事務費,112,round,total,1
2023,1,6,1,3,1,一般事務費,13,round,total,1
2023,1,6,1,3,2,農業振興関係費,6460,round,total,1
2023,1,6,1,4,1,市民農園関係費,11351,round,total,1
2023,1,7,1,1,1,人件費,60032,round,total,1
2023,1,7,1,1,2,一般事務費,1973,round,total,1
2023,1,7,1,2,1,中小企業者事業資金融資あっ旋等関係費,5014,round,total,1
2023,1,7,1,2,2,商工振興補助,12463,floor,total,1
2023,1,7,1,2,3,就労・創業支援事業,11133,round,total,1
2023,1,7,1,2,4,商店街チャレンジ戦略ｲ支援事業費補助,1990,round,total,1
2023,1,7,1,2,5,中小企業者緊急対策応援事業,35661,round,total,1
2023,1,7,1,3,1,消費経済対策費,6123,round,total,1
2023,1,7,1,4,1,観光協会補助,3011,round,total,1
2023,1,7,1,4,2,全日本いかだサミット関係費,369,round,total,1
2023,1,7,1,4,3,狛江・多摩川花火大会関係費,35000,round,total,1
2023,1,8,1,1,1,人件費,153316,floor,total,1
2023,1,8,1,1,2,一般事務費,123,round,org_subtotal,3
2023,1,8,1,1,3,土地開発公社運営関係費,274,round,total,1
2023,1,8,2,2,1,道路維持費,138203,round,org_subtotal,2
2023,1,8,2,3,1,道路新設改良費,79249,round,total,1
2023,1,8,2,3,2,市道３２号線（八幡通り）整備事業,42790,round,total,1
2023,1,8,2,3,3,狛江駅周辺の快適な空間づくり事業,92551,round,total,1
2023,1,8,2,4,1,街路灯維持管理費,30890,round,total,1
2023,1,8,2,5,1,交通安全対策費,5606,round,total,1
2023,1,8,2,5,2,自転車整理関係費,17523,round,total,1
2023,1,8,2,5,3,交通安全施設整備費,10489,round,total,1
2023,1,8,3,1,1,河川維持改修費,1264,round,total,1
2023,1,8,3,1,2,河川環境整備費,698,round,total,1
2023,1,8,3,1,3,多摩川河川敷環境保全事業,10904,round,total,1
2023,1,8,3,1,4,多摩川利活用推進,6713,round,total,1
2023,1,8,4,1,1,人件費,202000,round,total,1
2023,1,8,4,1,2,一般事務費,59311,round,total,1
2023,1,8,4,1,3,都市計画審議会関係費,377,round,total,1
2023,1,8,4,1,4,協働まちづくり関係費,924,round,total,1
2023,1,8,4,1,5,地区計画関係費,19112,round,total,1
2023,1,8,4,1,6,和泉多摩川緑地都立公園化整備推進関係費,37,round,total,1
2023,1,8,4,1,7,コミュニティバス関係費,19873,round,total,1
2023,1,8,4,1,8,都市計画関係費,15828,round,total,1
2023,1,8,4,1,9,次世代交通関係費,4343,round,total,1
2023,1,8,4,1,10,都市計画事業基金費,350008,round,total,1
2023,1,8,4,3,1,調布都市計画道路３・４・１６号線整備費（電中研前）,147643,round,total,1
2023,1,8,4,3,2,調布都市計画道路３・４・１６号線整備費（岩戸北区間）,234890,ceil,total,1
2023,1,8,4,4,1,都市公園維持管理費,154925,round,total,1
2023,1,8,4,4,2,弁財天池緑地管理費,4709,round,total,1
2023,1,8,4,4,3,自主管理公園費,1342,round,total,1
2023,1,8,4,4,4,「花いっぱいエリア」事業,206,floor,org_subtotal,2
2023,1,8,4,4,5,都市計画公園整備費,3095,round,total,1
2023,1,8,4,4,6,（仮称）駒井公園整備事業,172981,floor,org_subtotal,1
2023,1,8,4,4,7,緑化基金費,26207,round,total,1
2023,1,8,4,5,1,下水道事業会計繰出,414440,round,total,1
2023,1,9,1,1,1,常備消防事務委託費,1052951,round,total,1
2023,1,9,1,2,1,分団関係費,47319,round,total,1
2023,1,9,1,2,2,消防施設維持管理費,62315,round,total,1
2023,1,9,1,3,1,消防施設整備費,902,round,total,1
2023,1,9,1,4,2,災害対策関係費,30166,floor,total,1
2023,1,9,1,4,3,国民保護関係費,533,round,total,1
2023,1,9,1,4,4,災害見舞金,110,round,total,1
2023,1,9,1,4,5,能登半島地震支援関係費,65,round,total,1
2023,1,10,1,1,1,委員会関係費,4178,round,total,1
2023,1,10,1,2,1,人件費,163748,round,total,1
2023,1,10,1,2,2,一般事務費,2050,round,org_subtotal,3
2023,1,10,1,2,3,教育広報関係費,2791,round,total,1
2023,1,10,1,2,4,奨学金支給事務,2672,round,total,1
2023,1,10,1,2,5,西和泉体育館、西和泉グランド維持管理費,3413,round,total,1
2023,1,10,1,2,6,学校安全対策費,9277,round,total,1
2023,1,10,1,2,7,教職員給与支給事務,64,round,total,1
2023,1,10,1,2,8,コミュニティ・スクール,2610,round,total,1
2023,1,10,1,3,1,就学事務費,2413,round,org_subtotal,2
2023,1,10,1,3,2,就学相談関係費,8606,round,total,1
2023,1,10,1,3,3,特別支援教育支援員,5181,ceil,total,1
2023,1,10,1,3,4,指導一般事務費,407,round,org_subtotal,2
2023,1,10,1,3,5,教育相談関係費,21039,round,total,1
2023,1,10,1,3,6,不登校対策支援,27958,round,total,1
2023,1,10,1,3,7,特別支援教育推進,104,round,org_subtotal,2
2023,1,10,1,3,8,プール指導員配置,21,round,org_subtotal,1
2023,1,10,1,3,9,学校と家庭の連携推進,3194,round,total,1
2023,1,10,1,3,10,教職員福利厚生費,7757,round,total,1
2023,1,10,1,3,11,教育支援センター関係費,1504,round,org_subtotal,2
2023,1,10,1,3,12,講師派遣,11605,round,total,1
2023,1,10,1,3,13,ティーチングアシスタント,602,round,total,1
2023,1,10,1,3,14,教育研究推進,3658,round,total,1
2023,1,10,1,3,15,地域交流推進,563,round,total,1
2023,1,10,1,3,16,副読本関係費,452,round,total,1
2023,1,10,1,3,17,連合行事・音楽鑑賞関係費,3125,round,total,1
2023,1,10,1,3,18,児童・生徒健全育成,496,round,total,1
2023,1,10,1,3,19,国際理解教育促進,15812,round,total,1
2023,1,10,1,3,20,情報教育推進費,229763,round,total,1
2023,1,10,1,3,21,学力向上推進,773,round,total,1
2023,1,10,1,3,22,指導事業,374,round,total,1
2023,1,10,1,3,23,児童・生徒の実態把握Wに係る調査,7114,round,total,1
2023,1,10,1,3,24,小中連携の更なる推進,43,round,total,1
2023,1,10,1,3,25,学校運営改善・発展のための事業,350,round,total,1
2023,1,10,1,3,26,オリンピック・パラリンピックｱｽ教育推進,5500,round,total,1
2023,1,10,1,3,27,いじめ問題等対策推進,18,round,total,1
2023,1,10,1,3,28,主権者教育推進,240,round,total,1
2023,1,10,1,3,29,授業改善推進拠点校事業,355,round,total,1
2023,1,10,1,3,30,社会の力活用事業,772,round,total,1
2023,1,10,1,3,33,教科書採択関係費,9,round,total,1
2023,1,10,1,3,34,医療的ケア児支援事業,3267,round,total,1
2023,1,10,2,1,1,学校維持管理費,267971,round,total,1
2023,1,10,2,1,2,学校管理用備品整備,5004,round,total,1
2023,1,10,2,2,1,教育振興費,27808,round,total,1
2023,1,10,2,2,2,就学援助,17182,floor,total,1
2023,1,10,2,2,3,理科教育等設備整備費,1575,round,total,1
2023,1,10,2,2,4,図書整備,18806,round,total,1
2023,1,10,2,2,5,遠足・集団宿泊的行事,10171,round,total,1
2023,1,10,2,3,1,特別支援教育就学奨励費,1699,round,total,1
2023,1,10,2,3,2,特別支援学級維持管理費,23968,round,total,1
2023,1,10,2,3,3,特別支援教室関係費,3394,floor,total,1
2023,1,10,2,4,1,学校保健衛生費,6262,round,total,1
2023,1,10,2,4,2,学校医報償,17004,round,total,1
2023,1,10,2,4,3,検診事業,5960,ceil,total,1
2023,1,10,2,4,4,災害共済掛金,4650,round,total,1
2023,1,10,2,5,1,人件費,26619,round,total,1
2023,1,10,2,5,2,学校給食費,446735,ceil,total,1
2023,1,10,2,6,1,既存施設改修工事,252885,round,total,1
2023,1,10,3,1,1,人件費,23896,round,total,1
2023,1,10,3,1,2,学校維持管理費,133089,round,total,1
2023,1,10,3,1,3,学校管理用備品整備,3442,round,total,1
2023,1,10,3,2,1,教育振興費,18241,round,total,1
2023,1,10,3,2,2,就学援助,15604,round,total,1
2023,1,10,3,2,3,理科教育等設備整備費,2653,round,total,1
2023,1,10,3,2,4,図書整備,12790,round,total,1
2023,1,10,3,2,5,部活動助成,10906,round,total,1
2023,1,10,3,2,6,旅行・集団宿泊的行事,10324,round,total,1
2023,1,10,3,3,1,特別支援教育就学奨励費,848,round,total,1
2023,1,10,3,3,2,特別支援学級維持管理費,11947,round,total,1
2023,1,10,3,3,3,特別支援教室関係費,316,round,total,1
2023,1,10,3,4,1,学校保健衛生費,2958,round,total,1
2023,1,10,3,4,2,学校医報償,10723,round,total,1
2023,1,10,3,4,3,検診事業,3571,round,total,1
2023,1,10,3,4,4,災害共済掛金,1650,round,total,1
2023,1,10,3,5,1,人件費,26828,round,total,1
2023,1,10,3,5,2,給食センター管理運営費,41509,round,total,1
2023,1,10,3,5,3,中学校給食費,184888,ceil,total,1
2023,1,10,3,6,1,既存施設改修工事,491360,round,total,1
2023,1,10,4,1,1,私立幼稚園協会等補助,31391,round,total,1
2023,1,10,4,1,2,私立幼稚園等園児保護者負担軽減,12360,ceil,total,1
2023,1,10,4,1,3,私立認定こども園等運営費,49320,round,total,1
2023,1,10,4,1,4,子育てのための施設等利用給付,281716,round,total,1
2023,1,10,5,1,1,人件費,203688,round,total,1
2023,1,10,5,1,2,一般事務費,784,round,total,1
2023,1,10,5,1,3,放課後子ども教室事業,26952,round,total,1
2023,1,10,5,1,4,社会教育委員関係費,475,ceil,total,1
2023,1,10,5,1,5,学校開放,6532,round,total,1
2023,1,10,5,1,6,こどもかけこみ１１０番,344,round,total,1
2023,1,10,5,1,7,文化財専門委員関係費,120,round,total,1
2023,1,10,5,1,8,文化財保護関係費,5963,round,total,1
2023,1,10,5,1,9,埋蔵文化財保護関係費,7565,round,total,1
2023,1,10,5,1,10,古民家園管理運営費,13596,round,total,1
2023,1,10,5,1,11,文化財保存事業費補助,300,round,total,1
2023,1,10,5,1,12,地域学校協働活動推進事業,3190,round,total,1
2023,1,10,5,1,13,歴史公園維持管理費,2799,round,total,1
2023,1,10,5,1,14,歴史資料整理管理費,4889,round,total,1
2023,1,10,5,2,1,市民センター管理費,34842,round,org_subtotal,2
2023,1,10,5,3,1,西河原公民館管理費,54291,floor,total,1
2023,1,10,5,3,2,公民館運営費,28337,round,total,1
2023,1,10,5,3,3,子ども・若者事業,1663,round,total,1
2023,1,10,5,3,4,チャレンジ学級,634,round,total,1
2023,1,10,5,3,5,成人学習事業,300,round,total,1
2023,1,10,5,3,6,子育てセミナー,762,round,total,1
2023,1,10,5,3,7,学習グループ保育,752,round,total,1
2023,1,10,5,3,8,日本語教室事業,515,floor,total,1
2023,1,10,5,3,9,市民劇場,626,round,total,1
2023,1,10,5,3,10,公民館交流事業,351,round,total,1
2023,1,10,5,3,11,図書室,9268,round,total,1
2023,1,10,5,3,12,こまえ市民大学,1421,round,total,1
2023,1,10,5,3,13,情報学習事業,1248,round,total,1
2023,1,10,5,3,14,居場所事業,393,round,total,1
2023,1,10,5,4,1,中央図書館運営費,72330,round,total,1
2023,1,10,5,4,2,図書館協議会委員関係費,349,round,total,1
2023,1,10,5,4,3,子ども読書活動推進事業,493,round,total,1
2023,1,10,5,4,4,子ども読書啓発事業ﾌ,2521,round,total,1
2023,1,10,5,4,5,利用支援サービス事業,426,round,total,1
2023,1,10,5,4,6,図書館ボランティアﾎ関係費,107,round,total,1
2023,1,10,5,4,7,新図書館整備関係費,21750,round,total,1
2023,1,10,5,5,1,市民ホール関係費,144980,round,total,1
2023,1,10,6,1,1,一般事務費,421,ceil,total,1
2023,1,10,6,1,2,スポーツ推進委員関係費,3202,round,total,1
2023,1,10,6,1,3,ジュニアスポーツ振興,2454,round,total,1
2023,1,10,6,1,4,市民スポーツ大会関係費市,2610,round,total,1
2023,1,10,6,1,5,スポーツ推進審議会関係費,129,round,total,1
2023,1,10,6,1,6,市民スポーツ振興費,11934,round,total,1
2023,1,10,6,2,1,体育施設維持管理費,7600,round,org_subtotal,2
2023,1,10,6,2,2,体育施設指定管理業務費,115642,round,total,1
2023,1,11,1,1,1,長期債償還元金,1498148,round,total,1
2023,1,11,1,2,1,長期債、一時借入金償還利子,57258,ceil,total,1
2023,1,12,1,1,1,財政調整基金費,279203,round,total,1
2023,1,12,1,2,1,減債基金費,84411,round,total,1
