130001	東京都議会	asp.db-search.com	http://asp.db-search.com/tokyo/
131016	千代田区	asp.db-search.com	http://asp.db-search.com/chiyoda/dsweb.cgi/
131024	中央区	www.kugikai.city.chuo.lg.jp	http://www.kugikai.city.chuo.lg.jp/kaigiroku/index.html
131032	港区	asp.db-search.com	http://asp.db-search.com/minatokugikai/dsweb.cgi/
131041	新宿区	www.kaigiroku.net	http://www.kaigiroku.net/kensaku/shinjuku/shinjuku.html
131059	文京区	www.db-search.com	http://www.db-search.com/bunkyo/index.php/
131067	台東区	taito.gijiroku.com	http://taito.gijiroku.com/voices/index.asp
131075	墨田区	www.kaigiroku.net	http://www.kaigiroku.net/kensaku/sumida/sumida.html
131083	江東区	asp.db-search.com	http://asp.db-search.com/koto/
131091	品川区	asp.db-search.com	http://asp.db-search.com/shinagawa/dsweb.cgi/
131105	目黒区	www.kensakusystem.jp	http://www.kensakusystem.jp/meguro/sapphire.html
131113	大田区	www.gikai-ota-tokyo.jp	http://www.gikai-ota-tokyo.jp/ota/index2.html
131121	世田谷区	kugi.city.setagaya.tokyo.jp	http://kugi.city.setagaya.tokyo.jp/voices/
131130	渋谷区	www.kaigiroku.net	http://www.kaigiroku.net/kensaku/shibuya/shibuya.html
131148	中野区	kugikai-nakano.jp	http://kugikai-nakano.jp/search_itiran.html
131156	杉並区	suginami.gijiroku.com	http://suginami.gijiroku.com/voices/index.asp
131164	豊島区	www.kensakusystem.jp	http://www.kensakusystem.jp/toshima/
131172	北区	www.kaigiroku.net	http://www.kaigiroku.net/kensaku/kita/kita.html
131181	荒川区	www.kaigiroku.net	http://www.kaigiroku.net/arakawa/arakawa.html,https://www.city.arakawa.tokyo.jp/kugikai/cgi/kensaku/wwwsrch/wwwsrch.htm
131199	板橋区	asp.db-search.com	http://asp.db-search.com/itabashi/
131202	練馬区	www.kaigiroku.net	http://www.kaigiroku.net/kensaku/cgi-bin/WWWframeBase.exe?A=frameBase_etu&USR=tokners&PWD=&L=1&S=31&Y=
131211	足立区	gijiroku.gikai-adachi.jp	http://gijiroku.gikai-adachi.jp/voices/index.asp
131229	葛飾区	www.kensakusystem.jp	http://www.kensakusystem.jp/katsushika/sapphire.html
131237	江戸川区	www.gikai.city.edogawa.tokyo.jp	http://www.gikai.city.edogawa.tokyo.jp/voices/g08v_search.asp
132012	八王子市	asp.db-search.com	http://asp.db-search.com/hachioji-c/dsweb.cgi/
132021	立川市	www.kaigiroku.net	http://www.kaigiroku.net/kensaku/cgi-bin/WWWframeBase.exe?A=frameBase2&USR=toktacs&PWD=&L=1&S=31
132039	武蔵野市	asp.db-search.com	http://asp.db-search.com/musashino-c/
132047	三鷹市	asp.db-search.com	http://asp.db-search.com/mitaka-c/dsweb.cgi/?Template=Perusal
132055	青梅市	www.kaigiroku.net	http://www.kaigiroku.net/kensaku/ome/ome.html
132063	府中市	asp.db-search.com	http://asp.db-search.com/fuchu-c/
132071	昭島市	ssp.kaigiroku.net	http://ssp.kaigiroku.net/tenant/akishima/pg/index.html
132080	調布市	chofucity.gijiroku.com	http://chofucity.gijiroku.com/voices/index2.html
132098	町田市	www.gikai-machida.jp	http://www.gikai-machida.jp/voices/g08v_search.asp
132101	小金井市	asp.db-search.com	http://asp.db-search.com/koganei-c/
132110	小平市	www.kaigiroku.net	http://www.kaigiroku.net/kensaku/kodaira/kodaira.html
132128	日野市	asp.db-search.com	http://asp.db-search.com/hino-c/
132136	東村山市	www.city.higashimurayama.tokyo.jp	http://www.city.higashimurayama.tokyo.jp/gikai/gikaijoho/kensaku/
132144	国分寺市	asp.db-search.com	http://asp.db-search.com/kokubunji-c/
132152	国立市	asp.db-search.com	http://asp.db-search.com/kunitachi-c/
132187	福生市	asp.db-search.com	http://asp.db-search.com/fussa-c/
132195	狛江市	asp.db-search.com	http://asp.db-search.com/komae-c/
132209	東大和市	www.city.higashiyamato.lg.jp	https://www.city.higashiyamato.lg.jp/index.cfm/36,0,381,661,html
132217	清瀬市	www.kaigiroku.net	http://www.kaigiroku.net/kensaku/kiyose/kiyose.html
132225	東久留米市	asp.db-search.com	http://asp.db-search.com/higashikurume-c/
132233	武蔵村山市	www.kaigiroku.net	http://www.kaigiroku.net/kensaku/musashimurayama/musashimurayama.html
132241	多摩市	asp.db-search.com	http://asp.db-search.com/tama-c/
132250	稲城市	asp.db-search.com	http://asp.db-search.com/inagi-c/
132276	羽村市	asp.db-search.com	http://asp.db-search.com/hamura-c/
132284	あきる野市	asp.db-search.com	http://asp.db-search.com/akiruno-c/
132292	西東京市	asp.db-search.com	http://asp.db-search.com/nishitokyo-c/dsweb.cgi/
133035	瑞穂町	www.kaigiroku.net	http://www.kaigiroku.net/kensaku/mizuho/mizuho.html
133051	日の出町	www.db-search.com	http://www.db-search.com/hinode-t/index.php/
133078	檜原村	www.vill.hinohara.tokyo.jp	http://www.vill.hinohara.tokyo.jp/gikai/07_gikaidayori.html
133086	奥多摩町	www.town.okutama.tokyo.jp	http://www.town.okutama.tokyo.jp/gyose/gikai/kaigiroku.html
133612	大島町		
133621	利島村	www.toshimamura.org	http://www.toshimamura.org/about/assembly
133639	新島村		
133647	神津島村	vill.kouzushima.tokyo.jp	http://vill.kouzushima.tokyo.jp/mt/mt-search.cgi?search=%E8%AD%B0%E4%BC%9A&IncludeBlogs=3&limit=20
133817	三宅村	www.miyakemura.com	http://www.miyakemura.com/content/list/gikai.html
133825	御蔵島村	www.mikurasima.jp	http://www.mikurasima.jp/section/gyosei/gikai.html
134015	八丈町	www.town.hachijo.tokyo.jp	http://www.town.hachijo.tokyo.jp/kakuka/gikai/gikaidayori.html,http://www.town.hachijo.tokyo.jp/kakuka/gikai/movie.html
134023	青ヶ島村		
134210	小笠原村	www.vill.ogasawara.tokyo.jp	http://www.vill.ogasawara.tokyo.jp/gikai_kaigiroku/
