jurisdiction_code,setsu_label,expenditure_setsu_id,basis
132047,報酬,setsu-01,三鷹市の原典が印字する節名称を法定区分へ対応づけた風土記の判断
132047,給料,setsu-02,三鷹市の原典が印字する節名称を法定区分へ対応づけた風土記の判断
132047,職員手当等,setsu-03,三鷹市の原典が印字する節名称を法定区分へ対応づけた風土記の判断
132047,共済費,setsu-04,三鷹市の原典が印字する節名称を法定区分へ対応づけた風土記の判断
132047,災害補償費,setsu-05,三鷹市の原典が印字する節名称を法定区分へ対応づけた風土記の判断
132047,報償費,setsu-07,三鷹市の原典が印字する節名称を法定区分へ対応づけた風土記の判断
132047,旅費,setsu-08,三鷹市の原典が印字する節名称を法定区分へ対応づけた風土記の判断
132047,交際費,setsu-09,三鷹市の原典が印字する節名称を法定区分へ対応づけた風土記の判断
132047,需用費,setsu-10,三鷹市の原典が印字する節名称を法定区分へ対応づけた風土記の判断
132047,役務費,setsu-11,三鷹市の原典が印字する節名称を法定区分へ対応づけた風土記の判断
132047,委託料,setsu-12,三鷹市の原典が印字する節名称を法定区分へ対応づけた風土記の判断
132047,使用料及び賃借料,setsu-13,三鷹市の原典が印字する節名称を法定区分へ対応づけた風土記の判断
132047,工事請負費,setsu-14,三鷹市の原典が印字する節名称を法定区分へ対応づけた風土記の判断
132047,原材料費,setsu-15,三鷹市の原典が印字する節名称を法定区分へ対応づけた風土記の判断
132047,公有財産購入費,setsu-16,三鷹市の原典が印字する節名称を法定区分へ対応づけた風土記の判断
132047,備品購入費,setsu-17,三鷹市の原典が印字する節名称を法定区分へ対応づけた風土記の判断
132047,負担金補助及び交付金,setsu-18,三鷹市の原典が印字する節名称を法定区分へ対応づけた風土記の判断
132047,扶助費,setsu-19,三鷹市の原典が印字する節名称を法定区分へ対応づけた風土記の判断
132047,補償補填及び賠償金,setsu-21,三鷹市の原典が印字する節名称を法定区分へ対応づけた風土記の判断
132047,償還金利子及び割引料,setsu-22,三鷹市の原典が印字する節名称を法定区分へ対応づけた風土記の判断
132047,積立金,setsu-24,三鷹市の原典が印字する節名称を法定区分へ対応づけた風土記の判断
132047,公課費,setsu-26,三鷹市の原典が印字する節名称を法定区分へ対応づけた風土記の判断
132047,繰出金,setsu-27,三鷹市の原典が印字する節名称を法定区分へ対応づけた風土記の判断
132047,予備費,setsu-28,三鷹市の原典が印字する節名称を法定区分へ対応づけた風土記の判断
132071,報酬,setsu-01,昭島市の原典が印字する節名称を法定区分へ対応づけた風土記の判断
132071,給料,setsu-02,昭島市の原典が印字する節名称を法定区分へ対応づけた風土記の判断
132071,職員手当等,setsu-03,昭島市の原典が印字する節名称を法定区分へ対応づけた風土記の判断
132071,共済費,setsu-04,昭島市の原典が印字する節名称を法定区分へ対応づけた風土記の判断
132071,災害補償費,setsu-05,昭島市の原典が印字する節名称を法定区分へ対応づけた風土記の判断
132071,報償費,setsu-07,昭島市の原典が印字する節名称を法定区分へ対応づけた風土記の判断
132071,旅費,setsu-08,昭島市の原典が印字する節名称を法定区分へ対応づけた風土記の判断
132071,交際費,setsu-09,昭島市の原典が印字する節名称を法定区分へ対応づけた風土記の判断
132071,需用費,setsu-10,昭島市の原典が印字する節名称を法定区分へ対応づけた風土記の判断
132071,役務費,setsu-11,昭島市の原典が印字する節名称を法定区分へ対応づけた風土記の判断
132071,委託料,setsu-12,昭島市の原典が印字する節名称を法定区分へ対応づけた風土記の判断
132071,使用料及び賃借料,setsu-13,昭島市の原典が印字する節名称を法定区分へ対応づけた風土記の判断
132071,工事請負費,setsu-14,昭島市の原典が印字する節名称を法定区分へ対応づけた風土記の判断
132071,原材料費,setsu-15,昭島市の原典が印字する節名称を法定区分へ対応づけた風土記の判断
132071,備品購入費,setsu-17,昭島市の原典が印字する節名称を法定区分へ対応づけた風土記の判断
132071,負担金、補助及び交付金,setsu-18,昭島市の原典が印字する節名称を法定区分へ対応づけた風土記の判断
132071,扶助費,setsu-19,昭島市の原典が印字する節名称を法定区分へ対応づけた風土記の判断
132071,補償、補てん及び賠償金,setsu-21,昭島市の原典が印字する節名称を法定区分へ対応づけた風土記の判断
132071,償還金、利子及び割引料,setsu-22,昭島市の原典が印字する節名称を法定区分へ対応づけた風土記の判断
132071,積立金,setsu-24,昭島市の原典が印字する節名称を法定区分へ対応づけた風土記の判断
132071,公課費,setsu-26,昭島市の原典が印字する節名称を法定区分へ対応づけた風土記の判断
132071,繰出金,setsu-27,昭島市の原典が印字する節名称を法定区分へ対応づけた風土記の判断
132241,報酬,setsu-01,多摩市の原典が印字する節名称を法定区分へ対応づけた風土記の判断
132241,給料,setsu-02,多摩市の原典が印字する節名称を法定区分へ対応づけた風土記の判断
132241,職員手当等,setsu-03,多摩市の原典が印字する節名称を法定区分へ対応づけた風土記の判断
132241,共済費,setsu-04,多摩市の原典が印字する節名称を法定区分へ対応づけた風土記の判断
132241,災害補償費,setsu-05,多摩市の原典が印字する節名称を法定区分へ対応づけた風土記の判断
132241,報償費,setsu-07,多摩市の原典が印字する節名称を法定区分へ対応づけた風土記の判断
132241,旅費,setsu-08,多摩市の原典が印字する節名称を法定区分へ対応づけた風土記の判断
132241,交際費,setsu-09,多摩市の原典が印字する節名称を法定区分へ対応づけた風土記の判断
132241,需用費,setsu-10,多摩市の原典が印字する節名称を法定区分へ対応づけた風土記の判断
132241,役務費,setsu-11,多摩市の原典が印字する節名称を法定区分へ対応づけた風土記の判断
132241,委託料,setsu-12,多摩市の原典が印字する節名称を法定区分へ対応づけた風土記の判断
132241,使用料及び賃借料,setsu-13,多摩市の原典が印字する節名称を法定区分へ対応づけた風土記の判断
132241,工事請負費,setsu-14,多摩市の原典が印字する節名称を法定区分へ対応づけた風土記の判断
132241,原材料費,setsu-15,多摩市の原典が印字する節名称を法定区分へ対応づけた風土記の判断
132241,公有財産購入費,setsu-16,多摩市の原典が印字する節名称を法定区分へ対応づけた風土記の判断
132241,備品購入費,setsu-17,多摩市の原典が印字する節名称を法定区分へ対応づけた風土記の判断
132241,負担金・補助及び交付金,setsu-18,多摩市の原典が印字する節名称を法定区分へ対応づけた風土記の判断
132241,扶助費,setsu-19,多摩市の原典が印字する節名称を法定区分へ対応づけた風土記の判断
132241,貸付金,setsu-20,多摩市の原典が印字する節名称を法定区分へ対応づけた風土記の判断
132241,補償補填及び賠償金,setsu-21,多摩市の原典が印字する節名称を法定区分へ対応づけた風土記の判断
132241,償還金・利子及び割引料,setsu-22,多摩市の原典が印字する節名称を法定区分へ対応づけた風土記の判断
132241,積立金,setsu-24,多摩市の原典が印字する節名称を法定区分へ対応づけた風土記の判断
132241,公課費,setsu-26,多摩市の原典が印字する節名称を法定区分へ対応づけた風土記の判断
132241,繰出金,setsu-27,多摩市の原典が印字する節名称を法定区分へ対応づけた風土記の判断
132241,予備費,setsu-28,多摩市の原典が印字する節名称を法定区分へ対応づけた風土記の判断
