jurisdiction_code,fund_label,canonical_fund,account_class,sector,basis
131016,一般会計,一般会計,一般会計,futsu-kaikei,一般会計は帳簿上の会計であり普通会計の構成要素
132047,一般会計,一般会計,一般会計,futsu-kaikei,一般会計は帳簿上の会計であり普通会計の構成要素
132047,国民健康保険事業特別会計,国民健康保険,特別会計,koei-jigyo-kaikei,国民健康保険の事業会計。地方財政状況調査では公営事業会計（社会保険系）として52表・53表に調査され普通会計には含めない
132047,介護保険事業特別会計,介護保険,特別会計,koei-jigyo-kaikei,介護保険法3条2項の法定特別会計。地方財政状況調査では63表（保険事業勘定）に調査され普通会計には含めない
132047,介護サービス事業特別会計,介護サービス事業,特別会計,koei-jigyo-kaikei,介護保険の介護予防・日常生活支援総合事業を担う特別会計。地方財政状況調査では64表（介護サービス事業勘定）として介護保険とは別勘定に調査される
132047,後期高齢者医療特別会計,後期高齢者医療,特別会計,koei-jigyo-kaikei,高齢者の医療の確保に関する法律の制度を担う特別会計。地方財政状況調査では94表（市町村）に調査され普通会計には含めない
132071,一般会計,一般会計,一般会計,futsu-kaikei,一般会計は帳簿上の会計であり普通会計の構成要素
132195,一般会計,一般会計,一般会計,futsu-kaikei,一般会計は帳簿上の会計であり普通会計の構成要素
132195,国民健康保険特別会計,国民健康保険,特別会計,koei-jigyo-kaikei,国民健康保険の事業会計。地方財政状況調査では公営事業会計（社会保険系）として52表に調査され普通会計には含めない
132195,介護保険特別会計,介護保険,特別会計,koei-jigyo-kaikei,介護保険法3条2項の法定特別会計。地方財政状況調査では63表に調査され普通会計には含めない
132195,後期高齢者医療特別会計,後期高齢者医療,特別会計,koei-jigyo-kaikei,高齢者の医療の確保に関する法律の制度を担う特別会計。地方財政状況調査では94表に調査され普通会計には含めない
132195,駐車場事業特別会計,駐車場事業,特別会計,koei-jigyo-kaikei,収益事業会計（公営事業会計）と読む。狛江市のカード歳出総額に一般会計の額がほぼ一致し駐車場会計を足すと開くことで裏づけた（名称ではなく事業の実態による判断）
132195,公共下水道特別会計,下水道事業,特別会計,koei-jigyo-kaikei,収益事業会計（公営事業会計）と読む。収録は2018〜2019年度のみで2020年度から公営企業会計へ移行し原典から消える（jurisdictions/132195.md）
132241,一般会計,一般会計,一般会計,futsu-kaikei,一般会計は帳簿上の会計であり普通会計の構成要素
