jurisdiction_code,fiscal_year,scope,direction,kan_label,klass,note
132195,2023,futsu-kaikei,expenditure,議会費,survey-reclass,"帳簿310,689千円に対し調査票は312,862千円。調査票記入時の目的別振替差"
132195,2023,futsu-kaikei,expenditure,総務費,survey-reclass,"帳簿3,820,702千円に対し調査票は3,360,206千円。調査票記入時の目的別振替差"
132195,2023,futsu-kaikei,expenditure,民生費,survey-reclass,"帳簿17,933,291千円に対し調査票は18,484,193千円。繰出金は款3に含まれるが調査票側で目的別に振り替えられている可能性"
132195,2023,futsu-kaikei,expenditure,衛生費,survey-reclass,"帳簿2,697,577千円に対し調査票は2,654,814千円。調査票記入時の目的別振替差"
132195,2023,futsu-kaikei,expenditure,労働費,survey-reclass,"帳簿3,224千円に対し調査票は74,315千円（内訳ブロック37の失業対策費・労働諸費の合計）。調査票記入時の目的別振替差"
132195,2023,futsu-kaikei,expenditure,農林水産業費,survey-reclass,"帳簿37,639千円に対し調査票は36,556千円。調査票記入時の目的別振替差"
132195,2023,futsu-kaikei,expenditure,商工費,survey-reclass,"帳簿172,769千円に対し調査票は186,845千円。調査票記入時の目的別振替差"
132195,2023,futsu-kaikei,expenditure,土木費,survey-reclass,"帳簿2,443,785千円に対し調査票は2,491,037千円。調査票記入時の目的別振替差"
132195,2023,futsu-kaikei,expenditure,消防費,survey-reclass,"帳簿1,194,361千円に対し調査票は1,194,203千円。調査票記入時の目的別振替差"
132195,2023,futsu-kaikei,expenditure,教育費,survey-reclass,"帳簿3,956,684千円に対し調査票は4,084,527千円。調査票記入時の目的別振替差"
132195,2023,futsu-kaikei,expenditure,諸支出金,survey-reclass,"帳簿363,614千円に対し調査票は0（項目自体は存在）。調査票では他の款へ振り替えられている"
132195,2023,国民健康保険,expenditure,総務費,survey-reclass,"帳簿53,425千円に対し52表は180,976千円。調査票側では人件費相当を含むと推定されるが帳簿側は一般会計の人件費に含まれる"
132195,2023,介護保険,expenditure,総務費,survey-reclass,"帳簿88,702千円に対し63表は194,136千円。国保と同じく調査票側で人件費相当を含むと推定される"
132195,2023,後期高齢者医療,expenditure,総務費,survey-reclass,"帳簿50,752千円に対し94表は39,626千円。国保・介護と異なり帳簿のほうが大きい。要因は確定していない"
132195,2023,後期高齢者医療,expenditure,後期高齢者医療広域連合納付金,unresolved,"帳簿2,188,751千円に対し94表は1,355,124千円。帳簿側は一般会計繰入金を財源とする全額納付で調査票側は別の口で集計している可能性があるが未確定。会計全体の差も大きいので差分のまま残す"
132195,2023,後期高齢者医療,expenditure,保健事業費,survey-reclass,"帳簿69,492千円（委託料主体の款3）。94表に保健事業費の列は無くその他の支出に含まれると推定"
132195,2023,後期高齢者医療,expenditure,繰出金,survey-reclass,"帳簿の款4は償還金と繰出金（項2目1、一般会計への繰出14,660千円）を内包しており款レベルでは分離できない。94表の繰出金14,660千円との対応は内訳で確認済み"
132195,2023,後期高齢者医療,expenditure,その他の支出,survey-reclass,"帳簿18,231千円（款4、償還金+繰出金）に対し94表は107,113千円。保健事業費相当がこちらに含まれると推定されるが帳簿と調査票で構造が違う"
