jurisdiction_code,fiscal_year,scope,direction,kan_label,amount_thousand_yen
132195,2023,futsu-kaikei,expenditure,議会費,312862
132195,2023,futsu-kaikei,expenditure,総務費,3360206
132195,2023,futsu-kaikei,expenditure,民生費,18484193
132195,2023,futsu-kaikei,expenditure,衛生費,2654814
132195,2023,futsu-kaikei,expenditure,労働費,74315
132195,2023,futsu-kaikei,expenditure,農林水産業費,36556
132195,2023,futsu-kaikei,expenditure,商工費,186845
132195,2023,futsu-kaikei,expenditure,土木費,2491037
132195,2023,futsu-kaikei,expenditure,消防費,1194203
132195,2023,futsu-kaikei,expenditure,教育費,4084527
132195,2023,futsu-kaikei,expenditure,災害復旧費,0
132195,2023,futsu-kaikei,expenditure,公債費,1555406
132195,2023,futsu-kaikei,expenditure,諸支出金,0
132195,2023,futsu-kaikei,expenditure,前年度繰上充用金,0
132195,2023,国民健康保険,expenditure,総務費,180976
132195,2023,国民健康保険,expenditure,保険給付費,4679332
132195,2023,国民健康保険,expenditure,国民健康保険事業費納付金,2790526
132195,2023,国民健康保険,expenditure,保健事業費,114235
132195,2023,国民健康保険,expenditure,基金積立金,0
132195,2023,国民健康保険,expenditure,公債費,0
132195,2023,国民健康保険,expenditure,繰出金,0
132195,2023,国民健康保険,expenditure,前年度繰上充用金,0
132195,2023,国民健康保険,expenditure,その他の支出,119963
132195,2023,介護保険,expenditure,総務費,194136
132195,2023,介護保険,expenditure,保険給付費,6927246
132195,2023,介護保険,expenditure,地域支援事業費,193723
132195,2023,介護保険,expenditure,財政安定化基金拠出金,0
132195,2023,介護保険,expenditure,相互財政安定化事業負担金,0
132195,2023,介護保険,expenditure,基金積立金,106187
132195,2023,介護保険,expenditure,繰出金,25892
132195,2023,介護保険,expenditure,公債費,0
132195,2023,介護保険,expenditure,前年度繰上充用金,0
132195,2023,介護保険,expenditure,その他の支出,16283
132195,2023,後期高齢者医療,expenditure,総務費,39626
132195,2023,後期高齢者医療,expenditure,後期高齢者医療広域連合納付金,1355124
132195,2023,後期高齢者医療,expenditure,繰出金,14660
132195,2023,後期高齢者医療,expenditure,前年度繰上充用金,0
132195,2023,後期高齢者医療,expenditure,その他の支出,107113
