canonical_fund,direction,kan_code,kan_name,basis
国民健康保険,expenditure,1,総務費,e-Stat 地方財政状況調査 52表（国民健康保険事業会計・事業勘定）歳出 032列
国民健康保険,expenditure,2,保険給付費,52表 歳出 037列
国民健康保険,expenditure,3,国民健康保険事業費納付金,52表 歳出 043列
国民健康保険,expenditure,4,保健事業費,52表 歳出 048列
国民健康保険,expenditure,5,基金積立金,52表 歳出 049列
国民健康保険,expenditure,6,公債費,52表 歳出 050列
国民健康保険,expenditure,7,繰出金,52表 歳出 054列
国民健康保険,expenditure,8,前年度繰上充用金,52表 歳出 057列
国民健康保険,expenditure,9,その他の支出,52表 歳出 058列（償還金・還付加算金等を含む）
国民健康保険,expenditure,10,予備費,決算には現れない予算執行の制度上の款（各自治体の会計に存在）
国民健康保険,revenue,1,保険税（料）,52表 歳入 001列
国民健康保険,revenue,2,一部負担金,52表 歳入 003列
国民健康保険,revenue,3,国庫支出金,52表 歳入 005列
国民健康保険,revenue,4,都道府県支出金,52表 歳入 006列（保険給付費等交付金 007列を内包する款として使う）
国民健康保険,revenue,5,保険給付費等交付金,52表 歳入 007列（都道府県支出金の内訳が独立の款になる場合用）
国民健康保険,revenue,6,財政安定化基金交付金,52表 歳入 014列
国民健康保険,revenue,7,他会計繰入金,52表 歳入 017列（一般会計繰入金・基金繰入金を含む款として使う）
国民健康保険,revenue,8,基金繰入金,52表 歳入 023列（独立の款にする場合用）
国民健康保険,revenue,9,繰越金,52表 歳入 024列
国民健康保険,revenue,10,地方債,52表 歳入 025列
国民健康保険,revenue,11,その他の収入,52表 歳入 027列（雑入・延滞金・手数料・寄附金等を含む款として使う）
介護保険,expenditure,1,総務費,e-Stat 地方財政状況調査 63表（介護保険事業会計・保険事業勘定）歳出 031列
介護保険,expenditure,2,保険給付費,63表 歳出 032列（介護諸費等・その他の給付費・審査支払手数料を含む）
介護保険,expenditure,3,地域支援事業費,63表 歳出 038列（介護予防・日常生活支援総合事業費等を含む）
介護保険,expenditure,4,財政安定化基金拠出金,63表 歳出 036列
介護保険,expenditure,5,相互財政安定化事業負担金,63表 歳出 037列
介護保険,expenditure,6,基金積立金,63表 歳出 045列
介護保険,expenditure,7,繰出金,63表 歳出 042列
介護保険,expenditure,8,公債費,63表 歳出 046列（元利償還金・一時借入金利子を含む）
介護保険,expenditure,9,前年度繰上充用金,63表 歳出 049列
介護保険,expenditure,10,その他の支出,63表 歳出 050列（償還金・還付加算金等を含む）
介護保険,expenditure,11,予備費,決算には現れない予算執行の制度上の款
介護保険,revenue,1,保険料,63表 歳入 001列
介護保険,revenue,2,国庫支出金,63表 歳入 002列（介護給付費負担金・調整交付金・その他の補助金を含む）
介護保険,revenue,3,支払基金交付金,63表 歳入 008列（介護給付費交付金 009・地域支援事業支援交付金 010を含む）
介護保険,revenue,4,都道府県支出金,63表 歳入 011列（負担金・交付金を含む）
介護保険,revenue,5,相互財政安定化事業交付金,63表 歳入 017列
介護保険,revenue,6,他会計繰入金,63表 歳入 018列（一般会計からのもの 020を含む款として使う）
介護保険,revenue,7,基金繰入金,63表 歳入 025列
介護保険,revenue,8,繰越金,63表 歳入 026列
介護保険,revenue,9,地方債,63表 歳入 027列
介護保険,revenue,10,その他の収入,63表 歳入 029列（雑入・延滞金・手数料・寄附金等を含む款として使う）
後期高齢者医療,expenditure,1,総務費,e-Stat 地方財政状況調査 94表（後期高齢者医療事業会計・市町村）歳出 009列
後期高齢者医療,expenditure,2,後期高齢者医療広域連合納付金,94表 歳出 013列
後期高齢者医療,expenditure,3,保健事業費,自治体の会計に存在する款（94表の列には無く調査票上はその他の支出等に含まれると推定）
後期高齢者医療,expenditure,4,繰出金,94表 歳出 014列
後期高齢者医療,expenditure,5,前年度繰上充用金,94表 歳出 015列
後期高齢者医療,expenditure,6,その他の支出,94表 歳出 016列（償還金・還付加算金等を含む）
後期高齢者医療,expenditure,7,予備費,決算には現れない予算執行の制度上の款
後期高齢者医療,revenue,1,保険料,94表 歳入 001列
後期高齢者医療,revenue,2,繰入金,94表 歳入 003列（一般会計繰入金 004を含む）
後期高齢者医療,revenue,3,繰越金,94表 歳入 006列
後期高齢者医療,revenue,4,その他の収入,94表 歳入 007列（雑入・延滞金・手数料・受託事業収入等を含む款として使う）
